wallet,first_buy_time,first_buy_time_utc,first_buy_mcap_usd,n_buys_sub60k,sol_spent_sub60k,tokens_bought_sub60k
8ZatX3uYfVxH1emrDQd3erxwGsX8tdrqxH1mHiKh3GCw,1785083078,2026-07-26T16:24:38Z,2531.3316149100647,1,1.461728394,41465925.394783
Anubis512ho5t7S6LNSwoxUWdeQmX2kf3RvZ8ApHHF5w,1785083078,2026-07-26T16:24:38Z,3254.2631826325114,1,1.711727334,37770752.306904
D9gQ6RhKEpnobPBUdWY5bPQt2p3zGk3iVz6ChpUi2ArA,1785083078,2026-07-26T16:24:38Z,2207.232439401224,1,2.964654242,96449438.144093
4zQG6oUwbjRrzVCG3wMAo6xuEBXe2doupdeeekKmPYUu,1785083078,2026-07-26T16:24:38Z,2990.690420926862,1,1.451851851,34859773.819723
GMwXfLtKhgtWdLqq29pF4JbUUQA6asUeEaXtjQSB7gpN,1785083078,2026-07-26T16:24:38Z,2756.591686523546,1,1.471604938,38334739.5034
9iYFPoMEzVD8fV6r51pdhguw3VL1HKCuv4q281gXV4c3,1785083079,2026-07-26T16:24:39Z,3405.820736693592,1,0.027649427,582959.081376
852hjNqEKrz6wdRJNdghm2Js1nxewZoazaC7vrr1rMTJ,1785083084,2026-07-26T16:24:44Z,3237.3235863403606,1,1.450389422,32171568.440258
25E1W48Z1gq5uqNGuFc68vo5F3V8NdSSs1ajMopXdd8E,1785083084,2026-07-26T16:24:44Z,3511.9790640525016,1,1.727638916,35324399.028242
BJhKQNuN3Tpi5EkJ6rV5gdG5Kf1rDNWfkx4jinNmj2T1,1785083087,2026-07-26T16:24:47Z,3415.3147595232854,3,0.24444444199999998,2682779.821676
ALmjjCJmzJAZApRHSJV7eKLUboVq7wMD5fZW2zJfzz5K,1785083093,2026-07-26T16:24:53Z,2536.180938030599,1,0.217066666,6145916.051128
9yHA2HwcsHfjSLZQXPx3eJUQAnbYU3YdbfBuNxkgFQSP,1785083094,2026-07-26T16:24:54Z,3229.1660909132365,1,1.326218668,29491609.549023
DpGxaoQzvNnZsJaHWRrFXsPfiuZj6UdZ1om6eMJ3T4Cz,1785083094,2026-07-26T16:24:54Z,4025.379569616922,1,0.397109395,7083975.425099
6YZaSkJPTTEYpRHpkuqqshf8MAAgmZGRKvVVhupWE11x,1785083094,2026-07-26T16:24:54Z,3920.9991767264355,1,0.493827159,9043820.668579
9SHHN4YyEW6EJVmqt26FAdWFpMQnaoTXuo95L9QA3f6C,1785083094,2026-07-26T16:24:54Z,2626.343403695136,1,0.977777777,26733903.335625
Azxu5fAdDpko5LpHeefbCxPUeMagj6KG2edL7heBAu3n,1785083094,2026-07-26T16:24:54Z,4080.111718128911,1,0.177777777,3128809.622685
CeZbzsqje88U7GCCrAiGUr5BrZrBJ3AkQMyG9aggDiqQ,1785083094,2026-07-26T16:24:54Z,3013.9264373778,2,1.3521523069999999,30778206.89098
57stAMFvwctAjkBS76RXGoK4QKyS1QoxbGMbzFFe4DyZ,1785083094,2026-07-26T16:24:54Z,3599.603494161307,1,2.962962962,59107865.990056
9Uq8GVrvSTxGxTYBXvmGJdvbJSfNTdUFgq1HwzNW2xT8,1785083094,2026-07-26T16:24:54Z,3976.74841603485,1,0.098765431,1783407.417263
ERwFALCBpbgvxcd3Veq2hWtVvKqDK7LKwfBxyGCNBgX9,1785083094,2026-07-26T16:24:54Z,3986.9934033763466,1,0.009876542,177882.457138
42wuKdjT3h1dybTMygQshSsH57EHGseZPU9vTog4VEYm,1785083094,2026-07-26T16:24:54Z,2805.561262874974,1,1.330517913,34054514.369321
2vRhXKm7w5VMhSMHLHKA3Hb6YUneKMDxj68xTPYiwZB9,1785083095,2026-07-26T16:24:55Z,4108.438122650085,1,0.118518518,2071491.634892
F5K7wpAkG1UZEt53nu6tepNeXspFd7ZFYk162VrZ2J7E,1785083095,2026-07-26T16:24:55Z,4812.009419859206,1,0.296296296,4421539.158434
74ok3XR2RBV2XxHrGuiGVKvHTXJARbDhvTxybK4TiMBH,1785083095,2026-07-26T16:24:55Z,4394.7671252256105,1,1.29167926,21105349.152842
3Vggwn3LPougvnGa8zpYJMEN9L38tSRa45gv9odiSVF1,1785083095,2026-07-26T16:24:55Z,4000.6714555223775,1,0.074074073,1329557.302441
FhsfqVkt4mQp81LMKpbDT5jgQQsfrybyxhqwCE376inW,1785083095,2026-07-26T16:24:55Z,4651.199040610444,1,1.260779391,19464708.236905
576b6UzS3DvQRu42kezf5gsLtpyq6UEbBMahYZh7HzVo,1785083095,2026-07-26T16:24:55Z,4136.139158326483,1,1.35865246,23587774.081686
4dniuvskLMwsqB83ZVA5EmFcK5zhDZa934H3XRg4WCsc,1785083095,2026-07-26T16:24:55Z,4120.274226192157,1,0.004938271,86064.196732
2xKDETThQeNxPZAtkicq8UABrRQtyRfHTwCs57mTpFFQ,1785083096,2026-07-26T16:24:56Z,4995.248479026642,1,1.466666666,21083759.196147
6MaZ2ikXBYEJjeB4JjuWR2wX7yfJBCE3Znhww6TJH3sB,1785083097,2026-07-26T16:24:57Z,5220.510701289332,1,1.955555555,26898675.142685
EP5vZSxiDMn2iJ3yoWHjzW12avYeK8kQaTNkb9EDbVsz,1785083098,2026-07-26T16:24:58Z,5788.4390840426695,6,5.4660588720000005,45682198.696528
4MNb2YiPt6D7WHdgKLEzwqcZiQeCiD96nWncpB1jsUwv,1785083098,2026-07-26T16:24:58Z,5987.3586760325425,6,5.7072034689999995,45218628.949871
CnL6TwM9cEkRfnnmdzhySW7KZ62usfwhSnsumY3axWqn,1785083098,2026-07-26T16:24:58Z,6177.9907455395905,6,6.426737662,54114985.415364
Bj1xdck5QFew2fHV8dp3FVt45C8WRU6hH154UNYpwEP,1785083099,2026-07-26T16:24:59Z,6524.368916179283,2,0.002933332,26681.147615
EB9rURAEFFHHvcuTig6R2jfaPMzWWwmRnzeoPnigGer,1785083105,2026-07-26T16:25:05Z,5495.954081077914,1,0.976922842,12764120.359669
DRCZi1rVZVtoT3zPN6ZreCAyU6LaePpCrHRowmSKCwiW,1785083105,2026-07-26T16:25:05Z,5281.54444657559,1,0.978632714,13305540.232303
98e2YHN72vLBhhW9w8k6Rv8nYegSKP9bFGqTgJrJ84U5,1785083106,2026-07-26T16:25:06Z,5537.866124522149,1,1.114129509,14446643.191382
A8st9QNWjLcioTs5WWoE5mUhgBGUPjh9rq6TRSGumtqn,1785083106,2026-07-26T16:25:06Z,5867.562778993707,1,1.819203825,22263699.807715
BiF1EpxvBVmAtW8mJtStyuW14rTdNaS7mMgHCnVdyTcs,1785083106,2026-07-26T16:25:06Z,5388.543587891896,1,0.244444444,3257485.509002
2Y5UatxnQWGv6URdieEZxwCi2uNE2khoqRU8ZeMyZvyh,1785083106,2026-07-26T16:25:06Z,6217.438283910681,1,1.185185184,13688266.523349
BAAerD5HTir1y5nHZ7gy3n8dzpeLskNmvhCCshD1CK3B,1785083107,2026-07-26T16:25:07Z,7076.367306508722,1,1.971764888,20008682.064182
DEVA1RTJX6mAXLy9HikaDG3SPRu8mrjXnkedoivGQMvZ,1785083107,2026-07-26T16:25:07Z,7576.440264861873,1,1.939346223,18380777.048841
GqBXzbDjYviRi959rQmxVzCB7UigT3P466opp5M25H65,1785083107,2026-07-26T16:25:07Z,6591.496279378663,3,4.888888887,67008377.138110995
4Bv9Sprv71JpoXUducon6zK4ZKQrtngqfAqrb2G7MNFb,1785083110,2026-07-26T16:25:10Z,7750.41257944162,4,0.13738097,954166.5296310001
9RjpkA83GJGdxwPMPyhbyUhH13w4EzLDCVkD6wXFstsW,1785083112,2026-07-26T16:25:12Z,7772.349442830954,4,0.21511110799999997,1353243.7866439999
8SuAiRmz9gVXMMLXsrjTCfNry7qsAGHXXV4qVstpu9EY,1785083118,2026-07-26T16:25:18Z,5692.695849777848,8,4.060474162,33951583.311297
4UvPYKxeQV8qFZXpgbrLoZGDFgtmYKSR5wvUo9K3fKga,1785083118,2026-07-26T16:25:18Z,5257.849375811036,10,3.5859880349999997,31305188.646043
2x8MqmXwu5MrdJAtP5JZxTaM9VugmS7eeXgU9CrQW5xF,1785083118,2026-07-26T16:25:18Z,5485.0148574003,10,3.7300780309999997,31996988.950126
GkmAwmE1Pg7CBEwUvRQTWM8gZ5Tp6Yd77jWwkNGb4Wnm,1785083119,2026-07-26T16:25:19Z,5784.222655788892,1,0.049382715,613060.99125
5JmzK7BSzoKyXrjhTKkYGisvHEmXzwssAjunUpvk1hCs,1785083119,2026-07-26T16:25:19Z,5812.059133155643,1,0.195555555,2416094.156248
AhRrqiGvTGoNnJuwesaviHMfhBzFCdzgSQN9j8Vwbfrn,1785083120,2026-07-26T16:25:20Z,6438.438040695381,2,0.27412455700000005,2869046.344601
rQzGmujNeJhpwgU1gvJicLWoSzTEBXVHJKGg8Bhb6sU,1785083120,2026-07-26T16:25:20Z,6461.461245316054,3,0.076446964,799448.8700930001
GntwJ8SEg7RXZS5QDZsb3gzeDEtq9DfApgqhpetSJePK,1785083120,2026-07-26T16:25:20Z,6155.374805669417,2,2.803546628,30431086.270755
7cQjAvzJsmdePPMk8TiW8hYHHhCfdNtEaaNK3o46YP12,1785083120,2026-07-26T16:25:20Z,5432.241206485077,3,2.276417088,25744665.462463
A1xGP7kvUDSm5DfnbCNrDc7VZNziZnQGph4JBGT3tPHf,1785083120,2026-07-26T16:25:20Z,6384.264677045346,1,0.293333333,3299318.600107
FQTm2LutmRp4yWKpfFic1Xxgz4oEtYrFsed5xu2TR6Ji,1785083120,2026-07-26T16:25:20Z,5797.551711125024,2,2.7422585059999998,31130003.97652
TA4Dz8tpVUAErZJg7RQwwGLvgHprWEpAGNhdq7HhSzU,1785083121,2026-07-26T16:25:21Z,6494.715336392945,1,0.244444444,2702674.673642
8HjCkASq2W2U4thveYTpgqTEW9526hLAk8sMK9ihBH5Y,1785083122,2026-07-26T16:25:22Z,6583.184434186966,1,0.488888888,5332708.760529
Ak7Z5nUXctypS8d4ArHebJNCNX43gbGHYzm9Cu4Djx9Z,1785083123,2026-07-26T16:25:23Z,6648.124250065618,2,0.740740738,6162728.201861
64hP97Bwr5PubotcTeGgfhkFrGiLVVxT2kVo9M9b4AEz,1785083124,2026-07-26T16:25:24Z,6835.6285491856015,7,8.401495907000001,64996524.921666004
4Lodm2nk8y82NtDUPexvbzvMPPKyDgZ38ZzPwXFJiwvN,1785083125,2026-07-26T16:25:25Z,6808.9798148848795,5,2.2488888849999995,28679922.676434
AKYENzX6a6r3EH8svE62ZXPyUoBmGAMNzmf1eHmgRzxH,1785083127,2026-07-26T16:25:27Z,6745.574321155854,1,0.391111111,4163465.251357
9xNbwMQkTVsmhNU8PNqgDNS1Tniq3GzwHNikknc1vcxk,1785083128,2026-07-26T16:25:28Z,6577.954597412944,3,0.143733331,753756.4438479999
29zpxaxkb7FyF8RG3WjVfWCuqu4g4RSswDNqHgmtCS84,1785083130,2026-07-26T16:25:30Z,6612.6070505893595,2,0.987654318,14066312.897363
CTH937xR3V1nQABZkLaqrvaTNnnDaqvXs8C2W7dUUSLY,1785083131,2026-07-26T16:25:31Z,6792.152121584174,1,0.977777777,10337284.769789
2QQYeSvojiMxPdtvmYDGHkpQqsqJUkvFL8CvVMK66x5o,1785083132,2026-07-26T16:25:32Z,7601.934373193923,1,0.293333333,2770837.284686
ZhqQU3djMKYk5GpjK8eYLn6Uu1Eo7Muo7xknGwf2gB2,1785083133,2026-07-26T16:25:33Z,7640.869088347587,1,0.004888888,45945.295724
Fwoyopiszvzi4x89rVjL3XPBXPq3JPqy7aRoeMesBGgX,1785083140,2026-07-26T16:25:40Z,7843.940822512165,1,0.097777777,895116.520721
suqh5sHtr8HyJ7q8scBimULPkPpA557prMG47xCHQfK,1785083141,2026-07-26T16:25:41Z,8290.80982303571,21,5.623038730000001,35138817.275948
7NAd2EpYGGeFofpyvgehSXhH5vg6Ry6VRMW2Y6jiqCu1,1785083141,2026-07-26T16:25:41Z,9002.592281572735,22,8.056899712,50703238.508651
D4GtdJykHNoEaiUxDMFKapiSsqUzBgx2bZJy4WYzD3ci,1785083141,2026-07-26T16:25:41Z,12861.022714304718,1,0.079012344,441156.987744
2fg5QD1eD7rzNNCsvnhmXFm5hqNgwTTG8p7kQ6f3rx6f,1785083141,2026-07-26T16:25:41Z,9721.490951072632,22,7.848827908,46160815.626338005
9oZYF8GZYAEzg9SXZHJ2RL9jLAAf5KyPL4gvcKwGgn23,1785083141,2026-07-26T16:25:41Z,12244.030129788727,1,2.617395832,15350366.143306
Aqiah4X4siGfz44YphXN7WC1z4XYqorh62MerNTb48nP,1785083141,2026-07-26T16:25:41Z,11738.847447408532,1,0.493827159,3020808.776571
Bfd2zuMMCDS8JQvHhD7JsNE11rN6XMd1nnk9LGkpzDGv,1785083141,2026-07-26T16:25:41Z,12824.238134152085,4,0.553086412,2645293.1851890003
G6uX88CngTFquet1wjd2VuqqseLKxHcwrptHhx5fArXs,1785083141,2026-07-26T16:25:41Z,11619.78441284617,2,0.343209874,2008659.056778
5aadmi8jRy84baPoBFqh1j2w5pQRACK3GnmnQp8a12z7,1785083141,2026-07-26T16:25:41Z,11572.637896075554,1,0.048888888,303355.250939
7fkCpkeUvf9oyn7jvtDB81EjYBYagrNb3usAPsvVcCDd,1785083141,2026-07-26T16:25:41Z,12725.844477383886,2,0.493827158,2719958.6785359997
J3hJBr4CemR7ak3BZg4dMwZbPDNCoLfoVDVwCt67M6ME,1785083141,2026-07-26T16:25:41Z,11168.196695276763,1,2.469135801,15875800.923674
FxN3VZ4BosL5urG2yoeQ156JSdmavm9K5fdLxjkPmaMR,1785083141,2026-07-26T16:25:41Z,10417.844048079423,22,8.228741684999997,45221436.613417
G61u9wqqHF4fkmTCzctwjBTZaivFyis5RGrcSt4xgCyo,1785083141,2026-07-26T16:25:41Z,12784.182615355327,2,0.197530862,922491.372177
N1Gv262rmK1Bpnf4c4PRmuzsaYVGohbFiFmZWAqRdN7,1785083142,2026-07-26T16:25:42Z,13050.746021342527,2,0.296296294,1459254.7946970002
Fn8WJ5afkGJp424indxe9jqNZDjbUDPsMcCm3tP8HEeP,1785083142,2026-07-26T16:25:42Z,13092.916648438359,3,0.296296293,1504832.513079
EsyZLvAWJpsmxDY4kmnnjABALEjbBetAvbYSbjdFJ4q8,1785083142,2026-07-26T16:25:42Z,12949.732405056573,4,1.777777772,10085735.342815
Ats5PuDtcjGcGqbX6fLGcFniRsFhd4dd8jojAyufC2os,1785083142,2026-07-26T16:25:42Z,13125.09234668434,1,0.097777777,534947.932733
G1F4thH2m8N7qzuNgSGvnAEZU4hC2Kr8vp52zniPmf2U,1785083143,2026-07-26T16:25:43Z,12373.491664336329,1,0.000200001,1160.682988
5KCbUBm486ddoUFHif4FJEfXHHvJY5AkJfD51z4ZfcBL,1785083143,2026-07-26T16:25:43Z,12480.349009065634,1,0.049382715,284133.181884
FsxH9k75MdUnN7fe6Pnp115Up8Kr4A9gudyphD7R1sRU,1785083143,2026-07-26T16:25:43Z,12422.68949659518,1,0.296296296,1712711.895962
JD8myE7ZbG3najcZRYy34i29ZSzzeo1txwxe1UAP2G3q,1785083143,2026-07-26T16:25:43Z,12348.783523179685,1,0.148148146,861481.122958
79U8GwLhPXcnuUpBVeZ1rSEfVoota888W3qJik48BxoD,1785083144,2026-07-26T16:25:44Z,12474.105034621301,1,0.195555555,1125730.629044
EqmGx8P4sxfeD3fQRakm6FNY3KN6vco74wuwK2zSk5gc,1785083144,2026-07-26T16:25:44Z,12510.065740337917,1,0.019733333,113269.915048
6hQSw5JDEjVvqFes2vwGnYFq9b44Yjq9wxeNVBYJpHSb,1785083144,2026-07-26T16:25:44Z,12489.857621091945,1,9.876e-06,56.780252
98FhduSDgonNFyLThRwm3sqvkVQQTvpFaPKRD4wVzpvk,1785083145,2026-07-26T16:25:45Z,13093.002550371128,1,0.197530863,1083351.60409
CsyWmiekRbsiUhStj1pDZCBN8YDgRvFzq1f2u78nPC2L,1785083145,2026-07-26T16:25:45Z,12510.891542500562,1,0.977777777,5612102.897865
SQHK48QT8SY1vYN44iXji7wQ6CJek8AjfX6mBp47TZq,1785083145,2026-07-26T16:25:45Z,12817.393798284314,4,4.4244921559999995,48656075.052468
5eCQyHwCQvMvdBcNzfPqHnVGKnuT9zWYEBf2izX1gCUs,1785083146,2026-07-26T16:25:46Z,14231.137137320733,1,1.49207632,7528789.526884
31iRQFxAApGY6LAXm16QDXmPFHSeY2mP4dW96P22iTBV,1785083146,2026-07-26T16:25:46Z,13294.123663687027,3,2.444444442,11296001.716985
JNRocsoxuUaHVb6X2ZPEtW4QcRQ7yzeDKtyZ6EqLaMk,1785083146,2026-07-26T16:25:46Z,13713.350132366404,1,1.441257014,7546952.059342
9ERrNvQtSfNEqMKBw1V3zHWMZUPNM5DxH4q5UNnZKz2c,1785083147,2026-07-26T16:25:47Z,15141.475537653558,3,0.39506172500000003,1730416.544207
7WrdEx9stVV5wMdYeV8saCDremofiHF7M7eqQerNNf94,1785083147,2026-07-26T16:25:47Z,14925.634754374134,3,2.15111111,9418362.418781001
FdVruyvfjeKM2AtgzeSoohrHT6dxoUJ5QEYwwWfPxCEg,1785083147,2026-07-26T16:25:47Z,14453.613842671002,2,2.688888888,11076837.539898
5UqokWafd7zWSD1pc3zUyERz6gzEqvk53yDcYmpXFt5S,1785083147,2026-07-26T16:25:47Z,15105.19404764347,1,0.098765431,469518.14054
2DfZvY9U9mt3T6EFDzfXb7jWm83N6y2LUh45TWYJEe7d,1785083147,2026-07-26T16:25:47Z,14765.034806653768,1,0.004888888,23776.577194
CPufBBeZG1cWP26Jupo96Exjb4XwzzsKedxH1KoHx7a5,1785083148,2026-07-26T16:25:48Z,14877.41931550229,1,0.009876542,47670.64557
J9RY5ZyiK5C1q8Fgs1RJitbKu39ZJp67NG2r5NnxGrA,1785083148,2026-07-26T16:25:48Z,15033.019101925116,1,0.097777777,467054.61958
6gFqpfzzjtNYCWtJ6xxoYTJR1P7NiZPfx8z93Sxh3oUh,1785083149,2026-07-26T16:25:49Z,15000.765036720779,2,0.977777776,4594732.097311
5XLgwbdpRv99TPc45FeNiRWqPgwDfuvJ5fAwFHcKLnoq,1785083149,2026-07-26T16:25:49Z,15274.364151132953,1,0.097777777,459674.84789
EQcBffX5pXLTKZc3z9N684H29vZs9rfpUYxuDhRzexKf,1785083149,2026-07-26T16:25:49Z,15108.585105095206,1,0.098765431,469412.759197
J9R7WdUjPYYj5NhortVQJfunPQGXpVhFXotzVJbZsxRd,1785083149,2026-07-26T16:25:49Z,14893.586011182539,2,0.197530862,892611.411014
4LmQ98faZpeZrHizD4chtAtFPw28BHP6uToC5FQR1gcU,1785083149,2026-07-26T16:25:49Z,15144.689237208693,3,0.391111109,1920349.239644
EjjoeDidxi9xYRcyatxC6zUqYSDDN8zQ9Bq2D3nqgRSZ,1785083149,2026-07-26T16:25:49Z,15164.470184498558,1,0.009777777,46300.598898
AXAJSuxtNDis9u3dCTaMMquiyFrcxAfbcMWdwh8GEPgN,1785083149,2026-07-26T16:25:49Z,15211.230695913562,3,0.7333333320000001,3043437.134454
EyZCZL5qm5yiL5NJyrZVWPp1hKcbvB9bBrmu8z8PCYDL,1785083149,2026-07-26T16:25:49Z,14866.688498443682,8,0.488888882,3642919.543212
1nWYcNbizMn34vsUjBSH85QZfoLaZpQuXiGZPjKJMFG,1785083151,2026-07-26T16:25:51Z,14994.955229735078,1,0.000977777,4682.398434
9HqLLaZFQAwycWXRXNkYPZh9ihWMoD82w2ZjJ7bshwJ6,1785083151,2026-07-26T16:25:51Z,15085.452547371411,1,0.493827159,2350662.884299
FAoLSqAkBJyKYwzdBHdTBeXymvXPPcTczKozhZbGtxB4,1785083152,2026-07-26T16:25:52Z,13740.075478531118,4,0.395061724,2494252.614965
FT9AgC7PG29RVxp2KRiMYkP8tMCP62ed4S89B5e9d5jC,1785083152,2026-07-26T16:25:52Z,13774.506545769833,4,0.322568886,1534337.0585150002
DEMHeTJ53B617pjwzvBMyFKofwbket5PweDF4A85jf6a,1785083152,2026-07-26T16:25:52Z,14116.510334278213,1,0.092684341,471468.561097
9cVAhv6wSJRLXCiMTEXaVssAo8ydwYipFVMJNzg1Cwhi,1785083154,2026-07-26T16:25:54Z,13523.47289183007,2,0.254751189,1259635.3467930001
2ciTxMWCzn3kNoqYYnFT2mzJLX72k1ermzGRcUQ33d4M,1785083154,2026-07-26T16:25:54Z,13550.5156240903,1,0.049382715,261693.456791
CnVuvZ6VGMdMi33gN6rNESChWRYLcRE3aH6wFop76VK6,1785083158,2026-07-26T16:25:58Z,12796.146499684692,1,0.024857696,139493.956016
8RCLhQfcQ9pmuDfxW1r2WgrEchPTTH7d6JFdqTAouW6q,1785083159,2026-07-26T16:25:59Z,13590.455221431243,1,0.048888888,258315.149551
HL6yX8pZRxa9nyVXTbPytajBa1eSdswmAdn7oYNjDVjF,1785083159,2026-07-26T16:25:59Z,12851.566915868649,2,0.791999999,3813273.1049539996
2CRdWmdefARgG5XXjhwwLKjaEC8hFbZYTFohtigmmHMd,1785083159,2026-07-26T16:25:59Z,13238.11660424779,3,5.925925923,30897754.625967
A7UQbWX8GZkNBRQW9AmMgwa5dbdvt53mmmq9c1bgqVmU,1785083160,2026-07-26T16:26:00Z,13594.60403144025,1,0.001955555,10329.449924
JDMFX2Ecv2xKr7dkzPpbDmrJzfe28LckopGB1Y7LpVm8,1785083160,2026-07-26T16:26:00Z,13568.722619098005,1,0.146666666,776186.665336
7gsLLbtfS59f4zciTumcYrGbfYCWHmm2hdUYqkuJ95Mf,1785083160,2026-07-26T16:26:00Z,13498.484177263485,3,0.591604935,2690836.713184
DjPpp2Jv7sQMWdAanxXi6ExiFUePdiR9RRNPoJpegnyV,1785083160,2026-07-26T16:26:00Z,13546.281985533125,3,0.293333331,1522139.5284270002
BbrqKd1Cg6grigK2Y4N4eMLB8BM8RZeKWC1m9TGMJUUM,1785083162,2026-07-26T16:26:02Z,13466.879846796712,1,0.004888888,26068.546972
HeFV34V39uxkxMRyVifL2zS8p2N5QeCTjGechERZRjj7,1785083162,2026-07-26T16:26:02Z,13583.699224250799,1,0.117333333,620264.710322
8QNewGMWM2L59efVAoMUHsLBvMsu3qGQwPXFWBxeMP4a,1785083164,2026-07-26T16:26:04Z,13437.64855276169,1,0.491358023,2625720.502789
F5ugfa5tqJ8sUKW9grZ3wQwdMXuTQiKANffcDtwTpuAH,1785083165,2026-07-26T16:26:05Z,15690.133781468281,3,6.518518517,29126695.504518002
xyzfhxfy8NhfeNG3Um3WaUvFXzNuHkrhrZMD8dsStB6,1785083165,2026-07-26T16:26:05Z,14848.00291538042,5,7.007407407,32884784.09984
5ZUp9q4NRz7BgpL4PVWo1FaX6rhusRK5tNmyv3kcotTL,1785083165,2026-07-26T16:26:05Z,14029.094959150318,3,6.518518517,29399031.018552
3JD7zrZVXfGozgaSrnn3GzAcGsHCM5ATazX8EqwJqZWY,1785083166,2026-07-26T16:26:06Z,21084.693532259018,2,9.777777776,41576464.565255
6xWDFHkSHHUNF2C3JqcJB72h9kMQ6eKLDRSftvkKyqn6,1785083166,2026-07-26T16:26:06Z,22328.66113165001,4,4.155555553,22449255.810233995
DpLyDsrVNTqdSkPjcKB1anHJDsCaMm9worDmavpFyXuR,1785083166,2026-07-26T16:26:06Z,16098.640281749076,2,0.179005141,804245.260291
AiZmc96qy4sDHSRmZQYJbRnykikbKGCt25sZQYdZ52Rb,1785083166,2026-07-26T16:26:06Z,19374.531200074685,5,4.492056089,48450264.52592701
4CRdPC5wqhQxNBLVAY2YN9NYbgwfGL23dNzmQMixhzLW,1785083166,2026-07-26T16:26:06Z,20047.806763408513,2,0.026748979,124946.288508
BaiyK1aJeypxRszgWEUvAanVjNhdkDhk1Zbcu49XVeXq,1785083166,2026-07-26T16:26:06Z,16722.18963726555,5,4.480520606,48825343.164133
9fwGq3uqfedVbwuRLr14u43DFVRWiLRYtcW6oFvTfwu3,1785083166,2026-07-26T16:26:06Z,18021.904535760747,5,4.7163121939999995,48098464.568296
4af4XvX2qNeEZbXoT1uCcbjEjgqY5JkLHn1UwNevqNbi,1785083167,2026-07-26T16:26:07Z,22289.673690178195,1,0.049382715,159090.766615
6eLZ288gwV5pmLPPdiDupFMr5ueuG3Y3L4WDK1kRmQP,1785083167,2026-07-26T16:26:07Z,22267.655789336717,1,0.049382715,159248.073013
3pBVyQRZmvue1biZonm8w9DZHPZJPvVZnwQQLY5PzGSe,1785083167,2026-07-26T16:26:07Z,22579.474473965645,2,0.977777776,2894342.831634
9vEY2iFm98uAALpBkZqzWKQh831C9m999wgttzvBHEcf,1785083168,2026-07-26T16:26:08Z,21175.811228574337,1,0.488888888,1657844.647623
CNZfgxuxUkhUgcUQdYSR7LTWEHbBbpsDe3bWDnpgLVTn,1785083169,2026-07-26T16:26:09Z,21075.603001543303,3,0.195555554,802956.078087
3xotZWk2hvQRVwDgkb3XB2nn6kL27zx9hiKwY7m2wzE3,1785083169,2026-07-26T16:26:09Z,20953.439689969604,1,0.244444443,837719.383552
5veTCy9eDaL66LqABfpywN6jr1s7zaXP4uit8sMRAaHA,1785083170,2026-07-26T16:26:10Z,19790.129032046145,3,0.0029629619999999995,11050.085324
omegoMAe1AMY5MFKQQr3JwXVy8F4eCvmBAfcpo8XAfq,1785083170,2026-07-26T16:26:10Z,19559.93186965614,6,6.964119974000001,22804541.691584
GvLED9AJquasBJ9Jb4zFsrpkib8pkRBHdeUK7hTtMhGj,1785083170,2026-07-26T16:26:10Z,19061.463637334928,2,0.146666665,698052.543405
HZha12tyuyqTiHcyyLFjbM6WwnD1V9PQoMtqWbWMB88M,1785083170,2026-07-26T16:26:10Z,19183.52159850543,9,1.8765431999999995,12467189.791382998
4w6MKjj8R7gtoPviXhpFvy22xK7w2MFMQKn91mj9LCXM,1785083171,2026-07-26T16:26:11Z,19326.9219046407,1,0.197530863,733915.384213
FgDTnHngBNmgWCF7GFaSAuN1jWhrzkg9BmG5rUkgCpVx,1785083171,2026-07-26T16:26:11Z,19125.55392612002,2,1.955555554,7762292.836516
ES67M5p8yLJuwhBnyusBQhk5BGdg5DymwkTrk49MQUWz,1785083171,2026-07-26T16:26:11Z,20165.3269795916,1,0.117333333,417820.61223
FgqRy2vsRoCWVDhmBqZJZRZ58uJnsaycYSmjofScgUdX,1785083171,2026-07-26T16:26:11Z,19954.854765375883,1,1.975308641,7108207.782549
4RMb8vyjiFXZ6WGrggNkVt721Ybd1FLKsTA35Hic2tvb,1785083171,2026-07-26T16:26:11Z,19435.211599522503,1,0.513489228,1897211.664251
BxKZUvKm73hfpTTjjPst1Tw5Eh9gVehhrY2fT7fbTfGp,1785083171,2026-07-26T16:26:11Z,19933.20342452675,2,1.955555554,9247175.927566
EtLkdVe8trKMLquWpqmBAZ21HYyGkBsVxU46k9hvdpRA,1785083172,2026-07-26T16:26:12Z,19364.447343323274,1,0.197530863,732493.164603
hiJL4dxyRAekwvwwwvH3mf7fyLcA6aMwRcd8TRjBgBa,1785083172,2026-07-26T16:26:12Z,20149.05117708809,1,0.021118787,75264.138013
HCyVjs5d6vYKEUd4VQ4HBW8EfRpbWWmCft9jPZunnTfT,1785083172,2026-07-26T16:26:12Z,20163.894702220758,1,0.048888888,174104.285151
3mhSQ5wa12rcvt6gmxQVcKKvdpxsQrT1zDY82g8YMP3J,1785083172,2026-07-26T16:26:12Z,19407.57995138172,2,0.019555554,74948.601989
jnSkoNw3anwkz9TUcNjDuSZqxLNoQKkWBerxRe2Wqdr,1785083173,2026-07-26T16:26:13Z,18959.268561962843,1,0.254720741,964753.700362
EaNHi9dRgzfKUo7bDfcum71RgWS2PXmmrPC96pmDhXpb,1785083175,2026-07-26T16:26:15Z,19373.018164014666,12,0.24113977800000005,1080556.147176
A4rWFozNza39oA323my8dLffKaHPSTh3G3ewHbQw2cqb,1785083175,2026-07-26T16:26:15Z,19357.732207539866,16,0.7216404169999999,3016151.741555
3fkWD24JcopUf4mKTiZcf5SpUUyxbRkT3zN4PVVqARwk,1785083175,2026-07-26T16:26:15Z,18997.624573776317,1,0.097777777,369585.207378
EbcdAjZJf2V5DyiPqxC4D77uDcJBEWynPzxv59nY4qp9,1785083175,2026-07-26T16:26:15Z,19346.889255341765,6,0.012495343999999999,50656.608431
92dpPnZkPfjxj6DJpeDFPkrycdXSqWJbbw6xik7WV4Wk,1785083176,2026-07-26T16:26:16Z,19143.027415673387,7,1.234997151,9835253.583637001
4mBz61bMYB9QVEnjfWsvoMoTizGA7PR9LKrPQ8LWJzzF,1785083176,2026-07-26T16:26:16Z,19836.093225980418,6,1.5061761509999998,13126309.741300002
Gg5KQdWQZi5Peam7MUwGCpsG5E5XzPa5tu6riW16cELF,1785083176,2026-07-26T16:26:16Z,19306.96312919711,7,1.252673465,9523055.003874
xrS3uSL35KsqPmuWcCAr3ra2UsDxChuKsWQXjX9VCwH,1785083176,2026-07-26T16:26:16Z,19478.131044292273,11,3.9981907589999994,21399627.600228995
4EDbfvj4avEKHHHu7skwKFWGLhrVbw5B64vB1H4LTfDu,1785083176,2026-07-26T16:26:16Z,18959.021431352598,4,0.055200129,222910.071512
DWbqhUVCCUiCJDQx3nWqhG4UxMMZfYtraj5iW9p6B8ox,1785083176,2026-07-26T16:26:16Z,20012.26124300767,6,1.2481809240000001,9519103.650016999
ABuKAMp35w6NGPJSxuCU6BvB7NxFkBzZDyyTSzcDpbn5,1785083176,2026-07-26T16:26:16Z,19656.629819741338,7,1.282612773,9903646.969057
GyW6TgKHy3x8o9eN7Hg36TyELvPYMrzLoWxjx79tLGNh,1785083176,2026-07-26T16:26:16Z,20143.265119704516,1,0.195555555,697130.381988
ERNxja1crsFqm9F4T9oDz3KoLYPVUDwpRyXzJ3PMQ8Ci,1785083177,2026-07-26T16:26:17Z,20912.950607374372,7,3.422222216,19370553.99735
D9XWSKpaGnJAFMzZxBfWMSUy5qSFRyYWV6ZKepoJxyTd,1785083177,2026-07-26T16:26:17Z,21501.102636784646,10,1.0364444380000002,5179968.660504
7gdo83WqcXvown8aHUrgma716BEwGdjRA9CtdUThBy5U,1785083177,2026-07-26T16:26:17Z,20708.29981029622,3,1.564444442,5634739.901391
9PimVMu47aabsrrFnrQRzboVMCpCqEZcpHzhVq4vGWmb,1785083177,2026-07-26T16:26:17Z,21125.744224741036,1,0.493827159,1678559.250681
75wECSqHeZHhYMB4on6rzpehx25ALxrVA56xRE5UBFzw,1785083177,2026-07-26T16:26:17Z,20387.115746553554,3,0.054755555,202024.209293
2HL9h6zXHLtYyej6JcpAggFL7dPA7ksHmN8BJcaqtVty,1785083178,2026-07-26T16:26:18Z,21505.956334748735,2,0.019555554,71410.297397
37T4YzC82kyM9jYYNfmLi4XxWXoTsYJWM4VbHeDTGoEN,1785083178,2026-07-26T16:26:18Z,21529.731854764636,1,0.098765431,329412.491971
CzeRd3vZfXFBRvgsdYq8g35Ja1Pzxt6HJy6uAkWP4AFY,1785083178,2026-07-26T16:26:18Z,21289.661741155353,1,0.977777777,3297958.019916
CLbNcbTdGRgrG5crCMrcUWr5EU6nohiNcyCd9uYrfmB5,1785083179,2026-07-26T16:26:19Z,21851.82973342442,1,0.029333333,96393.406129
AFCouzi3FVXgUXsrB3K9hDRke98G7o4MskgEe7Ume514,1785083179,2026-07-26T16:26:19Z,21696.479489013807,1,0.661728394,2190101.396042
5xAa2zaMR4ynk836GGpCT9uJC86ao3QCcegxtJ3mA7Gj,1785083179,2026-07-26T16:26:19Z,21843.951317893992,1,0.006355555,20892.769044
4YCD7moMd7ecCEH1qBTozAUcCauStipF9sakUrP5DWL6,1785083180,2026-07-26T16:26:20Z,21641.3676729509,1,0.049382715,163856.616114
2UcALFkAdPHnjFFnknydJKFggYRFAvD96Ku73e85dWM3,1785083180,2026-07-26T16:26:20Z,21673.926660434227,3,0.296296293,1192498.196035
Cc3CgkAqUmZ6P81PSDb69T9hJiH3ERZp2SwAobgqLZRa,1785083180,2026-07-26T16:26:20Z,21803.207434492517,2,0.977777776,3365592.5428
8NsfpmaZCjGqFRr6kvZgCe3buAqBzA3m8v9nY6NW2anL,1785083181,2026-07-26T16:26:21Z,21897.06384101834,13,12.34675975,56070062.477034
D8donLgiArJinaMx8981QR4LaTvJYDUEj1vNwrBuDB2E,1785083181,2026-07-26T16:26:21Z,21346.85178474641,1,0.009777777,32891.22249
3r4atS7aqjsnvvtCW2oYmhZASGi4L3oP8WWRJUtu6ij7,1785083182,2026-07-26T16:26:22Z,21391.893480302064,1,0.097777777,328219.707351
4u9LEbadA8tn4hBuZUbHzExPQvNzm9h2fFNJGvdbCf8P,1785083182,2026-07-26T16:26:22Z,21484.055153504298,1,0.323901608,1082606.343451
9RxDUDXsyxZ5XC6mpY6vhgWJFR7wRjN9TWGko4ckFhhL,1785083183,2026-07-26T16:26:23Z,19415.21294068769,1,0.098271604,363462.499295
AjDGDqbTDPwj8zwKrvBYWcPyRkzrLSmtvTekrLhqPJ5K,1785083185,2026-07-26T16:26:25Z,16971.53035257031,1,0.000977777,4137.066807
H1NMKd5wwDtdzcjwfp5r9LVLaHbTPBiKypQ8YE1aVuLE,1785083187,2026-07-26T16:26:27Z,18077.844446893632,2,0.09382715800000001,476653.610889
65tWUV8YHkRxKDMQRQG7BwDJYhmN8Bty64GmXWXn781u,1785083188,2026-07-26T16:26:28Z,18282.135352715908,3,1.955555553,8934143.417476
ByMh4opZhSiZzoya3iKoF7PQvY2xJfQ8t3uDkwi3RxsC,1785083189,2026-07-26T16:26:29Z,18580.93250875924,1,0.493827159,1908451.762539
J9kGZkJia9261cyAxqm2w5QCsegVt6R4chauotWkwZao,1785083191,2026-07-26T16:26:31Z,16472.4421817315,1,0.097975308,427102.749873
48uVqq6sFCtoDsbjhcuk4yjRiSq4kSqZCpDp3hi7m3G3,1785083192,2026-07-26T16:26:32Z,16976.43789707906,3,1.241777776,4856484.184391
kZ3PGs1VzCbC4GFs4nJ2yXNbaQj1v6vBLy8i2fLYvt5,1785083192,2026-07-26T16:26:32Z,17104.18155272808,1,0.195555555,820997.021348
6oSmdjTSLnP8KYLbWcWuubtDNBAM3rw6euDQ13A72Svu,1785083192,2026-07-26T16:26:32Z,17046.947567957344,1,0.097777777,411876.729825
BminQKJvhM1opGtSGuagYLvbegHTAXJtFDZxC25d8GM5,1785083192,2026-07-26T16:26:32Z,17200.364270679936,1,0.296296296,1236978.923576
3v2bdKP1HouTL3RfDvmSxk9ofBg5nxG4trhp8rmpexyh,1785083192,2026-07-26T16:26:32Z,16906.103075104453,1,0.097975308,416147.075508
ByQb7K6kEZxBEWiLaDT2ZvoE3Q2hu555Z2px8iP3Gtuq,1785083192,2026-07-26T16:26:32Z,16594.588121715282,2,0.068790121,302534.607395
TuouBnypgwNHajm8uUYLSfaVp1UfCfhphJeZGjjate4,1785083193,2026-07-26T16:26:33Z,17354.4278011826,4,2.004444442,7659038.1619690005
63otb3qfCMz5bghv2vyEEwMoZnhnqyv7mj6rVco1hwnH,1785083194,2026-07-26T16:26:34Z,16177.619409387553,1,0.502961806,2232513.607825
AwSEYQTeNMnQY118AqKWQoje2GrpKWsmf2aYXVhhVZP6,1785083194,2026-07-26T16:26:34Z,17460.533321861283,1,0.048888888,201060.323203
BtvPHwGdPWNECyGmLbyKqytyDRn89CTVDqzQLcjshK5X,1785083195,2026-07-26T16:26:35Z,16282.76419624238,1,0.048888888,215603.470681
E1b97kWpeZk2oZYxGEYigj4NoDsczjZDhPtoYpbFRJVt,1785083195,2026-07-26T16:26:35Z,16385.28630921466,1,0.488888888,2142544.514747
8F3sqPAR46wgVdPdSz9gSCVNhJ77Urnb6ya6Ep83tuu8,1785083196,2026-07-26T16:26:36Z,17720.9504002844,1,0.493827159,2001067.244982
3Ba2rH1FFpzRpAE1hGvaqsCXRkjZD19ujQ1ocNmUnWSM,1785083197,2026-07-26T16:26:37Z,19010.310692098104,1,0.009876542,37306.922263
AXK7nSEeikjmW3vWmSNy6VkRTLXvTXHYeMYrKCqLW4FC,1785083197,2026-07-26T16:26:37Z,18808.114297325406,6,1.3469770439999997,5499761.331076001
21rfafknVM3aVpxZLzC2TyWmKsrT7X1QZdwps6f9sxaA,1785083197,2026-07-26T16:26:37Z,18029.759248449285,4,1.293651597,5247653.505814
HwWgT4qXsTFCssX1r8jecbkMFsz1RnGeTvyZ6bn7rvcL,1785083197,2026-07-26T16:26:37Z,18425.411586331684,7,2.3998379259999996,17759790.783123
DXruXkezDrArp81eBFT4bJd2gFAXAZGGsNq2W6a2CPqX,1785083198,2026-07-26T16:26:38Z,18976.95539435551,1,0.029629628,112117.494559
Be1XnFTvQxWpVKFPdSLPFchux1LtWVjVMFM711pGb3p5,1785083200,2026-07-26T16:26:40Z,19059.081440078717,2,0.195555554,833459.532051
F35VF7nWWMRcGrEPXgjsZmNxcz8GLLVGS1S88NkrR5rb,1785083200,2026-07-26T16:26:40Z,18812.757250872277,5,4.568675786,31280973.272363003
8hGRwXvWXz6ungB1WFgj47rLbTL3Gxmk9KHJ4Ten25LG,1785083200,2026-07-26T16:26:40Z,18395.793579243367,6,5.763736719,55926646.112321
GcNY3SXi9JfP3Wj9538vwDenhA6CxURAwZF2rCPXgrCC,1785083200,2026-07-26T16:26:40Z,18025.83498583618,6,5.429597007999999,47559855.16590001
D2ax7LUeKon7HGb16u7e7iTx7uzxcw7pPxBoRrCNTWWC,1785083201,2026-07-26T16:26:41Z,17606.8683453588,2,1.76,17494165.977569
5u2rVJDkeCnxiBja4CEJm4rC3w55x9botTnnULPbqNY3,1785083201,2026-07-26T16:26:41Z,18087.805764326844,1,0.098765431,392096.350113
CxYpzfELZZSk54ZuTzjpiMJkAa6f1RXY7yWzznNDGn99,1785083203,2026-07-26T16:26:43Z,17840.584795222356,2,0.48888888799999997,3369179.6281310003
mzVzFvLQ6Zp15nn8dFvKBx99iAQeUhb19t6UvghBKPC,1785083207,2026-07-26T16:26:47Z,15043.498339695963,1,0.195555555,933458.54736
GVyKLC54cRvdEy3vjBPL9GDypG2jd7mHepZB9MGxZzQj,1785083208,2026-07-26T16:26:48Z,15125.128465718082,1,0.034222222,162473.61901
Baf7AGwsnTWW4ps6B3zs48wVj8aKH4WCR9h7ytcQS3S2,1785083208,2026-07-26T16:26:48Z,13308.802474955632,10,0.36543208600000004,3989840.744217
sfWww4FKayU6rUuh9McLzDK6TeLJkT9MYYc6fBVZdc9,1785083209,2026-07-26T16:26:49Z,13318.987776651278,1,0.009710715,52354.463059
DQta6PDd18Rrn8pQJhYsxNHC4GEvzzU9xNdQTYV5yjBb,1785083210,2026-07-26T16:26:50Z,12924.713690000002,1,2.933333333,16297245.512542
CeCFexogvcqRrPfAMHqkp8FpjhHxij8uFHxyumR1t9vS,1785083210,2026-07-26T16:26:50Z,12431.781350073752,1,0.026165333,151135.548033
XKUUBZQRQs7hgXmjWVJFhYNmGDdqPKZcGedd4NhZuUd,1785083210,2026-07-26T16:26:50Z,12314.444494751084,2,0.195555554,1687460.560129
HSSzaFvvryQDXMmeh14ofRXC4G5TytnFMEJY51PvEh56,1785083211,2026-07-26T16:26:51Z,12630.535236805674,1,0.195555555,1111788.364001
5qYdgFseMacDt3KYbW6nCX5rknHQNJxcNKdX44d994J7,1785083213,2026-07-26T16:26:53Z,10808.887424301083,1,0.196543209,1305722.148573
436h85qXhByXQG4pkxdrD4CYQFRuJ3UPR5YdfUuL6v24,1785083215,2026-07-26T16:26:55Z,9286.208429382708,4,0.16142757200000002,2085433.143369
FoDtXWikLJVhHJbrt7oP7r4tUtUc7QQqHMxr3daTcqzC,1785083216,2026-07-26T16:26:56Z,6261.973364441697,1,0.068444444,784875.379308
7BRgNPt3Wh9VjDLLrZAiadxJ8wSuNKi1i7PwqKJV8hCo,1785083217,2026-07-26T16:26:57Z,6357.550646093009,2,1.955555554,28686353.099488
4A3HGpsSR5VuGBE3EBRds2xYfSF8GKTRHTytXi5YTMLe,1785083218,2026-07-26T16:26:58Z,5722.513196953202,4,0.18577777499999998,3822428.638655
CR4Y5YQ2Dy8kdKCCYd32goMmG762FqFaBb5uVbQdxaKc,1785083218,2026-07-26T16:26:58Z,5721.900141439659,16,0.520177768,4493937.964273
D3bNu4WV8DZJ8rP46z8ePpD9szjMGW1LspEZrk3o7Xd2,1785083218,2026-07-26T16:26:58Z,5060.994842235855,1,0.098765431,1401337.650566
6Ga5A5Zuig8VysUKRCsGPV9zU91q7RoHnujmJeqWAfPV,1785083219,2026-07-26T16:26:59Z,4367.7220496756345,1,0.195555555,3215058.54715
4iB3E4ohRPDJFM1Auwer8ygmScR52HDm1hARh8WZeSWq,1785083220,2026-07-26T16:27:00Z,4612.4349514801725,1,0.296296296,4612853.797284
EQuPjBNXsiQaZxvsW6fvcvq9K3PTtiTVTikSCQ71Npi9,1785083220,2026-07-26T16:27:00Z,4481.3750072985995,2,1.499066835,28409817.293663
9JRyxXeHdr8GqceEJLmuruKyFBy5ncz8kh5NCGadjMgr,1785083221,2026-07-26T16:27:01Z,4856.644622122499,1,0.009777777,144569.781432
EeY4X2ebEXuCUYJz5CYm5zGc6hxoUvs3aR6HvZwfJk9q,1785083221,2026-07-26T16:27:01Z,5061.230785896914,2,3.91111111,56111574.024872005
3kTB2Ju7yWCaLqcCzmJ7VPCBxJf847xQ9NyuAvkuavpa,1785083225,2026-07-26T16:27:05Z,3882.955760301145,3,0.175999998,3559301.616215
FyJDX7YDDBczz8BamYV8QcQXmZ2afbqtk6qkFkh9A5om,1785083225,2026-07-26T16:27:05Z,3915.739281656637,2,0.928888888,20626672.996845
GJAKp9f1PzL7dSeNMrDhDJviMU7UPL9UbXDZ2VnQC1hb,1785083226,2026-07-26T16:27:06Z,3628.4516246569146,1,0.592592592,11727585.36235
6oe69JHBfZNoPX6m9VtDUniUnCwP9aN14syGmuE1RV7C,1785083231,2026-07-26T16:27:11Z,3962.5072798238325,1,0.019555555,354383.746368
CmanNPFBABbPeDAw81kGMBL6Yptbg4BgsPxZUgrzhTAx,1785083233,2026-07-26T16:27:13Z,4050.9044829653385,1,0.977777777,17332526.840807
7Ut1gh36seBkUiYuPx3rNQbuLE7QLT53YJRo3wsGAZRZ,1785083233,2026-07-26T16:27:13Z,4246.22758884415,1,1.053497941,17815751.462008
Cu2iW1DNKFUL13bRnxk5XgnR4yvatVoWoLURRAB1DqJt,1785083233,2026-07-26T16:27:13Z,4238.9464969779165,1,0.977777777,16563646.351894
7ikPbksKsuAC3x6YLHDtrwc4XGn6jorn3RJ5zTqDbnCe,1785083234,2026-07-26T16:27:14Z,4344.715584290504,3,0.293333331,2531060.7955589998
CaRaMddDSmNLbJYY9VZ4vd31PNq6L6akpzpzVn1h4V6y,1785083234,2026-07-26T16:27:14Z,4359.170633344527,1,0.048888888,805341.375292
39LPT5YAse8Z2D8kHtNoQ6YQXeC2M69mfxucWaCUiXyY,1785083235,2026-07-26T16:27:15Z,4368.736406970528,1,0.048888888,803578.001957
H6Q4HhDmGzh81pnXCbRswT2xtdLJGLTBtHLMjo29HciE,1785083249,2026-07-26T16:27:29Z,3847.801996812728,4,1.634713442,30782309.0
6KEqpWHUD6ntSQjvaBUCXNwb8rEMi1cmqxu3P1hxotTE,1785083249,2026-07-26T16:27:29Z,3785.3380177389004,1,0.244444444,4637129.516552
Cu7AJiu9eEjBBxGHRh5yndV6AmD1myaCj2BepKwhzHbu,1785083259,2026-07-26T16:27:39Z,3077.9509430110684,1,0.393086419,9170648.921025
3cZgVv8pVtFGzhXp48gcwvFrUx5a4Ly1Jthaw2DhM9X4,1785083261,2026-07-26T16:27:41Z,3175.3041479397093,1,0.803339851,18167187.677242
96hq1rUo5qQk26NAP7wK6VtcnZXPKbkHpdVsdGwe3Cda,1785083261,2026-07-26T16:27:41Z,3341.650309251159,1,1.152215704,24759764.603702
HHYrTocnC6Xx1pj45x7cKsh4nXNLTYKRpGwm6LcMXjTz,1785083266,2026-07-26T16:27:46Z,3442.6701713895604,1,0.009777777,203947.522289
2MgWYfXrASJFJG1SpwbK528JH2KunFsihS3LtKctbyX9,1785083269,2026-07-26T16:27:49Z,3447.7278397543114,1,0.118518518,2468464.913445
BhEfHT7yPchfZrgiEChxHGijtviMFUU9nVQWkgQyQWRd,1785083275,2026-07-26T16:27:55Z,3371.8916305915595,2,0.011446472000000001,329029.806194
FCwWgvAS74FNvQiVZdZmjZkUt25vT5ovtEDDZyRBjJ7w,1785083302,2026-07-26T16:28:22Z,2279.0206681451764,1,0.98765432,31119343.464865
46zGJ2ATgfXdiUXGJE3qZrWs9jerrmvgAodAKY79haGU,1785083303,2026-07-26T16:28:23Z,2421.3413787641475,1,0.977777777,28997319.955098
32WzQNeftH6kLqFqUtbR6cQFgKUvm2qV3FPvbjtQdrgH,1785083306,2026-07-26T16:28:26Z,2751.473979656272,2,0.977777776,25022675.148663
Yxt5EEncm2EhVisiq4uvTtcTg7RChipSVbtq7kP8UF7,1785083306,2026-07-26T16:28:26Z,2702.026993260639,1,0.146666666,3897763.267671
39gT82eGG6ERqn8LH9K8kuK51f2awTxXrN95vJAEExbF,1785083307,2026-07-26T16:28:27Z,2804.2304899746464,4,0.839506168,11744216.687421001
iNyUtaMtqWNyJcwy3CyENdou1YK7F7eGcXaqC7FioxQ,1785083364,2026-07-26T16:29:24Z,2999.106869073144,1,0.488888888,11705553.298678
BoduAmZsXFZZMPXWC53uJJACJENzNt2HtZGbQtQhMWfE,1785083368,2026-07-26T16:29:28Z,4553.355733021285,2,0.197530862,2281370.106736
ByV1UsQzksXJ8MG3rNFwDnaTTbHk9iThWc12nEVKjdHL,1785083368,2026-07-26T16:29:28Z,4531.48087417617,2,0.237037036,2743826.4045639997
99xnE2zEFi8YhmKDaikc1EvH6ELTQJppnqUwMzmpLXrs,1785083368,2026-07-26T16:29:28Z,3479.1930088434274,3,0.979733331,20189929.788282
BU99XYHSueULuTN3V3GuTfmXXWgNCrQXWwNsw9Ku1MPk,1785083368,2026-07-26T16:29:28Z,3653.6192932658073,1,0.977777777,19217221.348145
HwLUyAPykbPgkotArMazDsNUn7uMyCSBMjm3drDHSBfw,1785083368,2026-07-26T16:29:28Z,4479.912437322309,2,0.790123454,9289005.848112
BZxtqKj99iYqDZFPxiXtEsCq9ffWPLkFuTkbW4LW23EF,1785083368,2026-07-26T16:29:28Z,3309.032156821194,1,0.977777777,21218412.923491
niggerd597QYedtvjQDVHZTCCGyJrwHNm2i49dkm5zS,1785083368,2026-07-26T16:29:28Z,4076.8840176764106,2,6.617283949000001,79176908.430956
FHKhfxRcGcVpoFcPaGkEQTTbfrZWzRGAjKwdL54xTBwb,1785083372,2026-07-26T16:29:32Z,4754.0790255371585,1,0.351904217,5315349.141145
4kUFYuryuD8JSyLN1DVSfYt1YeQfjThn927BZckbF1H5,1785083375,2026-07-26T16:29:35Z,4397.5166908795945,2,0.246913578,3363977.713565
7MUrpzoaqifpVyxPXiiBfENHKHFoFJkwGEivZ8bxem8T,1785083389,2026-07-26T16:29:49Z,4478.492283395044,1,0.493827159,7918024.895887
B5LJMjBTY2YnkRtpTmWe4DGzdkuv12XFLAg6bo97Lcd2,1785083389,2026-07-26T16:29:49Z,4537.951245298835,1,0.097777777,1547227.071922
9Lmv1xqRFfaB1ZW9DKXLvULp9ep5UQge71RePVWS9L6i,1785083392,2026-07-26T16:29:52Z,5332.001367089657,1,1.601204372,21564045.384942
2ZMuJqNAxjrZQ5DDJYWWxwWv1AUZGWLXcerWJuiBmgAN,1785083392,2026-07-26T16:29:52Z,5685.480900968081,1,1.587257648,20047210.261691
FMWh9MigG2U18hXTXPjnbe7TdM8XVxVpFmukFCqwd6p7,1785083392,2026-07-26T16:29:52Z,6072.787506313105,1,1.798204647,21263010.456446
6AhH7XGofKCU3NGrYNGA8DFmFdw7CtY34CzfTs3u99sm,1785083393,2026-07-26T16:29:53Z,6387.692777257825,1,0.792179535,8905397.732142
RuAjtSKGsaAGPoeeEvazDBkdPZvPNH7gqEs1haJho6T,1785083393,2026-07-26T16:29:53Z,6564.5199232691075,1,0.678221994,7418953.015054
GXWhH8CdRJ5ZHrComffE1fzbG5bJtKMgEKRfZMUxYgKm,1785083393,2026-07-26T16:29:53Z,6728.661427616667,1,0.669733917,7147387.680386
8bpe4gWuAvniwHt8mxtzrKn7ixLviePa8ymb6PP8ftXc,1785083394,2026-07-26T16:29:54Z,6818.484285412867,1,0.004938271,52006.879645
CAgFLkrTYuzjRarpJLUXPQhv214KGdP7eGqxQF1qtpRp,1785083394,2026-07-26T16:29:54Z,6814.544372118685,1,0.027000001,284512.058947
5fHJszey2UdB2nETS1y6NS2wSG4ic9byKtbgJzaYzGeV,1785083396,2026-07-26T16:29:56Z,6331.667928662304,2,0.901262256,9841692.126591
7GZeuQXMP9dKhMmAGwX47J8TQL54yfuUNWj5V7faEY1n,1785083396,2026-07-26T16:29:56Z,6685.4081310901165,2,1.091733206,11940805.457008
ARC5JvKVCcnitPgTmmqV9xc1FJUPB43AEWPU1iMdYM7k,1785083396,2026-07-26T16:29:56Z,6221.946796408196,2,0.940337873,10587536.190197
5q5GLnij1RPYMpyTis2eAv7KaWRyAMsXyBW7jKkWSpKs,1785083397,2026-07-26T16:29:57Z,7112.403410860902,1,1.955555555,19743652.506895
2bhy5b5JFXkdaFxMfQmfYXPMMbbfN1JkkpxXYoS3tf5P,1785083401,2026-07-26T16:30:01Z,10321.32227194565,2,2.008351202,13855604.397575
56S29mZ3wqvw8hATuUUFqKhGcSGYFASRRFNT38W8q7G3,1785083401,2026-07-26T16:30:01Z,10829.525748566964,1,0.12091331,801748.939143
814g5NDkNMPcMFCugzG3jtqEn8cKBNc2VQLnavW4RzEL,1785083401,2026-07-26T16:30:01Z,9720.680046985313,2,1.866704788,13471399.862838
9KKUXi2XroSMT2jUfWMDzwPXiertNKMo95Rxm5LEkVsv,1785083401,2026-07-26T16:30:01Z,10646.449944214879,2,1.879364013,12606839.448439
5Hxba5RLWyYwJTvjK6SSFFo4Wet5LU9tP9HnZvh5X324,1785083401,2026-07-26T16:30:01Z,10014.598224121375,2,1.774468885,12189934.665641
138rfRUFWt9EfUnVoCjN3f9wTMxocWZhMVXkWUofvqF9,1785083401,2026-07-26T16:30:01Z,12766.882752403946,1,0.097777777,549957.350902
G8K8Uj1mxxMfzEZEUxngWY9m8JRztMhLF1tM4Kb4nDew,1785083402,2026-07-26T16:30:02Z,13311.690501701565,1,0.195555555,1054898.482322
6YmahBmiUXyLJXvvpnZHSwmgghA8qM7jE8tDSDf5ir28,1785083403,2026-07-26T16:30:03Z,10277.002502336132,4,0.9973333300000001,5743619.233658999
CusLVeFnzn8e8swmzqRFTTBfiJrmMxH58bmDsYzjzpDv,1785083404,2026-07-26T16:30:04Z,12164.92503535852,1,1.83555026,10835041.165018
B2LYQGCRZreTKwgKLMqbzDnZTSDc3ZoxNZiKzw33izDv,1785083404,2026-07-26T16:30:04Z,13118.079028673557,1,1.466666666,8028509.039053
2pUUZYtokRgDV2YzL6M5pjb1jyoHE367yU1sdQ7ac3ea,1785083404,2026-07-26T16:30:04Z,13021.724772422212,1,1.466666666,8087915.994029
AYHoGxsLVQaJobtGGxa8sRYQtfnj79t8eB6XdLRr6CFG,1785083404,2026-07-26T16:30:04Z,12785.24049126053,1,0.497711927,2795392.96999
BBeft5QozTYdDPagToAjvcvCwBXXjzehxqs24BtCLMRD,1785083404,2026-07-26T16:30:04Z,13649.960532563327,1,0.312455898,1643732.163809
ontrU64W3C2bdTEotmXSCZHYC7nw89zWE81TCJRiKHF,1785083405,2026-07-26T16:30:05Z,13730.496071140893,1,0.148148147,774789.484182
HDp472dUvzYGtVSarR4EGLkcMJP74QFRMTsT9YA6ibCd,1785083405,2026-07-26T16:30:05Z,16193.378368962129,7,0.928888884,4428251.386089
7DgesX2Hbc2D3XFF28eKSF1xt5yZ1gjs7TSBBW6Q5Nsx,1785083405,2026-07-26T16:30:05Z,15015.121825491957,4,0.713777776,3214195.904641
HMendyGrAAsSVnSiUN4mVDw6GGdwvMuBjtkuWQWhQqii,1785083406,2026-07-26T16:30:06Z,16130.04437109727,1,0.002116625,9422.845739
8GvD3GZVYQBXqC9WGJtwgpHGTT7XybgGFUZDy2qXB9TA,1785083407,2026-07-26T16:30:07Z,15135.408917831193,1,0.003133419,14866.133744
3wH5bhr4LeT2fVHwdnR5Gbq12iNXGm4VWQ2ESe9ndrmb,1785083407,2026-07-26T16:30:07Z,16402.62450601119,3,0.684444443,3348006.104787
2JVXDvyaipT1x4YT1mRoUUZFurAZLheAi7mMv5apZLV1,1785083409,2026-07-26T16:30:09Z,14939.981057128125,1,0.120706666,580169.548033
3igBk9uCYvoNA7Ga2EQSTr4yELvPGBzHnZdqvt7zk45y,1785083410,2026-07-26T16:30:10Z,15754.233776813511,2,0.059259256,278809.680503
5VqL3BXB5XLidG2HvgzCVnVLVtPuZX8SeeRcvdqFtXbt,1785083410,2026-07-26T16:30:10Z,17076.474836298436,2,9.777777776,40183452.567165
7xQ19LQvvduTTkcpTqirW81gRY5XCWA1L44M9beBug8R,1785083411,2026-07-26T16:30:11Z,15874.750558646507,1,0.087813663,397217.986401
DU4D99x8BBKxSUY3QoiNrBGY79bM4oLDBSZKNauh5Yy2,1785083411,2026-07-26T16:30:11Z,17862.539350649207,1,0.977777777,3930707.124124
5KWw4YnmhgmCJi8TK9Cxdujqvi4LiYJAapvughyYvcKR,1785083412,2026-07-26T16:30:12Z,16434.05205681121,2,0.197530862,818804.691086
B49bjwLPGKUCU3TRXm6zWV3cPduqG9P8VUzTtS2CVS6x,1785083412,2026-07-26T16:30:12Z,15897.01356526715,1,0.048888888,220835.219054
GoJmdBv5s96u7PD66NDkuGPTc7mWoh5b74urHGVN279C,1785083412,2026-07-26T16:30:12Z,15922.970023254227,2,0.09876543,364272.567238
aKmaJt9FWsQB3TqgR4sCJo5XksrkE7JDb7renvns816,1785083412,2026-07-26T16:30:12Z,16182.764855386677,1,0.197530863,876508.151855
FcYgLYimwomLtUhb9eohxDLzmVbEf5Boem3yJ6HpggSr,1785083412,2026-07-26T16:30:12Z,16153.480322449795,1,1.173333333,5215897.204681
B4FARCzHz6cYrAtZ5SLBzswf73AKAduPVqhknQXMPvge,1785083414,2026-07-26T16:30:14Z,14921.458968918796,1,0.391111111,1882186.208807
EqVjkrxV7i3xVMFBZWJFPWrp9e1fBPYZTtSJtdQc6PSs,1785083414,2026-07-26T16:30:14Z,14389.75437562093,3,1.955555553,8032848.966035999
7eDUBD4AQ5GyhDh7RSLrBbebRGAxNpfPF5SSvgMn76vg,1785083414,2026-07-26T16:30:14Z,15009.89441534103,3,0.08017777599999999,382687.949701
GZTdqMLviYuUALdSnwAHxUeVyh1bRezw4X1ucc4LJu96,1785083414,2026-07-26T16:30:14Z,14994.286853810445,1,0.007112729,34063.099968
DRTn6u35QdLS5j7RukrP2QoiBde73nSmkj22sNhpKpme,1785083415,2026-07-26T16:30:15Z,14670.56968402551,2,0.835999999,4265961.623819
AnUqXY5EtSmMYS1Dq29we5p3GEnUFWgd8QaYiuiYpMVP,1785083416,2026-07-26T16:30:16Z,14823.809019921795,3,0.293333331,1137653.7694660001
GCN8CBHMH46uucpMWp1p3ZeKbkbTcLMau8z1qywbk3Di,1785083416,2026-07-26T16:30:16Z,14805.859586617604,3,0.0029629590000000003,14653.34486
5fyu4QvFMBcfzzBc9TgpvCHq4E1atgQdy6Sa6Ee9mzrB,1785083417,2026-07-26T16:30:17Z,14262.251105382602,1,0.024696296,124341.890275
5qZrtvrof9PvJMGoCYH2XcuzuSV25TvdDMoM6XnwfaNv,1785083417,2026-07-26T16:30:17Z,14270.974068444033,1,0.0242,121768.64434
2PSYPF2UgeSaNGgrtrWBQbocLpv35ZL51HxYawvyiLEL,1785083418,2026-07-26T16:30:18Z,18871.71227110922,3,1.4666666640000001,5682571.022079
EZRLgpJZdLgT8ZCo1ntY1fLw8x65H9xcDRuPGvPP1m8G,1785083418,2026-07-26T16:30:18Z,19073.8811403079,1,0.493827159,1859129.410271
DLrGWqkLdPkBv6pFnLcVPdsTi1XZPTHUwtwbuMFK54ye,1785083418,2026-07-26T16:30:18Z,18432.92937206231,2,0.977777776,4088689.218048
92PeAJL5Y5vaEUA7zy2NMcRwkRTbchZFMaHXqKUGZccM,1785083418,2026-07-26T16:30:18Z,20896.73131115464,1,0.098765431,339391.004083
HuWAWix6CctFR1QUAzT8X9K5PuJcWiqjuQ2PDb2sma96,1785083418,2026-07-26T16:30:18Z,21024.015933823244,10,0.6419752980000001,3100795.332163
5tyMwUMhWypAnAejQ32wczDdvYzQf3BUF6QM9yLZWsua,1785083418,2026-07-26T16:30:18Z,20960.309319750006,1,0.195555555,669955.862443
3DVjos26KvVnf7XUcuQbuMKFCvgBHJMGAoc4bZz6n63r,1785083418,2026-07-26T16:30:18Z,18552.21354649277,1,0.097777777,378458.39798
9kr7KJhFiJJf3ML9tm9kWqSRoPczvZgtAwx1k7sGz9vH,1785083418,2026-07-26T16:30:18Z,20507.004922819517,1,2.205745617,7723726.934534
gCmdrQdpXKgXhTK9H5ff36Eqc2w9JvyAaKRV1n7iKBu,1785083421,2026-07-26T16:30:21Z,17877.646422159163,2,0.025422221,102447.91781
GToA8mjkg2z3PxY9g2YPXnBdxK6uxiynH1h8Ah1jW1Fv,1785083421,2026-07-26T16:30:21Z,18017.508050519227,2,0.586666665,2406134.931696
A1p52kTKMokAirBKjii9svbE79p1Y27rZG4fGRtm9HnL,1785083421,2026-07-26T16:30:21Z,18634.64135757603,4,0.391111108,1546397.559514
DHNYm7spbcsnUNpxVBbnotx9uGyA4ansoMLNbtmbv3pR,1785083421,2026-07-26T16:30:21Z,18273.508413236254,2,3.91111111,13769700.872717999
EDSgD6RufFXh5tr5Dc4UXoQ9sRMnPm9ro5vqS9HR6hs4,1785083423,2026-07-26T16:30:23Z,18123.668608586446,3,0.790123453,3224501.353279
85rqTn6C9DbSuM1wDLacnNxtkw9zu7jzgspm5wtLWRF7,1785083423,2026-07-26T16:30:23Z,17971.118993486216,1,0.266939263,1066623.28241
8V8gGuCZpkKbfymsJLh2KkfQWV7ynXnwofDBS8Kr6uWo,1785083423,2026-07-26T16:30:23Z,17878.259654064557,2,0.395061726,1674772.041476
4ewzo1YFLZjH6dh7sE8x7d8wQ8uPmmKn6Tmpq4qBjNWx,1785083423,2026-07-26T16:30:23Z,18217.599093408397,4,0.488888886,1936684.747102
7AuNf2QqJG8SJtXYVYmuAzmVfErB6ijYpPSxbp2BMm2T,1785083424,2026-07-26T16:30:24Z,17974.272537405766,3,0.701844957,2560383.683092
4qm3n6CUu27JbQgXXiHsskYJ3XCcQXgYyi1uZc14h2ZS,1785083424,2026-07-26T16:30:24Z,18131.658396125633,2,0.197530862,1020330.5886649999
J6af5Zu4fe2R51hjj4b7E8VbwLakzoYeBPnfpGBNpoAT,1785083426,2026-07-26T16:30:26Z,18463.530454049156,1,0.368086136,1431556.307986
9kV5yvFCL6mTu7AVMNzVdQ36wwsvfUcTm5M11p1poLB5,1785083426,2026-07-26T16:30:26Z,18558.267824319122,1,0.097777777,378334.933209
BvHrVQGLu4GMvDB5wvNz3gfwskV5tRTo5M4PJEGXcG3u,1785083427,2026-07-26T16:30:27Z,18635.2847752978,3,2.933333331,9951356.014253
F7u8ejvVkXFWZu3n41nDYvN9xdLSZgcr9gmcHeCo5wpK,1785083427,2026-07-26T16:30:27Z,18855.755151783178,1,0.097777777,372365.941394
FK5rsybBkML9siKVXABobqffxGZFDYGzsH5MGz6o3GcZ,1785083428,2026-07-26T16:30:28Z,18900.10118129098,2,0.177777775,630223.136883
2GZv3gHApNq2fkBK9v7gNMyook3MMQ5h6GwNwzq9EX7E,1785083428,2026-07-26T16:30:28Z,18877.825649438015,1,0.009777777,37193.057323
4wfMGwXy5kN9nb2RbYdUNk468xjYrAJFkL6ERuL7zXMv,1785083429,2026-07-26T16:30:29Z,18931.64253510315,1,0.015644444,59339.729122
FQ31GLz5DoZkJzjhbNhhRAKDH3y7vbiWc34kDYofW1fn,1785083429,2026-07-26T16:30:29Z,18924.409404650778,2,0.029333331999999997,102774.582604
9FN5a85fCj9nmagX1HQ2kx6T6S4ZvAPx83SJHxnkQ6Jb,1785083431,2026-07-26T16:30:31Z,16349.36287218699,10,0.5377777700000002,2321819.37553
9oT5cdy1XZ76dzy4z7t29jXPSadq84RbeeqeeJfsEkog,1785083431,2026-07-26T16:30:31Z,16165.603107571784,9,2.9479028950000004,14639541.221561002
9B4UcQwAgb129HEGDmrhLRdCxmB5TkXkiX3Rwma3gT5E,1785083431,2026-07-26T16:30:31Z,16294.058617012968,9,2.87965266,14279377.943095999
CM696NQZpEEmrymG8ghouWPupVDavbtBn4ZYvzqmZaXa,1785083431,2026-07-26T16:30:31Z,15310.027025024912,1,0.068444444,321022.863748
DuVC73CThrSLPfzP8SFvVYBH6HNuFgbmMW5rKdXyxsCi,1785083432,2026-07-26T16:30:32Z,14626.841306722796,1,0.095119283,466972.967416
EUdEcw8Y738nwcDxMwixjz2rPxXS7qcSSTwzqvw13fy1,1785083433,2026-07-26T16:30:33Z,13569.794065410959,2,0.097777776,394035.30222
7XLv9c3YCn7B9dh9oe6GqfD8ABCudNkj3o11dC9mGQsf,1785083434,2026-07-26T16:30:34Z,15348.633868733627,1,3.842327682,17976220.860619
HRxU14Hw4DZootnTn4JBn3U6YbQJmkDvScNeyapRLxHv,1785083436,2026-07-26T16:30:36Z,15069.035200119884,1,0.977777777,4659383.281551
CN93KGat8NehMA1e3EzbtrpvUWYCxVbxgEg1iyBH3urW,1785083437,2026-07-26T16:30:37Z,16523.7892767671,1,0.098765431,429209.214845
351eupK2s6KN6LyhX3VHtStDpp6PpMEJDizFCAzLq1Xu,1785083437,2026-07-26T16:30:37Z,14676.624168512079,2,0.12839506,430612.098783
9HSUFUHiVXiWuGmwHfkrdya6F6pn49pyx1QVHXyJbKoM,1785083437,2026-07-26T16:30:37Z,15069.179974026585,1,2.13948838,10195159.729773
2kv8X2a9bxnBM8NKLc6BBTX2z13GFNRL4oRotMUJRva9,1785083437,2026-07-26T16:30:37Z,15977.280143529264,1,2.749400509,12356881.464459
ABQgTqPzm3278pvFGxyWDr9cxKRKbrka1oQWzFAaxcvB,1785083438,2026-07-26T16:30:38Z,17838.360622944216,2,3.9111111100000002,14638628.214933
GVupKobi6VFsXB7Hj2PVx5Zcuy1njpbQLw4Gm2fTvor8,1785083439,2026-07-26T16:30:39Z,17821.912689862656,1,0.488888888,1969833.761128
35AzE1iVf6raPYq2MkKLdQUcojLdviaq3E2DnqrM2EkM,1785083440,2026-07-26T16:30:40Z,17320.247743452102,1,0.737037036,3055687.474165
2QM2EWyLhwiFSmQv1whR3twumY6J63DCBrsgWUYbKizF,1785083440,2026-07-26T16:30:40Z,17524.214904879613,2,0.316049381,1304231.357801
Edn91PmYZDwQoF6wSnNrLLQoU9er7VtEBHkizUrpQ6X7,1785083446,2026-07-26T16:30:46Z,16272.820232222008,1,0.097827159,431688.358101
GBeHpC6j6KKGHHDmJDXMMdSKjRZouCNsc7JPwyLNadgQ,1785083448,2026-07-26T16:30:48Z,15602.991325471638,2,2.281481481,10861381.801752001
8CCAxR3ZsLGER5qxEYM8rBdUzQ6AW9Kw7wdRCWpF82fR,1785083448,2026-07-26T16:30:48Z,16093.248707527597,2,2.28148148,10923814.66271
2qJ5eezwqYYvUrfFX6DguaNd4CQfqxY19NxU9DKubveW,1785083448,2026-07-26T16:30:48Z,15120.316934348517,2,2.28148148,11173255.786641
CDti4ccEey6aDYQb1bHawW17hgCGQ1NfmP3WJhr3w6bR,1785083448,2026-07-26T16:30:48Z,16613.253657418638,1,0.101066589,436844.260861
HGX7UUFYW5y2tqp4b8sXTYw21hkNKVwaQokTNYZdJTjL,1785083450,2026-07-26T16:30:50Z,16039.566957623134,1,0.00148148,6632.494157
3KVdcRx6H4QYLs3A3fT45cy1VSTbWbrMfXJtcUfTJSyd,1785083450,2026-07-26T16:30:50Z,15624.048034315607,1,0.197530863,907852.1318
8aQh7Py8R1ET14WGTDBq2nXdoR1EfeL6Jz148p8mhc3n,1785083451,2026-07-26T16:30:51Z,19417.07447389826,3,0.39506172500000003,1379590.224833
Bjo8rLDTMp8KA88RUoXz1VoihSKoW6nRHw3mH3zodtL6,1785083451,2026-07-26T16:30:51Z,19296.42530943701,3,0.34222222,1477742.060958
8Seb6smpmCc4ron7zDuMmgj1j92LC9kUAYtj2Cx8b2rw,1785083453,2026-07-26T16:30:53Z,15669.40335357854,2,2.444444443,9031950.036871001
FfJMgsayZYWd8MVS3fKLkZJdPQ1ZnvtHPz7wQmhULNcH,1785083454,2026-07-26T16:30:54Z,15880.30940653663,1,0.537777777,2431742.660711
BcKF9Hi4auwcjpb2KCjk2UBDas9ekgvAKxWJsDNShieA,1785083454,2026-07-26T16:30:54Z,16149.185591551766,1,0.097777777,434773.690474
9AE6Ung1QfbWmuiMLAfLxVAUXLYw4N3qN7xvW2aAmWbY,1785083455,2026-07-26T16:30:55Z,16617.138183115854,1,0.148148147,640197.117656
DseHez8pmHoPimNEf1Th94ffBG8GLqWcKETDhd6CCiwR,1785083455,2026-07-26T16:30:55Z,16655.297367277224,1,0.049876542,215039.21533
Doujx7cveDxFHnR11YfXFGyzdNRNdLJG6CHKTxSv8oXS,1785083455,2026-07-26T16:30:55Z,16251.422402607328,1,0.048888888,216019.274253
2Ffd7JcUMupQGaZ3AKb5xaoWBS2fL1HnMne5qXBLooZp,1785083455,2026-07-26T16:30:55Z,16574.53222759334,4,0.293333332,1505750.341024
7TGZdM98t5jyWnoAVjtmaj1wpCYWo1oepQwaVZGVhSet,1785083456,2026-07-26T16:30:56Z,17063.35413258004,2,0.118518516,541286.93562
Htc27SzjE1V7uNtoE2v9GqqX5Gdiz3DNioDqrzQBVgnX,1785083456,2026-07-26T16:30:56Z,16495.007869811754,2,0.59259259,2673534.652344
AXoLu2c3X26Ro2rGGtsuqWdWn9gDbqLSkLXduATWrHnw,1785083456,2026-07-26T16:30:56Z,16469.211648185414,2,0.83111111,3773520.253808
9uL8xmtZqNcuryCPsGfNpNfBZqunwF5THNET4QExFMvr,1785083456,2026-07-26T16:30:56Z,16853.43831015971,1,0.977777777,4166058.544755
53KgptJLhUkAdUa2EMpVCkFKB9CAat9mc86hPvth74kZ,1785083457,2026-07-26T16:30:57Z,14806.685369059662,3,0.391111109,1718706.4168210002
3TofRdzMWUKnB1R7AXAvEvfqw6gdoEzXVqKBCtMGKHVp,1785083457,2026-07-26T16:30:57Z,14771.16603297059,5,0.410666663,2408453.104608
5k6UhoEWk64XSosduGovHVqGy9S7kE36fTmuSk7sJCAY,1785083458,2026-07-26T16:30:58Z,14602.787217112393,1,0.097777777,480815.128879
2WvcP2my7LYGSMnEdr78tGFKjLPojiQraoNDp7d3oxb8,1785083459,2026-07-26T16:30:59Z,11701.555364648642,1,0.064963513,398657.218474
HgkLMNZFL6514kyZAZY5AxxXe1TP6i4NP11TZ98hj6iC,1785083459,2026-07-26T16:30:59Z,11822.687839575572,1,0.684444444,4157150.061853
7u81QU4PCGsvEJL3nSd4gDW92im2RdrYqCa7946ehx7B,1785083459,2026-07-26T16:30:59Z,11164.045017846418,1,0.097777777,628915.505676
pFFv9ZfgHZpL1rsgvhEHpWRT7nGvSKKWywrhJgLtghU,1785083459,2026-07-26T16:30:59Z,11664.382949170424,1,0.488888888,3009692.450715
3jxTmdfoNWb91irnjacPXWJcYahWqsv6C7y1BfjdcRhp,1785083459,2026-07-26T16:30:59Z,11779.26774251622,1,0.488888888,2980338.512695
4Y9bXvngCNKWuQ8VPLRaZGqXy4zaGMGi8jPkPqjvy7Gh,1785083459,2026-07-26T16:30:59Z,11950.103607556877,1,0.097777777,587546.455526
9tjQNViwKtV9DgN5Ua82AaSJLycPYs6LmEWerXjjNEb2,1785083459,2026-07-26T16:30:59Z,11996.58217454129,1,0.542666666,3248249.154957
2838bUY5PTfmz2S9HNh1zc2cAgohSZRVfbBzQJ6hFtD7,1785083460,2026-07-26T16:31:00Z,11362.667402325345,1,0.493827159,3120817.686585
7eeVaXQuT9sJGmW6WwPQ2ko2y5AN4r7hLeH442kftXrn,1785083461,2026-07-26T16:31:01Z,11223.50271602471,1,0.097777777,625583.75896
8hNhf7JczuDzFbUEFuW6vT67Jc6dTDRjtkLgsXXgwH78,1785083461,2026-07-26T16:31:01Z,11307.423589598278,1,0.097777777,620940.832556
4mTSjV6re8DPPdanrjg2KkX9J84f7b4JUm75LJfUAp9R,1785083461,2026-07-26T16:31:01Z,11277.800610560398,1,0.049382715,314430.215378
5T19jxWiuHqUJH9UMEunrajMFteyZY2FDg4KZXoRbYtr,1785083462,2026-07-26T16:31:02Z,11245.096917132318,1,0.071180368,454538.577214
2iacW5T4gLVmjuMcBYPyP13qgLDSeEFAqyMMHjRJL6f6,1785083462,2026-07-26T16:31:02Z,11183.026588668463,2,0.33135280899999997,2240702.829373
8yGmi4AJNsvk9sGvuAUiDmCVvqS99E6wmMnEgFgfQhNe,1785083463,2026-07-26T16:31:03Z,11187.72800797638,3,0.157984857,829413.604248
9HxrbwX9RZdEjNzBQLW3vbMmK23UyYG9tmxv6Wjy9ek,1785083463,2026-07-26T16:31:03Z,11177.526575857308,2,0.009777776,72182.751922
8vqaSN7ygJjWAjRqpUjNt3uwBfQuaDNiuweoVcxyGQLu,1785083466,2026-07-26T16:31:06Z,8698.833544229878,7,2.648351282,15807479.904914
6QGy8GDvBC6EhFeBmt592d65o3TXWaeY2johmeR3qWt4,1785083466,2026-07-26T16:31:06Z,8954.993404789862,7,2.515408223,15169869.172192
69xWoewjXMGFcmHdLE75dc7oujePHrGpmLGFmiwneYTR,1785083466,2026-07-26T16:31:06Z,9204.087083497085,7,2.5769730479999997,14894330.22906
FGMJAT3Yrouh1eTWpAzNUfToupBggySqTUe8VfnJquVg,1785083466,2026-07-26T16:31:06Z,9583.910447988785,1,0.246913579,1850017.981522
J898BLdjUWFPsvqwraj1rjg33rE9B6zJY6HvWFKx71fo,1785083466,2026-07-26T16:31:06Z,9434.30641124402,7,2.5259341109999998,14415444.727942
61GQNncGerBzXZAT4V5L3ZKrycGSJDwp3DXTVKxRa6rz,1785083467,2026-07-26T16:31:07Z,11753.716549315539,2,0.195555554,1217566.787027
3uQtt2nXFDfNnUb1mVvHPXxAgfu7UkwY6ZCPQgtrVja7,1785083467,2026-07-26T16:31:07Z,9987.275062456736,3,0.8799999989999999,4285027.604417
5BLYuvsfQ2yEz4NjYK4x8DzvVQ75jDL8naei7ybWUTP2,1785083467,2026-07-26T16:31:07Z,10092.94383287919,1,0.098765431,702685.236258
881BBEiWCFWCB2AHnQpC1TkH6rYw2yWJQzFhrZf2nEz7,1785083468,2026-07-26T16:31:08Z,11731.673926011736,2,0.03950617,217539.094817
1gqtDt2aDkVJ2PzLrN2uuBGKzQxz7hTMv5rCQjf8gXS,1785083469,2026-07-26T16:31:09Z,11736.452482556,1,0.009777777,59824.214562
GdYSLnFAEshk6DkHDsmSh1zdn8VpCTVJSpaEr3A5M28y,1785083469,2026-07-26T16:31:09Z,11690.966112483446,1,0.244444444,1501424.47453
CBQcSSyjVKKFwQfQiX3D4EJ6y33Y18uGFNQojGwsMoQY,1785083469,2026-07-26T16:31:09Z,10915.367069017975,3,1.481481477,7808324.098321
GzYoXxQnmuMZ4aroSbAfa8FwDQTBjUTgt7zqMLNsevvn,1785083472,2026-07-26T16:31:12Z,8864.726490151896,1,0.293333333,2376127.816282
Sq4hqLzhr4V1TLddaxsGh1pF8aKdGtwm96vYT7VWjEm,1785083473,2026-07-26T16:31:13Z,13248.966569781816,1,0.100130012,542695.20701
GaB7tX3irT3KTKr2rQPf5GbWMBpPoHj9wH7Pyu6XogTo,1785083473,2026-07-26T16:31:13Z,10680.312930035496,1,2.407407406,16185992.569658
8zws4rkYZGFX7G7uJ8x7WHFh5JLkSb5KePgwSVNkzsxu,1785083473,2026-07-26T16:31:13Z,13354.289007274207,1,0.977777777,5257667.453677
4srvoJDnqZyPZdaTFovFHf6PT5H73rKhz5zLe69SiXCf,1785083473,2026-07-26T16:31:13Z,12477.967801593439,1,0.142222221,818459.733472
3PPcSduPGrffHnBW7TCU3sk8gcm1EeHNuXMstiB3Ebqj,1785083473,2026-07-26T16:31:13Z,12124.034033912178,1,0.98765432,5849672.372839
5gX8PCN9ZsS58TDKpGZM4Gv2vnDy9gqscxjBap84aKXd,1785083473,2026-07-26T16:31:13Z,9192.629703703218,1,2.283950617,17841060.471083
CkzAKX1nggTXvWf74wtr8XXbNxXCacX13TgurcTyqwAG,1785083473,2026-07-26T16:31:13Z,12666.654831479727,1,0.98765432,5599081.04224
AgNaa6DLja2Nc5KEu3oEJ9Aan7shFFDB96fg6N7unxWS,1785083473,2026-07-26T16:31:13Z,12989.916868156597,1,0.625057723,3455313.65037
DvdkAF1wtyphLQzNVwMwHFV48SKHTv1QdDddNikWmw1j,1785083473,2026-07-26T16:31:13Z,11455.931176510589,1,2.530864197,15863980.532509
2SpPHM6DVFkcwcNtt8Ls4qCsviDAt77Cz65F8MqHxssV,1785083473,2026-07-26T16:31:13Z,13147.400296237012,1,0.296296296,1618303.81682
FzczrxtQeuejaiq4wXdzj9kSDQFH8KGAt6ZQjnLjAXfv,1785083473,2026-07-26T16:31:13Z,12372.773684741587,1,0.488888888,2837375.531055
5gG5eAkNkqmYD2Bfiet5DAtDzSUKgH35oMdp3esP58ww,1785083473,2026-07-26T16:31:13Z,12920.3569199669,1,0.579847202,3222647.298071
6FWPZ1BiXS4WU35oaggD8vNFkontnGsgbE1ei56STrqS,1785083473,2026-07-26T16:31:13Z,12858.833963146537,1,0.148148147,827310.158838
831yhv67QpKqLBJjbmw2xoDUeeFHGUx8RnuRj9imeoEs,1785083473,2026-07-26T16:31:13Z,9912.4874637904,1,2.654320987,19228460.386873
62YSi9Kg2z25q1zHhR8LDeUjr3Dh2gb7FkfScuwhgMWD,1785083474,2026-07-26T16:31:14Z,14618.269098628398,2,0.001955554,7995.374487000001
3JviceZKAh4DMLyPXun7Jvc1Zbf7HThgQ8dPRZo88sY8,1785083474,2026-07-26T16:31:14Z,14622.013478245997,1,0.019753085,97006.642778
BGgGo8bAfF8CfW7CZYZsZfrbzU3q7coHncXEvSk6QuVX,1785083474,2026-07-26T16:31:14Z,13129.482664626878,1,0.647279496,3540119.790612
8XaSwG4qmvGrvsniBW4VgpW2NRELsianbLw98XpivjUP,1785083475,2026-07-26T16:31:15Z,14696.305926235518,1,0.097777777,477755.502167
2QKPVT9kiQr4xr2te69p5g9wgFNmUwdjXfKkNQ52xiqs,1785083476,2026-07-26T16:31:16Z,15715.281606992998,1,0.098765431,451290.839013
6P93ebg2C4VU6jcmZHFp2w9T9VXMe9QSXGqdnr4yneFe,1785083477,2026-07-26T16:31:17Z,15789.294647212173,1,0.296296296,1347526.191388
FmtfLdh9urwekvhn3SVUtV1dxJj9sMt82wxKrZsJioPU,1785083478,2026-07-26T16:31:18Z,16032.70551785909,1,0.296296296,1327067.852457
HdrwHwmMX44HU6Hmyaqa3oyBjjmgx1gbGwsiUpqA8Yrd,1785083479,2026-07-26T16:31:19Z,15192.683312540452,2,0.001955554,9204.498824
ERoEVUWTjLA55iYoEzggXgfmTe5icpPpexTeWChzdL1k,1785083479,2026-07-26T16:31:19Z,15186.384603303242,1,0.097777777,462337.890235
8FxeeUfCd25SwgUoGhpxBXeUoZ5fQQCY5kNWbZyT2SMu,1785083481,2026-07-26T16:31:21Z,15066.210125406848,1,0.009777777,46602.565985
n37YdrtNez7JA5YG3wW9WxLdTrtKkPGkkRavAAPKA2u,1785083481,2026-07-26T16:31:21Z,15811.430602529925,1,0.097777777,444061.084306
3EV31uA5e7rtYEWScX5DiCbhcQxJPFKA17TmcYGAtyj3,1785083481,2026-07-26T16:31:21Z,15426.023941039814,2,2.933333332,13613524.267782
Du7PeEa9ShX6PesoumcNDXX1CfFJYX6HuEyFNf4EVgoT,1785083482,2026-07-26T16:31:22Z,15816.439269316417,1,0.037857658,171877.388929
7C3gHCsjgcci5hqTWdj18sLn5K6th92BEepPMwUUbaSf,1785083482,2026-07-26T16:31:22Z,15790.279456411461,1,0.244444444,1111639.771838
FFuQV9SEeeSsV5auYzzsb6vZ6PH9fhmmUvetW5jnXWc,1785083482,2026-07-26T16:31:22Z,15733.365196974204,1,0.019753085,90154.421538
Ao1cUWcnwVJxXXPRbXvDAC7dfJunXezmvVA1vHotbgeV,1785083483,2026-07-26T16:31:23Z,16400.358923441705,1,1.474074073,6454159.248839
9Ze1EXNGv7Ff24F19uPtuLyPioXYXNwG4FXnvrezyuZ9,1785083485,2026-07-26T16:31:25Z,17764.992063859714,1,0.195555555,790458.113176
ED1HRm5bpbEBR8zpxcSF399acHoc9yxoCUXFftq5P1PA,1785083485,2026-07-26T16:31:25Z,17646.427968106105,1,0.009876542,40190.353791
4ghRtYKP84X7CS8YMVsVj4xuZJSYvnowmqbrrMNrN6Ch,1785083485,2026-07-26T16:31:25Z,17673.07766763896,1,0.266666666,1083503.371851
6YVGVTZ2CE4r83DpwXcpKtA47JLubu55G2n89VmAQtCq,1785083485,2026-07-26T16:31:25Z,17877.602347542448,1,0.195555555,785479.049953
5oiHrztb8HUZhzzDR9xK4DUeJTvnfewfjrZM9r5yexX6,1785083485,2026-07-26T16:31:25Z,17610.41847073245,1,0.049382715,201362.692253
5eWFPsoyqrbV9W7AsdUjLA1ZscphwecuZNaa5kQhEu8J,1785083485,2026-07-26T16:31:25Z,17832.076496318692,5,0.640444441,2301298.473203
5t18EExL9usqNwvKhvUXf1puQiecE5nGG6qSyb9bdRQz,1785083486,2026-07-26T16:31:26Z,18276.617464984975,1,1.955555555,7683304.730863
7ZGKVUKaqNgWsc1WzXVwvab1N8S7z8oseLuUKK6KNh3C,1785083487,2026-07-26T16:31:27Z,17981.86208668547,1,0.461412344,1842588.127113
51BZmyr1QSppyKZ8Xd6Z8AC4NfJuiocivpg6V8hyzJu4,1785083488,2026-07-26T16:31:28Z,18046.668337872852,1,0.07348148,292384.657606
Crw9sLFvqdJsUmyRf4kB21HyGKq6G3Cj6oPWs8b3hZPP,1785083490,2026-07-26T16:31:30Z,16969.623854692614,1,0.066000001,279283.609177
2y2apdSDfQzTesAiiieY3YFL2DWfeMF5JPh1QTjRy7Xp,1785083491,2026-07-26T16:31:31Z,16840.513941411762,1,0.064734818,276030.016982
ADogYmtymE6EyMdFnpACZ2goHkfTVEA3fbV2uApppdWw,1785083492,2026-07-26T16:31:32Z,16146.440177141958,1,0.098765431,439240.014761
DacRsQhWbr33YQf9STvE53q6Y61oB6NMDoMatcUTB4c8,1785083494,2026-07-26T16:31:34Z,16004.46725898778,1,0.098889548,443693.321287
GSd9FrhvNhs1Cfm67hV3bBhapBQf5b8uXZQ9xqs2wmQz,1785083494,2026-07-26T16:31:34Z,16024.810137419287,1,0.008706705,39015.273826
2AF5w9P6TsZk7Fddrr8QLWEHGJQgnZDUFebggRS4w1r8,1785083496,2026-07-26T16:31:36Z,16028.586281241945,1,0.537777777,2409247.152031
yMnjSf78zif5FUNP6aVMTdXYZnQdRquthjirvL9Kr4X,1785083496,2026-07-26T16:31:36Z,15926.703920097838,1,0.002730888,12312.654826
EbNStzCzohpLTeL8NtpBKLMjo7sgCwTaicQxaSFECh2G,1785083498,2026-07-26T16:31:38Z,15340.308676444049,1,0.244444444,1144247.030644
3DtFSKgWaEiwNxSPC11fGxtRthqViCgEkiPhFNuNcuxm,1785083499,2026-07-26T16:31:39Z,15933.291732874695,1,0.977777777,4406648.158941
7TLF6eMqbwjQeJeQVW13TFdURgaNc6896M7wtL1a7YbB,1785083501,2026-07-26T16:31:41Z,14838.98992242021,1,0.177777777,860293.919738
45DbwvGupCdoYe6Zp9uYwxEH8bKgCGD3Es4mLVnDrkgT,1785083502,2026-07-26T16:31:42Z,14320.51083208928,1,0.293333333,1470877.920764
GAYeu4sM42VJANeJBJ4ckKyGD2gBcmrjMEtwwCe1yGBh,1785083503,2026-07-26T16:31:43Z,13740.495197194832,1,0.095480169,498981.582948
8Gji1htRRft5CqcyDrHAsieFsCo9uS9FdpGjEQFYQcaU,1785083505,2026-07-26T16:31:45Z,14615.884883265075,1,0.097777777,480384.258214
8rvAsDKeAcEjEkiZMug9k8v1y8mW6gQQiMobd89Uy7qR,1785083505,2026-07-26T16:31:45Z,12985.087822055679,1,4.888888888,27035785.851355
Avtr4ZjsMDsfUEcLedsUDhVXE2QiQHxepbQv7VPS3BoY,1785083506,2026-07-26T16:31:46Z,14749.369168219104,1,0.197530863,961690.303736
5ajog5xEVyZsbfVfZ1X6DrWKiq6EhXdfCtA1zf1jLDe3,1785083506,2026-07-26T16:31:46Z,14717.53634154125,4,0.19584888599999997,955213.218792
NJXwAmfDKHZXwjKLxGnu7VYCXnp7h7547z2S4ucKbRV,1785083507,2026-07-26T16:31:47Z,17252.853961778437,2,0.714541407,2916693.825432
9aTVpm4nqSRvt9z11CEUQ7EjpZZ6S3PHCy5t7sAsu1o9,1785083507,2026-07-26T16:31:47Z,17003.116559672086,2,0.723561148,2993865.285157
A1VtyWpvCc4928qLwtwu1BPnvaSvGac2z6S8f7WKFMEw,1785083507,2026-07-26T16:31:47Z,16746.63865679881,2,0.761897446,3195876.655963
Ckm6DF7m77M2WzriP8W26vLWuoNz6EKGC1gRxLHsNZDq,1785083507,2026-07-26T16:31:47Z,14770.92978815912,1,0.098765431,480143.27625
3fMLs38gstqbwNgjTUEzfpNQtXt8utqbyFHTKBmKMw17,1785083510,2026-07-26T16:31:50Z,16900.567744661705,1,0.009777777,41544.406207
H3HAyZcLcjWxCyfhULbwyfE3CF9tnn2uVjKkqtQraqf5,1785083513,2026-07-26T16:31:53Z,16243.24027841391,1,0.068444443,302579.323065
7Ys7PwYJrLuwVsuoARjAy5NQZo68qMtqSwgg2MhFncb9,1785083513,2026-07-26T16:31:53Z,16259.618133323753,1,0.017556236,77534.464288
EWrb3GdeWmUxrGaGyLwnoXGQJMJ9zRNTwVaC2jYH8n39,1785083514,2026-07-26T16:31:54Z,16263.892325922476,1,0.004888888,21585.361168
5yMvxJvaSfjGRXvM86Nt3Fa3YiM3x9xU2seN5Fsp2tpF,1785083515,2026-07-26T16:31:55Z,16158.188350695076,2,0.342222221,1324855.457757
9UeM3cDFALtCccb9TjVWkyYo5mfXpxPuvpgPLGdKopyL,1785083515,2026-07-26T16:31:55Z,16223.254423242697,1,0.097777777,432788.689286
DbG7RyLFBWXpEWgfKUA8qByvBZEZ3chqGh9TLkpjpF3b,1785083518,2026-07-26T16:31:58Z,15883.216845444773,1,0.977777777,4420540.962436
FR2foNg3m2X2pYmWEZgBb3gCWpbF8fHhkgo8CGdMHzZa,1785083519,2026-07-26T16:31:59Z,19205.715349188165,4,2.862383616,10347538.549487
Asv93YcxAm5DXJ69hcBrmSnb7V8okFAqUkm3MpAens4i,1785083519,2026-07-26T16:31:59Z,16221.698183446211,1,0.293333333,1298490.636355
8M3bQsiffCKZ6pbAwtm2v1HDfVyfScu9fePfcJfpAomX,1785083519,2026-07-26T16:31:59Z,18425.12004901053,4,2.891519127,10762800.077445
8zgiH1ZyTbsQw13oNKNSFkDyj59xSq8xbWKrvwxqNPRy,1785083519,2026-07-26T16:31:59Z,17639.172424722256,4,2.9885910879999997,11446280.724693
7FPPD3ddrjPfhRJ7Ktf97c6DDyFVAcbc4Ws9AjH6yXK6,1785083519,2026-07-26T16:31:59Z,16852.15901423938,1,2.013061726,8577787.149475
GZ2VofY4gMPEopeN3oD4UZYh7W91tB7WdmzRDjKMUbJe,1785083520,2026-07-26T16:32:00Z,20270.1834415186,1,1.032142532,3656416.984668
B7cRRKmjDt5KkFKfhD3NicgwywvkicgHvqVySU4LN4od,1785083520,2026-07-26T16:32:00Z,19850.8045362259,1,0.950765494,3439291.770678
HPPiUuVSFUxYsLygarsQ4NVmdGAJ6DHg7AujbVG8yHsm,1785083520,2026-07-26T16:32:00Z,19626.454556578054,1,0.120752592,441802.664537
5DxSJt88LYpwceUrjyNbxtqRTNHDtpYq7H5gTbFEcUuF,1785083520,2026-07-26T16:32:00Z,20694.0551848473,1,0.950425307,3297965.520771
9jVLi4onbfoRoYmhjKt1Nm3xmaUYR4vVNZ9zqdhic5uy,1785083521,2026-07-26T16:32:01Z,20737.917635521422,1,0.197530863,683980.2127
9HJb6Y6t5Bntxq9Fa58aNuewXCfsEZnWfpf6JevRUUdC,1785083521,2026-07-26T16:32:01Z,21331.61406030863,1,0.098765431,332471.917113
8EDnMf26D4NYxBoHnCiQ6jGx3tqysfhur6eBYHDCACrC,1785083523,2026-07-26T16:32:03Z,21243.270372707168,1,0.097777777,330516.012582
wPBUBzZqycXSKoE5SSA2hnoRc8dusQhptrfUfnfDsan,1785083524,2026-07-26T16:32:04Z,21289.411129896187,1,0.395508921,1334032.336628
NiggaLo8cqEGwk7ZKhA3TA87CDPScMAzH8CShbNWJFg,1785083525,2026-07-26T16:32:05Z,20620.302744988203,1,0.197530863,687881.52583
3YkT717kqX5edfDHUBjH9roVthZHzSPYLChsNPjoXB9f,1785083525,2026-07-26T16:32:05Z,20716.5526195722,1,0.138271604,479279.921513
FSG4XbDyJWJKVuvmwMbyypTh4Cqnoc8xR4gTr3ViNuLc,1785083525,2026-07-26T16:32:05Z,20674.77672325738,1,0.056197529,195186.651678
FUS7oxTdvncd5z2Zgznstq6hJHfYLXdCZ546A8ZzuCLG,1785083526,2026-07-26T16:32:06Z,21814.055147895808,1,0.296296296,975356.848436
4pBk4GacSZVDbkxK9Z8RiYw4LxyAJ7RvSCHYaizEkpw7,1785083531,2026-07-26T16:32:11Z,21337.633367789338,1,2.962962962,9971343.929426
9FCoF2Q2SzsTwjr5oEHUcBaT5SYWecmV1QmdR7dmAP33,1785083531,2026-07-26T16:32:11Z,20074.060879974844,2,0.197530862,650776.833382
7vvD6TWN6FvsDLAii4CJKQugj2V4FT54YhV3J5ZDQ7ps,1785083532,2026-07-26T16:32:12Z,22675.597649501637,1,0.118518517,375319.551144
3hZEk5bAdApcgJg6kNjASis5QYR2KWsHnXKxHhvb8vQ6,1785083532,2026-07-26T16:32:12Z,22429.176246961575,1,0.977777777,3130405.232339
6wAAZph57VDsCiabg2rt2cYh8ogxQquyeEc4kHSjnBbA,1785083533,2026-07-26T16:32:13Z,22098.359881636246,2,4.932815281,14919510.327854
FPACLbrvNT8NMpJNShGxUzeDVm4inQXo2yVKVFZ5mf3n,1785083533,2026-07-26T16:32:13Z,23196.917307512,2,4.844962496000001,14639277.603847
91VyLw28TJyRY6eauq3gjAUPo1xb949v5XFK6noWZFk,1785083534,2026-07-26T16:32:14Z,23795.741730886315,1,0.097777777,295062.919122
5TxsqqZYcGW9qbNwt9wLF4PhHe9W4dHwpjwFDw83TBua,1785083534,2026-07-26T16:32:14Z,26469.189703199594,2,0.987654318,2891820.950762
8nDbbXEnHLc6q6dzgwSqLEM1ZGKr1nzpdLwaxPbhArHS,1785083535,2026-07-26T16:32:15Z,26567.405733936757,1,0.98765432,2669497.641049
CoAmJNSXezCKgwUA7j62Btyph38sw75xM16aZb2HGeFo,1785083535,2026-07-26T16:32:15Z,25859.48202765711,2,0.420444444,1229284.740645
EyoNxgo2uZ9nwb5qyqQMrXtoeGP4p7VQ4AdEWNbgMAYo,1785083536,2026-07-26T16:32:16Z,25859.741486268907,1,0.012366266,34339.038211
qoumkt2z3bNJ3y5DbzHKqQW2sxyvt9eRr19jCPmdRvV,1785083537,2026-07-26T16:32:17Z,20237.4729668652,1,0.009777777,34694.25519
6zH2qz3ESvhCcTkL7hTmMtsUZKgf9QpbnXTnD2UQQzpr,1785083538,2026-07-26T16:32:18Z,21164.40873831464,1,0.293333333,995242.695292
8jpuDFp5HoFFHtVZZJyxUt5jwLYa8XqXsbEpCCJDdpzK,1785083538,2026-07-26T16:32:18Z,23213.35015398628,1,0.009777777,30246.562726
3yWgHqJTFDPde354uUvRdDyQwedeWexwZysNiEGYUxfj,1785083538,2026-07-26T16:32:18Z,21762.98196887408,1,0.977777777,3226231.165424
HrS3ZAYtTsoRwHXjRMFKkyFjDEMB5S9EsvuLLhGYDj5X,1785083538,2026-07-26T16:32:18Z,24474.99893781927,1,0.195555555,573748.01703
EeZGKJtLJdF7CnVEuDX93LABAcvk6RGj7qw3p7yy7weR,1785083538,2026-07-26T16:32:18Z,23696.67169376603,1,0.98765432,2992894.017019
FPrY3PfTktQKfKn7uyJxHmMfgAqV97BUeFA19BC98iDw,1785083538,2026-07-26T16:32:18Z,23972.835429995197,1,1.955555555,5857664.265162
8axH7qoBwDjEruiucFm67RjrUQt9Df37jMBU4dGePVaf,1785083538,2026-07-26T16:32:18Z,23942.911213794298,1,0.078222222,234599.409938
2jzG4syvTo8uci2ppb7TJqLFqSRbydqrGw11QXnrYjKZ,1785083538,2026-07-26T16:32:18Z,21979.73161735293,1,0.000987654,3226.681981
4qto7bL6cK24gnbWCAyZecvRJR1J2UofDefrX98cd8V8,1785083539,2026-07-26T16:32:19Z,22431.469818539026,1,0.977777777,3130085.154853
AMz6rV288PF3s53Xfd1dwGDKDKtiPEgqHHU6Y1T6tMDZ,1785083540,2026-07-26T16:32:20Z,24169.13565860966,1,0.009792592,29094.457458
3Dh6voLEgeYMwp3yPUVJ2oCgzEVw9uufujogXrwCNth9,1785083541,2026-07-26T16:32:21Z,23160.421059835506,1,0.098765431,306219.071036
CGNHBChec8HTAgKRy9KgWh7anKtRpkDh7KAST89nnurD,1785083542,2026-07-26T16:32:22Z,24015.90277465734,1,0.019392295,57983.44496
6pPabs6DcL9r5siEQVcEQHCFkGCTkGevHbQ19goxwPaR,1785083542,2026-07-26T16:32:22Z,24015.272709384353,1,0.128875513,385351.102964
BRGBSRgZS9a9L9Dov5hhDA65uvtT7bvbztLfuPtnxBZn,1785083542,2026-07-26T16:32:22Z,23578.350871186074,1,1.76,5360100.88305
8g6ABtMuBdx2mm2UFixft2WNcLhYuYGKrrgnFEwi7Rxh,1785083544,2026-07-26T16:32:24Z,24243.004478288065,1,3.911111111,11584770.492829
ASfj1vNSroFe96smvafmfpmXjJmAmtFLc5d7CuPkETAd,1785083545,2026-07-26T16:32:25Z,25258.191548851722,1,0.098765431,280786.635418
Adts2vARCKwQSt7ae1LALsU2QaTda1Qz7edoUKx8woQ7,1785083546,2026-07-26T16:32:26Z,25194.156591782747,1,0.044,125408.384743
CYieHKcG7HZNdqzSVQQpMmHHhqNZDU7WXpF17YHKMMiq,1785083546,2026-07-26T16:32:26Z,25345.21459139632,1,0.684444444,1939170.303977
HVMdaWMyD4prgb73TsoektvYyMMgieuG6ELJ3a87H4tj,1785083547,2026-07-26T16:32:27Z,25531.38155602044,1,0.293333333,825013.058959
HXQFEgBUZf4rBWXskHLFyRNcXGZKBrMEd8mbH22F2pXH,1785083548,2026-07-26T16:32:28Z,25016.293325331982,1,0.195555555,561333.444758
8pyP5ssNhtYY77ioqRysFYXsFUSUDN5fJk4g3GT8Xaav,1785083548,2026-07-26T16:32:28Z,24960.27640503081,1,0.097777777,281296.605208
C68qKMfFUZmhrodQ7PXQWxbypX4sGB8mHbu3nuRLnMN7,1785083548,2026-07-26T16:32:28Z,25690.07008829778,2,1.173333332,3217333.631233
8yban3741hUrGuqutxCvnortoq3MD38HA7kaodyXR6c7,1785083548,2026-07-26T16:32:28Z,25634.441215397,1,0.039111111,109559.494505
WGmMkSsnghKe6PFAyDvafxQRTUa7WnUkry8pD6LsfGq,1785083549,2026-07-26T16:32:29Z,24570.5557297005,1,0.025671073,75024.44034
DX7gLxbTJXBJgEqaSTXzoK46ByPaemjnoimW5ZeXG8mf,1785083550,2026-07-26T16:32:30Z,24718.99318138361,1,0.260216811,755924.279301
7qrG7QsAtkwSKsCeLmL4NPmQBNMjJDQu8rSdKcpw3BSh,1785083553,2026-07-26T16:32:33Z,24900.91708346242,1,0.049382715,142407.657641
4eDNWwYRpTZn7HvxscNQYo245qdo5LbxCAJsGrRWEMVi,1785083554,2026-07-26T16:32:34Z,24920.303849252523,1,0.097777777,281747.809347
H6tV9WXDZ56dnf9dJUqvJLvWng96d1JTPNHehcUaibv6,1785083555,2026-07-26T16:32:35Z,24565.859235082993,1,0.098765431,288699.961759
4JWJ8EQGGiTr7nPHK6pxVot2FZzj5WBv8Tdv23iyn3q4,1785083556,2026-07-26T16:32:36Z,24853.132545773205,2,0.00987654,27490.393653
7XjHPMjWw3VTEbSh5xiMm1zSLtPsVu4EMLEXpQdR1uLF,1785083557,2026-07-26T16:32:37Z,26005.459509955173,1,4.888888888,13499552.026133
J7eGtUDzggufnqrVZXnZ1FBK15PK69i7dV3SvJvMbd6J,1785083558,2026-07-26T16:32:38Z,26751.876637881218,1,0.493827159,1325544.890774
3s1YTjcrgqyGPzge7Za45Lezbkhjnp5YqqioYmXf8jiB,1785083558,2026-07-26T16:32:38Z,27395.8166978026,1,1.955555555,5125776.062159
BcMsuyHNwuWAzYPMsnWHuwe8Ks4Kv8qTMawLGAtconSC,1785083559,2026-07-26T16:32:39Z,27119.603886956585,1,0.244444444,647247.752045
E7DGzEMrHAZdiuhfDp21ofEqmmVdsukHPdQ98tMieK4W,1785083559,2026-07-26T16:32:39Z,27422.989496945505,1,0.98765432,2586210.629714
Eu6c58wfzSuo8e89Y8enyfM7RBAHCdhoax4Ah7EVdJLS,1785083559,2026-07-26T16:32:39Z,26938.21834774217,1,0.493827159,1316375.602061
C4nt8V8cvi5sunMGiJwN3W2Rrq7PdnyY3gZtv9KfNEF2,1785083560,2026-07-26T16:32:40Z,28308.076009761393,1,1.343440933,3407861.573906
FDxxx8dBvwzWXDPcsHJF5BYQCrNVvZaBEuQ2iRgMcTiu,1785083560,2026-07-26T16:32:40Z,29049.612653596192,1,1.5898924,3930077.453416
87YUKC4TmkdzbxKuCwciRu47uLyKSaU96UegG7FjnuRZ,1785083560,2026-07-26T16:32:40Z,27970.296615033163,1,0.008765936,22504.789011
Bj1Xub8zasrUATFPEmAbPjbasJ3qcQiAao2a7SY6PKQ5,1785083560,2026-07-26T16:32:40Z,27746.035398682918,1,0.98765432,2556099.490124
8MkAfZeoupvzAwTQswkZAopSHAeXv5f1WXqGJNi5WGQi,1785083562,2026-07-26T16:32:42Z,28921.9933201742,1,0.098765431,245216.937271
8pZnR6m2BUsBXL7jDTyBzgGLumyAYLneDF4CSS4YGZj4,1785083562,2026-07-26T16:32:42Z,29016.233922621068,1,0.097777777,241976.303214
B67cMZBA6UPKwvrHRQnjB9ULGQmBquqfeYhuWSh7gcP7,1785083562,2026-07-26T16:32:42Z,29053.564480024543,1,0.048888888,120832.694226
