wallet,first_buy_time,first_buy_time_utc,first_buy_mcap_usd,last_sell_time,last_sell_time_utc,n_buys,n_sells,sol_in,sol_out,tokens_bought,tokens_sold,tokens_still_held,realized_pnl_sol,realized_pnl_usd,hold_minutes,sold_out,n_trades_total,bought_before_crossing
E8VtaEW7koT1gy85BAx8WqAYbvjASZUXNCcuW5r1oS3v,1786864142,2026-08-16T07:09:02Z,57011.112790714295,1787762565,2026-08-26T16:42:45Z,2,2,5.00203928,619.5158319330001,5280702.216048639,5280704.215002606,0.0,614.513792653,46371.210793595375,14973.72,True,4,False
6DqwStHBhuxWGutooviZUgVDhT3F4Dy5pAiP2YErRCEe,1786842329,2026-08-16T01:05:29Z,53753.31894694252,1787587306,2026-08-24T16:01:46Z,44,73,116.23011784000002,405.90873341799994,21105538.513911255,21105538.513911255,0.0,289.6786155779999,21859.14833151587,12416.28,True,117,False
FiN6YjR6Q1ovRhUHJsGW2VuLKWgqgQ59Yr3ck6pU7jbm,1786839220,2026-08-16T00:13:40Z,40988.37549507293,1787815759,2026-08-27T07:29:19Z,9,7,13.193410858,245.328241632,7732366.160319426,7732366.160319426,0.0,232.13483077400002,17516.89433020604,16275.65,True,16,True
Bc2FpV584T1bKBp21xP2xzUH3tATBCvL85Y3ffubG6Yo,1786841580,2026-08-16T00:53:00Z,56081.1758455059,1787763288,2026-08-26T16:54:48Z,1,14,3.002052503,157.723746758,2921706.461133167,2921706.84788934,0.0,154.721694255,11675.299048482299,15361.8,True,15,False
AaJsuS3A6zQsV2jdwEVoe4vJ3mjKXRw41siqweSKNchk,1786839220,2026-08-16T00:13:40Z,41766.83725281505,1787815759,2026-08-27T07:29:19Z,8,32,11.577027111,163.703018445,7180714.574144332,7180714.574144333,0.0,152.125991334,11479.427306063639,16275.65,True,40,True
9Nc7QXztAZyyhrza7PMyBLL61YsL7NXbRRkHNcU3Vx7i,1786839837,2026-08-16T00:23:57Z,59620.88558260255,1787076783,2026-08-18T18:13:03Z,10,35,24.685439280000004,161.11966739600004,20658779.536134228,20658779.536134228,0.0,136.434228116,10295.32685363336,3949.1,True,45,False
FYTiZbk17NNPQ5j1aRH67mhJZH3ggYcmwbQqqEN9GAk5,1786830256,2026-08-15T21:44:16Z,31947.61310477153,1787087125,2026-08-18T21:05:25Z,3,15,14.00653928,144.574027981,8991917.87578988,8991917.875789879,1.862645149230957e-09,130.56748870099997,9852.622697377457,4281.15,True,18,True
9W298hjW9MJ9mW3H8LHxzdqV5N7jKgnN66gQzPACg9ZT,1786839220,2026-08-16T00:13:40Z,42551.955919104665,1787815759,2026-08-27T07:29:19Z,9,20,12.654103361,134.713498012,6909023.486541028,6909023.486541028,0.0,122.05939465099998,9210.601920364457,16275.65,True,29,True
3883isRkbz3Brq8DcJNrbnq1QZqwmzTxAC3qAzs99Zvz,1786839220,2026-08-16T00:13:40Z,40329.95087729517,1787815759,2026-08-27T07:29:19Z,8,14,9.830992812,86.082649649,5589217.973992291,5589217.973992291,0.0,76.251656837,5753.950024920019,16275.65,True,22,True
rAHF9X8b6JfP5DvM3b1RhuJVco1NZ9RHsxJvdSVWixf,1786841671,2026-08-16T00:54:31Z,56891.530032927,1787702158,2026-08-25T23:55:58Z,1,18,2.9020508539999996,63.626201418,2784087.120354009,2784087.120354009,0.0,60.724150563999984,4582.244401559438,14341.45,True,19,False
Gwk2S8xumrwaWQCKf1rwoGg3RS2rUx2GUCfiiE7Mm3QA,1786828859,2026-08-15T21:20:59Z,27701.84070931385,1787815759,2026-08-27T07:29:19Z,11,10,12.661891808,66.57412711,10440421.357154813,10440421.357154815,0.0,53.912235302000006,4068.21727588892,16448.33,True,21,True
ATj6HNyLtkdm8LMiTf6LftgDLDK378dAjDv8bCBhkoD1,1786839041,2026-08-16T00:10:41Z,37272.977732955274,1787810186,2026-08-27T05:56:26Z,25,9,169.03203927999996,220.070185552,30069768.074351814,30069768.074351814,0.0,51.03814627199999,3851.338517685119,16185.75,True,34,True
8KQriAKQrWJY2CPMLGmxwMz2sEhKjq6hEd3Rwx1B5Zu6,1786828859,2026-08-15T21:20:59Z,27334.157702423436,1787815759,2026-08-27T07:29:19Z,11,10,12.181414956,61.570344449000004,9512160.280699013,9512160.280699015,0.0,49.388929493000006,3726.8886195417804,16448.33,True,21,True
G5nGszFTvbcoVEQqek9qStAT76ffLmjr4UzEtMoouizp,1786828859,2026-08-15T21:20:59Z,27514.844869526605,1787815759,2026-08-27T07:29:19Z,11,9,12.464267351000002,59.13688956200001,9449908.593602633,9449908.593602635,0.0,46.67262221100001,3521.9160720420605,16448.33,True,20,True
CQ4n79cjiQ3tRSMFTGzKPSYoCaazfuCGu2Y7Hzd1aUj2,1786828859,2026-08-15T21:20:59Z,27129.434597396226,1787815759,2026-08-27T07:29:19Z,11,9,11.934841671000001,56.729092783999995,9027270.12151908,9027270.12151908,0.0,44.794251112999994,3380.1741889869795,16448.33,True,20,True
CASStbiKKzQrFvs835DagrLid7saGriDUHv39Mr8SRUG,1786828896,2026-08-15T21:21:36Z,51161.79600610303,1787076268,2026-08-18T18:04:28Z,4,6,23.051197303000002,64.20210229,10403643.563110232,10403643.563110232,0.0,41.150904987000004,3105.24729031902,4122.87,True,10,True
Act5xzJ7DhXrdNKbRw1yTzQUmT4hYtAPgFKTP5WzPBva,1786828873,2026-08-15T21:21:13Z,39973.701432126036,1787507749,2026-08-23T17:55:49Z,35,73,35.50420828400001,44.714076183,8580284.588905897,4120446.2218498266,4459838.36705607,40.4196333415371,3050.0655319523894,11314.6,False,108,True
5ZJYjAUVMLAJGccsEMV5SNjgnBHduumHyMjjHUtSubkG,1787075301,2026-08-18T17:48:21Z,56709.79685291222,1787176058,2026-08-19T21:47:38Z,8,21,35.744898624,68.019726234,6885027.822159865,6885027.822159863,1.862645149230957e-09,32.274827609999996,2435.4584914505995,1679.28,False,29,False
EyVaGh2eyp6zFPWLAiXx8wzEjn98VktPaANra78vkAKm,1787075301,2026-08-18T17:48:21Z,56987.491717726436,1787176058,2026-08-19T21:47:38Z,8,21,35.241423815000005,66.527315628,6723961.995618211,6723961.995618211,0.0,31.285891813,2360.8333962089796,1679.28,True,29,False
2zXpLvhzH3BTAoaNpDRQPUKZqPZiQdDqc29d8wdr4UNz,1787075301,2026-08-18T17:48:21Z,58056.00519223086,1787176058,2026-08-19T21:47:38Z,8,21,37.175807278,67.635477916,6755819.06315741,6755819.063157409,9.313225746154785e-10,30.459670638000002,2298.48674634348,1679.28,True,29,False
q8Kx1rkvAMKxRjKy2NCTCvJBWfuafpvHUF2REbayHHM,1787075171,2026-08-18T17:46:11Z,43114.94004016264,1787075373,2026-08-18T17:49:33Z,1,10,5.01905928,35.047478307,6324367.977415167,6324367.977415167,0.0,30.028419027,2265.94449977742,3.37,True,11,False
4AXv1nmDRxosiz2Zr5bn4veEg63Ty32TParXHnTpQhzG,1787075301,2026-08-18T17:48:21Z,57491.621400191674,1787176058,2026-08-19T21:47:38Z,8,21,34.325787924000004,62.64671905,6328641.413824966,6328641.413824966,0.0,28.320931125999998,2137.0974627679598,1679.28,True,29,False
2DCW6PvdpXwscZVanFmDLB7svT2STkUj2SuXSMR6C29g,1786828841,2026-08-15T21:20:41Z,25213.772425800733,1787679000,2026-08-25T17:30:00Z,37,52,69.54607855999997,93.16384340500001,36064817.33233124,36064817.33233122,2.2351741790771484e-08,23.617764845000007,1782.1965352037005,14169.32,False,89,True
7RyLnk9AfBaWKD56fqDHt9hYHcLTtpZ5sVH4NcwNJ7gj,1787075279,2026-08-18T17:47:59Z,49231.477117109935,1787603025,2026-08-24T20:23:45Z,5,5,14.386603560000001,33.943195900999996,2413814.515873775,2413814.515873775,0.0,19.556592341,1475.74045805186,8795.77,True,10,False
Hedt6aVyFRvxpQJkrrqgZ3e3JxUNb7ufCVyYXMnHYYE4,1786828862,2026-08-15T21:21:02Z,29910.871504361003,1787424274,2026-08-22T18:44:34Z,54,64,97.94960050499999,116.057502677,16311532.522526328,16311532.522526326,1.862645149230957e-09,18.107902172000003,1366.4222978991202,9923.53,True,118,True
5kidNviTucvoHuFGuPQUikWokMxsLZMncGrS5gK9Cujs,1786828862,2026-08-15T21:21:02Z,28998.14100263478,1787424274,2026-08-22T18:44:34Z,54,65,98.56256735699999,116.36911352799999,16205822.068474216,16205822.068474216,0.0,17.806546171,1343.68197406366,9923.53,True,119,True
2AwjJTdTWCu6QjyZKvF6oVEd9TkQP1WYvVswFvDEySxn,1786828862,2026-08-15T21:21:02Z,29585.618749828653,1787424274,2026-08-22T18:44:34Z,54,64,97.98438929700002,115.72230172399998,15935723.997702664,15935723.997702664,0.0,17.737912426999994,1338.5028717414195,9923.53,True,118,True
7aQ2v6Eh5ocjcJzjTBHaVUgi6UuSRDFKnaVQzco2ygvg,1787075273,2026-08-18T17:47:53Z,46099.61919885546,1787075324,2026-08-18T17:48:44Z,5,2,8.80803928,26.260815909,10418646.676192975,10418646.676192975,0.0,17.452776629,1316.98652442434,0.85,True,7,False
3KEdzpSYJ7sXfHKpVhSF2Qj6ZAjd3Q3dugFCZ4umWvkR,1786828873,2026-08-15T21:21:13Z,39879.16204954048,1787507749,2026-08-23T17:55:49Z,32,104,30.568263076,40.339858196,6541979.448744599,11023923.552146487,0.0,17.335524542168525,1308.1386819520367,11314.6,True,136,True
DenZLNzBtE3L8T1kQFKh8oE7FCXBrdsM9xwCbsnKvdJq,1786828862,2026-08-15T21:21:02Z,29421.053297938783,1787424274,2026-08-22T18:44:34Z,54,65,98.11912836100001,115.432723852,16533592.278072402,16533592.2780724,1.862645149230957e-09,17.313595490999994,1306.4839157508595,9923.53,True,119,True
D7HoNhGqBAXezS9ZY7zu5ZEP7PZfAu8vdmbJYVesDaoE,1787074153,2026-08-18T17:29:13Z,37319.76452798722,1787075355,2026-08-18T17:49:15Z,0,1,0,14.200686246,0.0,1998126.77126417,0.0,14.200686246,1071.5837841231598,20.03,True,1,False
h1jpvLkFT6u81HZH1zWhd4Vrf1qybKTADovXxDLrbtK,1787075299,2026-08-18T17:48:19Z,54629.52925242766,1787175665,2026-08-19T21:41:05Z,7,36,8.11207856,22.000185062,3230064.763703485,3230064.763703485,0.0,13.888106501999998,1047.9965166409197,1672.77,True,43,False
2pUUZYtokRgDV2YzL6M5pjb1jyoHE367yU1sdQ7ac3ea,1787075281,2026-08-18T17:48:01Z,52433.433225579996,1787423450,2026-08-22T18:30:50Z,4,7,8.12087856,21.49819749,3227964.204541044,3227964.204541044,0.0,13.377318930000001,1009.4524864578,5802.82,True,11,False
2R9ca7YkK8Ta3Nv1Gn4yhzJQumqpWzxMgN1xSB5J1Hrb,1787075283,2026-08-18T17:48:03Z,54067.45339967832,1787076338,2026-08-18T18:05:38Z,2,15,4.00205928,14.577504689999998,2110943.494509879,2110943.4945098786,4.656612873077393e-10,10.575445410000002,798.0231106386001,17.58,True,17,False
tronFPfm42zg7TowSTvPw3ya2tU2oYqvwKJ7i2xgBGB,1786828882,2026-08-15T21:21:22Z,44898.25560019004,1787499209,2026-08-23T15:33:29Z,18,8,103.671662178,32.966275679999995,3999926.8974217535,3496343.0566082927,503583.84081346076,10.459427926873786,789.2684313618959,11172.12,False,26,True
ZZGtLggQHdZ2LgkDtnbJ1eVQMYLpQN7H1fjCGZAw8G1,1786828868,2026-08-15T21:21:08Z,36892.327321461795,1787507286,2026-08-23T17:48:06Z,21,16,36.00558486500001,43.95776558999999,8162348.432138743,8162348.432138743,0.0,7.9521807249999945,600.0715575084995,11306.97,True,37,True
Ebux1vXaJYiugKxnBNgQbsBjbjjFK1K2k1zXjkD3tqDk,1786828868,2026-08-15T21:21:08Z,36870.50461077084,1787507286,2026-08-23T17:48:06Z,21,16,35.993301694,43.90880554799999,8278795.384233628,8278795.384233628,0.0,7.915503854000002,597.30392082284,11306.97,True,37,True
3DZNVBQxpaowav4Prz5fwyTG8ReNW6aL118Mod8fJxrg,1787074977,2026-08-18T17:42:57Z,42142.364929255215,1787075567,2026-08-18T17:52:47Z,1,12,1.003350154,8.894719699000001,1282948.760251684,1282948.760251684,0.0,7.891369545,595.4827458656999,9.83,True,13,False
A1igHDVAzKcGUAbVMFV8HrCCSUfcs5YzVfW3i9895pdW,1786828868,2026-08-15T21:21:08Z,36916.315253612556,1787507286,2026-08-23T17:48:06Z,21,16,36.907531018,44.742385592999995,8346063.809164276,8346063.809164277,0.0,7.834854574999998,591.2181262294998,11306.97,True,37,True
GpNHGPQXQEnrrbL8paxGdEWrNEvdFcZFVtC6ztMoYuYo,1786828868,2026-08-15T21:21:08Z,36849.05224176326,1787507286,2026-08-23T17:48:06Z,21,16,36.983987387999996,44.408382738,8352197.178922881,8352197.178922882,0.0,7.42439535,560.244873111,11306.97,True,37,True
HACKERamoyuTkkbuVnSWPNc5a5TDQH3U9vpp6zbrRKTe,1786828864,2026-08-15T21:21:04Z,33643.980548506064,1787491285,2026-08-23T13:21:25Z,17,13,19.029826119,24.668656694,16568639.150135571,16568734.968994426,0.0,5.638830575000001,425.5061551895,11040.35,True,30,True
2JuwsNWVYsr3jDEaSAMiMDfv5UWNWHQRGyQVvHBNCobC,1787074998,2026-08-18T17:43:18Z,42496.800258877,1787076308,2026-08-18T18:05:08Z,3,2,0.521937864,6.123359993,667474.921466146,666896.298065925,578.6234002209967,5.6018734220152115,422.7173684252678,21.83,False,5,False
777777UupVYr364fUHXwqBRMnNaVcpAw2z3uhFkspnNn,1786828865,2026-08-15T21:21:05Z,34041.60905400123,1787075436,2026-08-18T17:50:36Z,17,12,18.696490092999998,24.195643787999998,16006174.679261375,16006174.679261375,0.0,5.499153695,414.9661378247,4109.52,True,29,True
FAHMvDeWBEBe6fG653ChW7suaLVMQboS3hiaNqpejuBF,1787075301,2026-08-18T17:48:21Z,55815.4281890214,1787075363,2026-08-18T17:49:23Z,1,6,1.8274171620000002,7.089320224,1780570.149476331,1780570.149476331,0.0,5.261903062,397.06320505851994,1.03,True,7,False
4iDyxGxPRC66QBNwYqMn74VtVm5Moy1ns4w3bAqYGvRG,1786914703,2026-08-16T21:11:43Z,46424.79774462186,1787842851,2026-08-27T15:00:51Z,124,28,36.02531784000004,41.236158106000005,2490915.9253216884,2490915.9253216893,0.0,5.210840266000005,393.21000647236036,15469.13,True,152,False
XXXXXsiKfM49XohyATcrYbRYBd9WWhDRM7c7vMYQNSd,1787075276,2026-08-18T17:47:56Z,47220.31955078643,1787774423,2026-08-26T20:00:23Z,10,8,18.022376529,23.062537774,7063162.100555449,7063260.956388445,0.0,5.040161245000001,380.33056754770007,11652.45,True,18,False
Ahekwy9V7q2tmqJdTX92TAtEHM4pafQbsfc5oLakbZs1,1787075301,2026-08-18T17:48:21Z,56123.498940318656,1787500407,2026-08-23T15:53:27Z,27,39,13.862912218,18.754677942,1398462.3460178,1399669.4361214892,0.0,4.891765724,369.13264153304,7085.1,True,66,False
8NZq6z8y5697n1iqAqCHSwAKZeiT4M54JdmQ6rAjCJB1,1787075301,2026-08-18T17:48:21Z,55091.871761924755,1787075363,2026-08-18T17:49:23Z,1,6,1.6665642950000001,6.5513797799999995,1644728.694884565,1644728.694884565,0.0,4.884815484999999,368.6081764980999,1.03,True,7,False
JAGPLMkgPWRxFJekMU8DRHRurw968GGYHRMEKUWheYcD,1787075301,2026-08-18T17:48:21Z,56197.279996967416,1787500407,2026-08-23T15:53:27Z,27,39,13.012820957000002,17.847154318999998,1397728.1461215517,1398834.5837298837,0.0,4.834333361999995,364.79879549651963,7085.1,True,66,False
7kjxRWRMGGcRVPugDhCciUy11Xye9HuNmgffWRaDnAiS,1787075061,2026-08-18T17:44:21Z,42558.091801215225,1787520695,2026-08-23T21:31:35Z,5,2,9.617630697,8.498490093000001,77207.076440118,53175.703140352,24031.373299766004,4.5635346210000005,344.36432250066,7427.23,False,7,False
9PDFBkM2JjnLuuEhQVi5oPv5jVJ4wV3LA2PAfLXNijLb,1787075301,2026-08-18T17:48:21Z,55444.19714705662,1787075363,2026-08-18T17:49:23Z,1,6,1.521136383,5.932621039,1491234.119931875,1491234.119931875,0.0,4.411484656,332.89063214175997,1.03,True,7,False
EXgjdaTYUSoS33cKZREWNfCGba6i4PGhsW1VpDqDqevz,1786830256,2026-08-15T21:44:16Z,32379.99815569776,1787087126,2026-08-18T21:05:26Z,3,4,9.782617081000001,14.120419517999999,6207713.105110499,6207226.516073714,486.5890367850661,4.345996365971815,327.9488857762331,4281.17,False,7,True
C7PNbARVAHeskaefdcu7fy21dCN3qNANKuT6Cka2av4L,1787075301,2026-08-18T17:48:21Z,56056.906310140796,1787500407,2026-08-23T15:53:27Z,27,39,12.681934395999999,16.664892069,1212421.602546974,1213771.4652644217,0.0,3.982957672999999,300.5539860045799,7085.1,True,66,False
2T7W5XtariS53AbHY42u8CZzAyrzvNzGpeWcHsARNGkx,1786828872,2026-08-15T21:21:12Z,39441.29330544895,1787519395,2026-08-23T21:09:55Z,7,10,17.476880199,21.268511391,6573038.084780392,6573038.084780393,0.0,3.7916311920000014,286.1164897483201,11508.72,True,17,True
CHvWpTWTZXUMvWfX7jmy8vhHbAqn6YvLc8wBxXYi4KiW,1786839224,2026-08-16T00:13:44Z,46594.449616348546,1787774452,2026-08-26T20:00:52Z,12,8,21.565886982000002,25.309428655,4564335.680263518,4564335.680263518,0.0,3.7435416729999993,282.48765464457995,15587.13,True,20,True
FDQKtMRyjWHPxyvtuWzqypyn3JXmCtv3CH9tKQpLbtPD,1786828872,2026-08-15T21:21:12Z,38956.26694062808,1787519395,2026-08-23T21:09:55Z,7,10,17.479921133999998,21.172391636,6822196.828233347,6822196.828233349,0.0,3.6924705020000017,278.6338240809201,11508.72,True,17,True
GHJFdDSYx1kGg7nLTDZ7B468SqHsqySZwHRSxs4DgEVk,1786839224,2026-08-16T00:13:44Z,45464.816780001296,1787774452,2026-08-26T20:00:52Z,12,8,19.742141544,23.421505646,4794235.438551573,4794235.438551573,0.0,3.6793641019999987,277.6448151369199,15587.13,True,20,True
3XQyz76yGTfdVezAEX32drhFBK6Zdqu5vP1C1ocPXVt2,1786828872,2026-08-15T21:21:12Z,39659.52216155679,1787519395,2026-08-23T21:09:55Z,7,10,17.873347401,21.479079034,6626722.007573715,6626722.007573716,0.0,3.6057316330000018,272.08850902618013,11508.72,True,17,True
FMrLCzfeRZLiawdoj7PRiAyo3kwbYWJ7XWQXgxmeHr8w,1786828872,2026-08-15T21:21:12Z,39207.069346040604,1787519395,2026-08-23T21:09:55Z,7,10,17.582701902,21.080500421,6612489.852200885,6612489.852200885,0.0,3.4977985190000007,263.94387624374,11508.72,True,17,True
G5ZJocbhs3Z86s1bSQpVhJNKGLzSHrEXuZg93WE4GEXa,1786839267,2026-08-16T00:14:27Z,44650.75149208886,1786840364,2026-08-16T00:32:44Z,1,1,10.103039279999999,13.046333428,12337039.234469095,12337039.234469095,0.0,2.9432941480000023,222.10097640808016,18.28,True,2,True
FCgDhFHrwS5M6LQrKt1TJ21YpF1t8Dx4KxNytbMT2KVN,1786829372,2026-08-15T21:29:32Z,33317.52751745479,1787075361,2026-08-18T17:49:21Z,4,23,5.439279043000001,8.312134448,3057244.7212594803,3057244.72125948,4.656612873077393e-10,2.872855404999999,216.78566886129988,4099.82,True,27,True
GG33KgzDhbsCLzxwVpzJ5Pt2ubP5FyfDk8beZ8hXkwvB,1786829365,2026-08-15T21:29:25Z,33145.12206283405,1787075361,2026-08-18T17:49:21Z,4,23,5.520734385000001,8.313969392000002,3152302.28712843,3152302.2871284294,4.656612873077393e-10,2.793235007,210.77751362821996,4099.93,True,27,True
8JS3bkVtpQ2b1eTBtsadyQ7TkE7yxfdb8CpDa9zqwAe2,1786829377,2026-08-15T21:29:37Z,33490.37972381043,1787075361,2026-08-18T17:49:21Z,4,23,5.082222252,7.825440263,2933626.382950141,2933626.3829501416,0.0,2.7432180109999993,207.00323111005994,4099.73,True,27,True
C4eNLxxC7XLUivghMi35YUeSfvACgnvKB18115uPUqjg,1786828864,2026-08-15T21:21:04Z,33297.66326185771,1787169620,2026-08-19T20:00:20Z,17,13,15.507817839999998,17.953265604,9287561.791840686,9287561.791840684,1.862645149230957e-09,2.445447764000002,184.53348827144015,5679.27,True,30,True
GjGhvk8AdrQQnyhfGcaF3TNLo8tngc42QELQMoBkTGaD,1786828853,2026-08-15T21:20:53Z,26246.54427795608,1787494508,2026-08-23T14:15:08Z,5,11,0.26283928,2.659940583,363494.819281266,365091.3590216669,0.0,2.3971013030000003,180.88526432438002,11094.25,True,16,True
6KsuesQQGfqZcqEPBKXgT5iwvZHhUgf6uvtuzQNigxgK,1786828872,2026-08-15T21:21:12Z,38644.824842441325,1787077219,2026-08-18T18:20:19Z,14,19,18.373996445000003,20.684977097,8596972.579221742,8596972.579221739,3.725290298461914e-09,2.3109806520000005,174.38659999992,4139.12,False,33,True
UGfQVLpznwXaXCPfobLzVECmZuF9WSj1cmGKry11piL,1786829311,2026-08-15T21:28:31Z,33515.44439128716,1786844658,2026-08-16T01:44:18Z,2,1,2.0020592799999997,3.84734964,3289902.28298112,3289902.28298112,0.0,1.8452903600000004,139.2456105656,255.78,True,3,True
H75xFpTZVYVzamJrPQHkbGqdWpq4zsZzUiW7L7U7GfQ8,1786828896,2026-08-15T21:21:36Z,50660.320456854264,1787077219,2026-08-18T18:20:19Z,15,19,19.633257851,21.335731125,6367494.919747199,6367494.919747197,1.862645149230957e-09,1.7024732739999995,128.46863325603994,4138.72,False,34,True
qBeNBdXyMMPwauRBG2by1WVo3Y5uv7RteKGE25yjKW2,1786839708,2026-08-16T00:21:48Z,41618.633671405456,1786841440,2026-08-16T00:50:40Z,2,1,4.30203928,5.846439884,5683750.379800254,5683750.379800254,0.0,1.544400604,116.54046957783999,28.87,True,3,True
CbpnbXAD9PUAwVcYjHY96qooq6eNnoLiZzif766gqLPH,1786828897,2026-08-15T21:21:37Z,51591.38890722166,1787164431,2026-08-19T18:33:51Z,30,11,146.107814344,147.58236477100002,6834121.367716431,6834121.367716433,0.0,1.474550427000001,111.26957522142006,5592.23,True,41,True
CqyTUueWZJkdcJRJ6ZaZxAXvDQFGoFnL5hkEC9nxQz5o,1787074995,2026-08-18T17:43:15Z,42286.98089181025,1787076208,2026-08-18T18:03:28Z,4,4,8.08349678,9.536242336,1712933.8132528511,1712933.8132528511,0.0,1.4527455559999998,109.62417965575997,20.22,True,8,False
5Wy2s4wKGCMmA9j6on6saWZwZ6h8pbz6QMVBCSUixP2U,1786839254,2026-08-16T00:14:14Z,43456.42402557437,1786840010,2026-08-16T00:26:50Z,2,1,2.5080392799999998,3.9563317700000002,3201663.321046572,3201663.321046572,0.0,1.448292490000001,109.28815129540006,12.6,True,3,True
HPiAxtK5UGhaNTjNPqDn9WijfQhZ6YEqgHc5MeLZUiba,1786828879,2026-08-15T21:21:19Z,42618.79429290017,1787524098,2026-08-23T22:28:18Z,3,4,5.990799081,7.334824674999999,2645025.705142898,2645095.030533268,0.0,1.344025594000001,101.42017132324007,11586.98,True,7,True
57C1yd7d54aRvNJa8R6g8jppDHcgND9bo3YmvcRJ9e8F,1786828863,2026-08-15T21:21:03Z,32952.50693277181,1786839780,2026-08-16T00:23:00Z,2,3,6.06304478,7.336412355,8312175.535851877,8312175.535851877,0.0,1.2733675750000006,96.08831720950003,181.95,True,5,True
AzYbZ251ivYsTMdgtQfBMouAtcoNgMxtB7JsU7ERCmik,1786828862,2026-08-15T21:21:02Z,30597.240738538498,1786828924,2026-08-15T21:22:04Z,1,5,2.627777831,3.7664355830000003,4679803.199268404,4679803.199268404,0.0,1.1386577519999999,85.92311396591998,1.03,True,6,True
8n79PwcyrybEECM3ghGetPnm6Y2SRBVzJNd536Z1C1PU,1786839759,2026-08-16T00:22:39Z,52318.738467192765,1787270165,2026-08-20T23:56:05Z,12,7,36.100228517,37.165227268,4775003.710052902,4775003.710052901,9.313225746154785e-10,1.064998751000005,80.36480575046036,7173.43,True,19,True
AJGU1reuw27UFzBYBNxFnqXKGWgNZgTBM6CjjdjMTKXo,1786828862,2026-08-15T21:21:02Z,30184.81023965911,1786828924,2026-08-15T21:22:04Z,1,5,2.376500729,3.436230166,4289762.965815663,4289762.965815663,0.0,1.059729437,79.96718331602,1.03,True,6,True
28XmmbBDVXEWQ65Cxi1SL6196Fx1jK6dg6yTiFx5M6eT,1786828792,2026-08-15T21:19:52Z,25039.76311607542,1786829094,2026-08-15T21:24:54Z,9,1,2.1744392800000005,3.081855029,4061864.498806284,4061864.498806284,0.0,0.9074157490000002,68.47359241954001,5.03,True,10,True
3xqUaVuAWsppb8yaSPJ2hvdvfjteMq2EbdCc3CLguaTE,1786828924,2026-08-15T21:22:04Z,45892.949045312576,1787423302,2026-08-22T18:28:22Z,2,2,1.5230392799999999,2.35933003,638131.13220583,638131.13220583,0.0,0.8362907500000001,63.106499995,9906.3,True,4,True
8g1mx4TgKsvEGM7a8GM5yVRuC7k6gmjgdht5NbFzfNy6,1787075281,2026-08-18T17:48:01Z,52056.92807546461,1787075452,2026-08-18T17:50:52Z,1,14,0.50303928,1.2987191939999998,523801.069749868,523801.069749868,0.0,0.795679914,60.04200631044,2.85,True,15,False
FTnPR7WkXFU5VZ3UN6FUkR79ichSS5fsFnuVc9HVaCqu,1786828868,2026-08-15T21:21:08Z,37159.42515293466,1786828903,2026-08-15T21:21:43Z,1,1,2.549725928,3.272818504,3725421.533554542,3725421.533554542,0.0,0.7230925760000001,54.56456578496,0.58,True,2,True
Accym1M1qybvC63A5yUPHKkojjHMrGhGyySi57QjEqXz,1786828868,2026-08-15T21:21:08Z,37616.95804551671,1786828903,2026-08-15T21:21:43Z,1,1,2.4728156319999997,3.179171734,3568609.226497918,3568609.226497918,0.0,0.7063561020000004,53.30163145692003,0.58,True,2,True
FatpigGT9U4fzPZPu94Q3WeZvCKqewjWJbZoQRBQWYyU,1786828864,2026-08-15T21:21:04Z,33470.598183927184,1786842075,2026-08-16T01:01:15Z,12,6,9.351401711000001,9.966462533000001,10113604.569645295,10113604.569645293,1.862645149230957e-09,0.6150608220000005,46.41248962812003,220.18,True,18,True
D4jxiBiEmELbBtycKWqE7127RYKXrdRxKCU3SjWiQtC4,1786839759,2026-08-16T00:22:39Z,56201.9701250698,1786842702,2026-08-16T01:11:42Z,2,3,3.8354436720000002,4.407602213,3773526.704107753,3773526.704107753,0.0,0.5721585409999993,43.175083503859945,49.05,True,5,True
FMX8cSCPyFo4qTHTxuU1hYrWRXNU3NsTqxcL55jwR81f,1786839759,2026-08-16T00:22:39Z,56747.90553227584,1786842702,2026-08-16T01:11:42Z,2,3,3.785428324,4.352411498,3693208.275322195,3693208.275322195,0.0,0.5669831739999993,42.78455031003995,49.05,True,5,True
HoN94isvJN9KenCbtSPbc1uGHXsb1S4HXZnb982dwYtt,1786839759,2026-08-16T00:22:39Z,57262.72599184391,1786842702,2026-08-16T01:11:42Z,2,3,3.407023438,3.908909838,3320617.480839171,3320617.480839171,0.0,0.5018864000000001,37.872347744,49.05,True,5,True
34rTaBgPLXZXuZuP2LjpDdJZKr9NQ2P8iUy4as7fprPG,1786839581,2026-08-16T00:19:41Z,41300.0484173907,1787441504,2026-08-22T23:31:44Z,4,4,6.1280785600000005,6.53477964,2764508.321562598,2764508.321562598,0.0,0.4067010799999993,30.689663496799948,10032.05,True,8,True
HbtWtGwRt81mTnx41rQdnzQQZzDG3RkvxaMA9KYkGCmb,1786839252,2026-08-16T00:14:12Z,43152.227287275506,1786852559,2026-08-16T03:55:59Z,1,1,1.106532048,1.4969087890000001,1383726.395259909,1383726.395259909,0.0,0.3903767410000001,29.457828875860002,221.78,True,2,True
HrtVLLCBM4LXfRGLGcXBYvkkJ9xnbiJ3ob1MxKdmNs7o,1786828880,2026-08-15T21:21:20Z,43989.59896459465,1787169629,2026-08-19T20:00:29Z,5,8,22.072232107,22.450497037999998,2591567.2050144896,2591567.2050144896,0.0,0.37826493099999914,28.543871693259934,5679.15,True,13,True
9gAj3AB7qmWx5yuUeZwcCr3mroRKQuhMzJk9uAvcccLB,1786839252,2026-08-16T00:14:12Z,42767.34617236745,1786852559,2026-08-16T03:55:59Z,1,1,0.988213129,1.353423539,1245304.290011564,1245304.290011564,0.0,0.3652104099999998,27.558777538599983,221.78,True,2,True
BtHnhjh8Ta2vGZkrL76AmXMur1ADo3tpRo2kQMe2BCSU,1786828866,2026-08-15T21:21:06Z,35616.59142745867,1786840093,2026-08-16T00:28:13Z,6,2,4.073741842,4.425083835,4410299.321725357,4410299.321725357,0.0,0.3513419930000006,26.512266791780043,187.12,True,8,True
9F46qiTXmGiLK7TT8UdsrjDE15GzU2ChzUQtmToRJe72,1786828865,2026-08-15T21:21:05Z,34489.35506639176,1786828879,2026-08-15T21:21:19Z,1,1,1.62161428,1.960668612,2551499.643683619,2551499.643683619,0.0,0.3390543320000002,25.585039892720012,0.23,True,2,True
GxSdvjfBEwpXTvvvfRN9vHAPZaM4ryQVW4ktaMreEw33,1786839252,2026-08-16T00:14:12Z,42953.79829572764,1786852559,2026-08-16T03:55:59Z,1,1,0.940120163,1.266187863,1178838.990488156,1178838.990488156,0.0,0.32606770000000007,24.605068642000003,221.78,True,2,True
chrisBeZroheTb8QFUhvsFFgSsAourqQytMftMcyYi2,1786828863,2026-08-15T21:21:03Z,32610.396655521407,1786828925,2026-08-15T21:22:05Z,2,1,2.027048016,2.351244496,2968674.338589749,2968674.338589749,0.0,0.32419647999999984,24.463866380799985,1.03,True,3,True
A6Gidfg3tY1yGAqLmCQgvkjMdSyrHuAdtxwcbEa4Wg6d,1786839759,2026-08-16T00:22:39Z,55782.86813864,1786839866,2026-08-16T00:24:26Z,1,1,1.33003928,1.641061014,1283755.243865435,1283755.243865435,0.0,0.3110217339999999,23.46970004763999,1.78,True,2,True
E8B7Edi7khrojzqFgW4iJJ2Lii2jvv9B9kivkwpPfHeq,1786828866,2026-08-15T21:21:06Z,35825.04493220589,1786840093,2026-08-16T00:28:13Z,6,2,3.939783569,4.243946811,4255357.86513276,4255357.86513276,0.0,0.30416324200000006,22.952158241320003,187.12,True,8,True
5xywCUU8JhqTv7PSmHLFfSUs2duCR1hSxTjxyqR9TiUx,1786828865,2026-08-15T21:21:05Z,34223.59938300072,1786828879,2026-08-15T21:21:19Z,1,1,1.42466428,1.719418302,2257443.580803591,2257443.580803591,0.0,0.29475402200000006,22.242138500120003,0.23,True,2,True
414TRcpxccWfAiktShD7xGU3nUQsPYquAfw2LbnuW1rU,1787075283,2026-08-18T17:48:03Z,54314.8781747901,1787075849,2026-08-18T17:57:29Z,2,2,1.2668375790000002,1.557664255,489144.47869273997,489144.47869273997,0.0,0.29082667599999984,21.945780970959987,9.43,True,4,False
Ag1GPXzuV9wyCK2Ze5L9bYQ6kRwbEGpZ3yakciBJ7foY,1786839628,2026-08-16T00:20:28Z,41543.068346742344,1786889207,2026-08-16T14:06:47Z,3,2,1.47203928,1.723171823,1770206.138975088,1770206.138975088,0.0,0.251132543,18.950461694779996,826.32,True,5,True
A9XvNqVZCS29obqh6LGTABfdcJgNrzeXSbNxbweA1HYo,1786828866,2026-08-15T21:21:06Z,36227.82902077629,1786829043,2026-08-15T21:24:03Z,1,1,1.2589584249999999,1.4895196860000002,1891931.427808654,1891931.427808654,0.0,0.23056126100000035,17.398152755060025,2.95,True,2,True
DNio5ketGczp2dsB3jJCm3XNsRETaAM87q3YVMPA5F9z,1786828866,2026-08-15T21:21:06Z,35395.24767124204,1786840093,2026-08-16T00:28:13Z,6,2,4.216658666,4.446146997,4529199.1366731115,4529199.1366731115,0.0,0.22948833100000002,17.31718945726,187.12,True,8,True
2z2q5gk8TDgqCidzkXkyevXH1aDaVjWL8cQwoRbMF1Jq,1786839220,2026-08-16T00:13:40Z,43035.767604160115,1787924246,2026-08-28T13:37:26Z,174,180,10.359163740000067,10.572794725000003,1138131.8576315993,1138131.857631599,2.3283064365386963e-10,0.2136309849999997,16.120594128099974,18083.77,True,354,True
68gwUiYYRgbUU1PsRfuRYzVVZkvJjvd7zDvv8yqkbe42,1786839221,2026-08-16T00:13:41Z,43183.85845870791,1787815762,2026-08-27T07:29:22Z,8,3,5.6665303069999995,5.871528391,2513112.055075416,2513112.055075415,9.313225746154785e-10,0.20499808400000036,15.469155418640026,16275.68,True,11,True
8xZDnuQnDdKUs6EyoNN98nrYSUyHdJCZw1vrmvb3UUB1,1786828866,2026-08-15T21:21:06Z,36448.0588494688,1786829043,2026-08-15T21:24:03Z,1,1,1.18649818,1.385927791,1772082.094839489,1772082.094839489,0.0,0.19942961099999998,15.048958446059997,2.95,True,2,True
3T4di8HBeLujDhS5hhhA79PBFBYkVCAfJP4qGLf8FdFw,1786839771,2026-08-16T00:22:51Z,59091.994317344244,1787429154,2026-08-22T20:05:54Z,3,2,3.421786893,3.617412324,1554781.42347919,1554781.42347919,0.0,0.19562543099999963,14.76189502325997,9823.05,True,5,False
BfCP1ncxu7ZWp4B6TvQEcXGVSCiM2LhAzyYjG7zWyKdY,1786828880,2026-08-15T21:21:20Z,44287.76781186307,1787169629,2026-08-19T20:00:29Z,5,8,20.978976065,21.171390401999997,2700789.712316855,2700789.712316856,0.0,0.19241433700000052,14.519585870020038,5679.15,True,13,True
93u5BsWsPxuLRzcDqwecZV9TiXEV7qNavef6fscPnSb5,1786828862,2026-08-15T21:21:02Z,29322.12823216295,1787774456,2026-08-26T20:00:56Z,56,27,9.403495135,9.578393593,1215388.279006166,1215388.2790061662,0.0,0.174898458,13.19783764068,15759.9,True,83,True
222rwqVEhc4iPDqQxk8ycUhnq6t5zPN6z3ofVSEfLTBV,1786828866,2026-08-15T21:21:06Z,36651.026384814155,1786829043,2026-08-15T21:24:03Z,1,1,1.060961236,1.224733113,1575475.705268082,1575475.705268082,0.0,0.1637718770000001,12.358225838420006,2.95,True,2,True
UxDh5iCXxKKfdKeeXptm7PN7YmHb1r53H4fi9WzhFbT,1786838278,2026-08-15T23:57:58Z,33049.92688213451,1786864783,2026-08-16T07:19:43Z,1,4,0.25503928,0.405987204,412519.439317681,412519.439317681,0.0,0.15094792400000007,11.390530345040004,441.75,True,5,True
4E5zARdejTv2nK8gBKoRQbMDHUnnqZczqiDkA1TqtRp6,1786839771,2026-08-16T00:22:51Z,59208.01149006711,1787429154,2026-08-22T20:05:54Z,3,2,2.62220356,2.763632695,1204609.3267275211,1204609.3267275211,0.0,0.14142913499999976,10.67224252709998,9823.05,True,5,False
F32nhkoF86gVKGv8NmfyEE9aaKqauxGECyAqJrm7zVwr,1786828862,2026-08-15T21:21:02Z,29290.999363251325,1786828886,2026-08-15T21:21:26Z,2,1,0.342100486,0.480060297,592975.967736815,592975.967736815,0.0,0.13795981100000002,10.41044733806,0.4,True,3,True
FwiYAjHmzpH2twsMxTnkj4WDPrXFNYqTQMn8soTMYGGB,1786828925,2026-08-15T21:22:05Z,45121.827992914135,1787560488,2026-08-24T08:34:48Z,2,5,0.03418856,0.16569662100000002,24959.908533021997,25782.519859018998,0.0,0.131508061,9.92359828306,12192.72,True,7,True
2pcAKwP8tGgCMfNVKX5iaUyPq1G5tqB149QFZjarEz6E,1786839711,2026-08-16T00:21:51Z,42070.215953928455,1786841453,2026-08-16T00:50:53Z,1,1,0.41821720700000004,0.548407977,542209.473419834,542209.473419834,0.0,0.1301907699999999,9.824195504199992,29.03,True,2,True
BBQ6yYPAad3wTN5e8jUshryB9eWorKUYftk6pftQZ4J9,1786828866,2026-08-15T21:21:06Z,35505.44580774544,1786828928,2026-08-15T21:22:08Z,3,1,0.6693022860000001,0.772236979,1015465.832180091,1015465.832180091,0.0,0.10293469300000001,7.76745193378,1.03,True,4,True
CT9aXA7b5enTJcfELaE6mqXWAKWdu7jjUdTJXUoTzScg,1786840704,2026-08-16T00:38:24Z,54713.14067574481,1786841800,2026-08-16T00:56:40Z,1,1,2.382767233,2.479217655,2396943.7622204,2396943.7622204,0.0,0.09645042199999973,7.278148844119979,18.27,True,2,False
CWryqL8F79bCUPfRMnFHxXpJEyW5TixWe59hEuFXWYnD,1786828866,2026-08-15T21:21:06Z,35723.93111687407,1786828928,2026-08-15T21:22:08Z,3,1,0.618907877,0.712554019,933733.902119784,933733.902119784,0.0,0.09364614200000003,7.066537875320002,1.03,True,4,True
GEPiePuVYQcbShk7ACa2YASeLuRHqvcSZpS89keWZecG,1786828862,2026-08-15T21:21:02Z,29262.620059904853,1787774456,2026-08-26T20:00:56Z,56,27,9.733835841000001,9.822419319,1190154.0946883238,1190154.0946883238,0.0,0.08858347800000037,6.684509249880027,15759.9,True,83,True
DbRmXgZLx3fF3W4xdan48oSi8HvaBBvvojrYHLV1PgkL,1786834066,2026-08-15T22:47:46Z,33025.59453391171,1786847315,2026-08-16T02:28:35Z,1,1,0.10453928,0.192631553,166797.322131667,166797.322131667,0.0,0.088092273,6.64744292058,220.82,True,2,True
4wE2d6iZk4LnyxSCUdGDMuyEpGijzLMZYRv9F4Mops3,1786839051,2026-08-16T00:10:51Z,38221.460610964445,1786840072,2026-08-16T00:27:52Z,1,1,0.15503928,0.232635436,216184.074679885,216184.074679885,0.0,0.07759615600000001,5.855405931760001,17.02,True,2,True
8wHRoz2w13bvDuLFuceTdmL9r8MPH9kRDHZt9ehEHa7S,1786839220,2026-08-16T00:13:40Z,42966.787760445375,1786896767,2026-08-16T16:12:47Z,2,1,0.40304927999999995,0.477492626,498849.724417446,498849.724417446,0.0,0.07444334599999994,5.617494889159995,959.12,True,3,True
3ASntbRgYbkCsxeFZDN4vEiWZcBemnMAGYRyrJ73rGVJ,1786841644,2026-08-16T00:54:04Z,56452.14696161264,1786845028,2026-08-16T01:50:28Z,1,1,1.0130392799999999,1.074457508,975796.497839141,975796.497839141,0.0,0.0614182280000001,4.634619484880007,56.4,True,2,False
DHa6wxqgfTsb9v24meJo8tvZtqPBBk2MKTbcVXbmTvur,1787073675,2026-08-18T17:21:15Z,37177.2949923574,1787429377,2026-08-22T20:09:37Z,10,7,8.416330914999998,8.472077920999999,789115.7293458948,789115.7293458949,0.0,0.05574700600000032,4.2066690727600236,5928.37,True,17,False
Gue8rnckLCrNEksmCh3KCMu8SEjcPVHV1n1MUikmAn21,1786828863,2026-08-15T21:21:03Z,32512.321782287367,1786839524,2026-08-16T00:18:44Z,3,2,0.605154296,0.654719695,877369.936117538,877369.936117538,0.0,0.049565399,3.74020500854,177.68,True,5,True
9bPSz9QGH62BD8YQarZEnfCmNk6kXGMoGgTxFVxcYZfU,1786828907,2026-08-15T21:21:47Z,45168.64442602621,1787075439,2026-08-18T17:50:39Z,2,6,3.312695652,3.3612819600000003,1984634.178494617,1984634.1784946173,0.0,0.048586308000000265,3.66632280168002,4108.87,True,8,True
42nY2zqy2NXeBZDFVcTcoufecdBFgpiEjuNA5huALhdq,1786828869,2026-08-15T21:21:09Z,37871.38330822136,1786828906,2026-08-15T21:21:46Z,1,1,0.30204928,0.348930181,432001.24577279,432001.24577279,0.0,0.04688090100000001,3.5376327894600004,0.62,True,2,True
ALvMeHkXBs2q6ZxcCjQHcu2FTnsFgs9bM73NfeuotAAo,1786839729,2026-08-16T00:22:09Z,42126.48588472547,1786840623,2026-08-16T00:37:03Z,1,2,0.16463928,0.200947391,209220.612234719,209220.612234719,0.0,0.036308111,2.7398100560599996,14.9,True,3,True
3o7YPX68tAMJdYH6CeqNpvcNe9ZGcgFzBzVsoUQZgSbo,1786829925,2026-08-15T21:38:45Z,31670.202767242306,1787452068,2026-08-23T02:27:48Z,11,5,1.3593693239999998,1.015145132,541888.149162836,540334.005555189,1554.1436076470418,0.02288960400000206,1.7272495178401552,10369.05,False,16,True
JHCa7HtNnk4UhenAr8znYWSRsQQ9c4FNsNXhRnsBBJX,1786840513,2026-08-16T00:35:13Z,54243.753988616685,1787112356,2026-08-19T04:05:56Z,1,1,0.003441767,0.024806621,1406.111112048,1406.111112048,0.0,0.021364854,1.6121918828399997,4530.72,True,2,False
4fNDW8qeWdWQMdtZ6ro8kkK49ZAHtiAtzcJbFvgxNcVZ,1786828907,2026-08-15T21:21:47Z,45434.94180651704,1787075439,2026-08-18T17:50:39Z,2,6,3.480860741,3.50111641,2138642.463141473,2138642.463141473,0.0,0.020255669000000295,1.528492782740022,4108.87,True,8,True
GXUgrpvBnCDrEGQVpV5NWrrCAigURaWSwmhQ3aZtyJK4,1786828872,2026-08-15T21:21:12Z,39779.11319186419,1787157048,2026-08-19T16:30:48Z,2,3,0.20423928000000002,0.217885631,142538.589162293,142538.589162293,0.0,0.01364635099999998,1.0297536464599983,5469.6,True,5,True
CUkKyTN2GnkLKSucTF24qjhFn6jgSDAUQHF3RzLKhsZf,1786828074,2026-08-15T21:07:54Z,24964.21759508339,1787490739,2026-08-23T13:12:19Z,15,15,0.0025392800000003024,0.015116534000000324,112.87442224200001,95.44446482700002,17.42995741499999,0.013309128369970029,1.0043068267979383,11044.42,False,30,True
vPczFpjUEeMfYTtPkwqNYdJXvFBB1dDVBUA4sbMocQe,1786828871,2026-08-15T21:21:11Z,38456.606357087774,1786841848,2026-08-16T00:57:28Z,1,1,0.03,0.040526508999999995,42929.467812862,39419.019285005,3510.448527856999,0.012979683036416943,0.9794468819280224,216.28,False,2,True
2DyAQuG7wS9ei3jR1msrc6NynB4WW7k6MHYCLQpVLpYU,1786839319,2026-08-16T00:15:19Z,39486.21969279433,1786839540,2026-08-16T00:19:00Z,1,1,0.25204928,0.259120592,348766.02349636,348766.02349636,0.0,0.007071311999999982,0.5336012035199986,3.68,True,2,True
2BKqXUifh1GJ2C9eWYGy4tZNdUtWhewUpMpfkizfgVT1,1786839702,2026-08-16T00:21:42Z,41210.581325150095,1786841440,2026-08-16T00:50:40Z,1,1,0.02103928,0.027972321999999997,25143.155034703,25143.155034703,0.0,0.006933041999999996,0.5231673493199996,28.97,True,2,True
4W1G7xANgXQK3zxMktXQDaVQL8gNvbdSwKJSeCA4xesy,1786828908,2026-08-15T21:21:48Z,46330.0952252915,1787076897,2026-08-18T18:14:57Z,2,2,0.6410733829999999,0.645729493,175154.117371689,175154.117371689,0.0,0.00465611000000005,0.35135006060000373,4133.15,True,4,True
DwKefQ1wxD5FtKsAkhM1fVWEmCmjFJix3qABHdjhHyBt,1786840521,2026-08-16T00:35:21Z,54270.484179899424,1786849411,2026-08-16T03:03:31Z,2,2,0.09427856,0.09691982,84337.214704951,84337.214704951,0.0,0.002641260000000015,0.19930947960000112,148.17,True,4,False
5GjQkGJF1NtAsTt9P8Q3Ni6SD2QsSZ1sSnsi8GBqDnt5,1786828074,2026-08-15T21:07:54Z,24964.25159549949,1787713930,2026-08-26T03:12:10Z,5,4,0.0026992800000000773,0.00509563200000004,880.38869901,880.38869901,0.0,0.002396351999999963,0.18082872191999722,14764.27,True,9,True
9Q7rXKnZr3xDm5jgEARhh9sPMk4pDpXsct1HjaPsQZqi,1786828074,2026-08-15T21:07:54Z,24964.228938122782,1787077414,2026-08-18T18:23:34Z,1,8,0.002144279999999989,0.002638432000000009,220.65895744,210.79536309600002,9.863594343999978,0.0005900026662287096,0.04452160119361843,4155.67,False,9,True
ricEmGn6WZ9kN2ASm1MAt7LoE1hBgu1VcQrjRwkAPfc,1786828074,2026-08-15T21:07:54Z,24964.272748965523,,,1,0,0.0021192800000005237,0,176.526856131,0.0,176.526856131,0.0,0.0,,False,1,True
DUtc1iJDXEabmCKFK8ig5QptVBPcLQp1TpRKx4cHkugW,1786828878,2026-08-15T21:21:18Z,41939.68725656628,,,0,0,0,0,0.0,0.0,0.0,0.0,0.0,,False,0,True
G3z69eMv5ma1zpgRgC8ZrnXdYd92xGzbcpAL3Xu1rtCx,1786828881,2026-08-15T21:21:21Z,44671.61475036031,,,1,0,0.00203928,0,326600.490041617,0.0,326600.490041617,0.0,0.0,,False,1,True
WMpADmWVXtqXEu2LLyf2z9YFoYhqUQqCtiq5wcxKc91,1786828884,2026-08-15T21:21:24Z,45256.1135156513,,,0,0,0,0,0.0,0.0,0.0,0.0,0.0,,False,0,True
CJ7yAUC3Tf52WGrH8LvHzcnib6hGfmU9XDgGni7RDKZu,1786828888,2026-08-15T21:21:28Z,44213.422931803834,,,0,0,0,0,0.0,0.0,0.0,0.0,0.0,,False,0,True
2DiqW9pMM5vMFsD58UnGJ5q2RtQqcxjXbagmMpfyrSXE,1786828890,2026-08-15T21:21:30Z,44472.55410245202,,,0,0,0,0,0.0,0.0,0.0,0.0,0.0,,False,0,True
EP6c5XDNctm4r9ZrrVP45dss1hLQNRHgSLDJ8k31v7MU,1786828890,2026-08-15T21:21:30Z,44506.961211795606,,,0,0,0,0,0.0,0.0,0.0,0.0,0.0,,False,0,True
2tUXGWx44f8mop8Jz2Zd8PkUTfAfMdHbSLM1KbCw2vtr,1786828890,2026-08-15T21:21:30Z,44337.16159494271,,,0,0,0,0,0.0,0.0,0.0,0.0,0.0,,False,0,True
iPd62qsfFGLukvKKdRNY8boCgkusWC7NGuUQgqbPdAe,1786828891,2026-08-15T21:21:31Z,44543.88464904532,,,0,0,0,0,0.0,0.0,0.0,0.0,0.0,,False,0,True
EzKDs32Qd396gg48HZKGibvfAdS27KTmcCfdEp6euSLt,1786828891,2026-08-15T21:21:31Z,45546.46746863361,,,0,0,0,0,0.0,0.0,0.0,0.0,0.0,,False,0,True
AykRD4Q2kvWg9xPcBMkqcp6dTNivsRE6NptVFnP7UA41,1786828894,2026-08-15T21:21:34Z,47024.93631665211,,,0,0,0,0,0.0,0.0,0.0,0.0,0.0,,False,0,True
62ovA8SEVSRvPTgUg4pJHHh2RndELuzso4SeQp3v5ww1,1786828894,2026-08-15T21:21:34Z,47413.85069636633,,,0,0,0,0,0.0,0.0,0.0,0.0,0.0,,False,0,True
A3sfxHqQudZUibeQkq5h4aR8hvFAA1VC2phWfULnh5p2,1786828895,2026-08-15T21:21:35Z,49421.34050272554,,,0,0,0,0,0.0,0.0,0.0,0.0,0.0,,False,0,True
Ep9RXxeqUSxQHJtRvvL9f2SLWaYntJq86BdJzYwWJcXv,1786828896,2026-08-15T21:21:36Z,50235.23857763388,,,0,0,0,0,0.0,0.0,0.0,0.0,0.0,,False,0,True
4gaNGJv5bHET5vAjjLRLSDo7Lqe9b68z5CyxbWzC1rVR,1786828899,2026-08-15T21:21:39Z,51742.905452622166,,,0,0,0,0,0.0,0.0,0.0,0.0,0.0,,False,0,True
BSbZ4PwtPa1Y7sLXiMi2tj9gtwDy7GobiUd7Z5z9YUEV,1786828899,2026-08-15T21:21:39Z,52176.234296925846,,,0,0,0,0,0.0,0.0,0.0,0.0,0.0,,False,0,True
5jc5qTA8nDYaW9z56LB59JrrNV1XrtSYivWqK7qz85Q1,1786828899,2026-08-15T21:21:39Z,51918.8156832566,,,0,0,0,0,0.0,0.0,0.0,0.0,0.0,,False,0,True
2rMr5ux8jXoyco73jCpwWsqeGm8oDQ3XqewKdonEoWTs,1786828899,2026-08-15T21:21:39Z,51714.13984647036,,,0,0,0,0,0.0,0.0,0.0,0.0,0.0,,False,0,True
DJM99E1zfNPPFG8T19egAk1YUGXzo57sP6F5ftXZfnfW,1786828900,2026-08-15T21:21:40Z,52114.11303028774,,,0,0,0,0,0.0,0.0,0.0,0.0,0.0,,False,0,True
9pbz6YH4FmEMjEfzjax5q4zhxWrdQuV8BRpMqcW6brhy,1786828904,2026-08-15T21:21:44Z,47346.60305486792,,,0,0,0,0,0.0,0.0,0.0,0.0,0.0,,False,0,True
8PoAf6MS2mifZeDUqtq3SjVJMNZJhUPJZ4QhNtDSEM5e,1786828905,2026-08-15T21:21:45Z,46155.78739101181,,,0,0,0,0,0.0,0.0,0.0,0.0,0.0,,False,0,True
BLNRTqjLxwKAN3qiPsLrAgmGzKbmN7d5RZXeYDiTC2bT,1786828905,2026-08-15T21:21:45Z,46935.685477617495,,,0,0,0,0,0.0,0.0,0.0,0.0,0.0,,False,0,True
8mBxJr7wYrVnt6Qa9V3QEeXCeSBeoPAycz4izvzK5gUe,1786828906,2026-08-15T21:21:46Z,47750.001062042415,,,0,0,0,0,0.0,0.0,0.0,0.0,0.0,,False,0,True
3hRnQGEHYJ1QHRQgpzpGsvZF7jDYzvC2w9ULbqYEP7Xp,1786828907,2026-08-15T21:21:47Z,46042.89803137366,,,0,0,0,0,0.0,0.0,0.0,0.0,0.0,,False,0,True
6EAqwfBZQpLtgMQtcm6xU4YuuHwXgPe55iWiuqFkfncR,1786828907,2026-08-15T21:21:47Z,46277.3694525018,,,0,0,0,0,0.0,0.0,0.0,0.0,0.0,,False,0,True
FxJaxuLmPsnxZs9bNSqSJtiiC32886C1Cky69ZbXgDQp,1786828909,2026-08-15T21:21:49Z,46241.56068284307,,,0,0,0,0,0.0,0.0,0.0,0.0,0.0,,False,0,True
CbSUP1RPirN1A46RsE6A2YyBuWoQjXHNkjFhpKdDUCgC,1786828912,2026-08-15T21:21:52Z,45599.22608366355,,,0,0,0,0,0.0,0.0,0.0,0.0,0.0,,False,0,True
8ytLePXHEfmi3SWoggJEkB2KMfofjD1sdKhKtVTr5ZVp,1786828916,2026-08-15T21:21:56Z,45611.14166603217,,,0,0,0,0,0.0,0.0,0.0,0.0,0.0,,False,0,True
6DmbT8rYfdFDbndrQ6zpYc1rdtAy7irAU3qGameQfryk,1786828919,2026-08-15T21:21:59Z,45736.53408262589,,,0,0,0,0,0.0,0.0,0.0,0.0,0.0,,False,0,True
B8ZpSGmPJJFdvt9MakPubch2MkvxTtWu6PjJnTrHF75j,1786828923,2026-08-15T21:22:03Z,45835.957419623046,,,0,0,0,0,0.0,0.0,0.0,0.0,0.0,,False,0,True
7a5FetHAf3UriTT3eb1xi5GZ1DzwkRDr23iAd7BFg74q,1786828928,2026-08-15T21:22:08Z,42459.21742708406,,,0,0,0,0,0.0,0.0,0.0,0.0,0.0,,False,0,True
EnF1pSuMfvHS6bNoUrb5NCLUJCpQvfuogRRxBVaNzdHz,1786828929,2026-08-15T21:22:09Z,42424.9132936783,,,0,0,0,0,0.0,0.0,0.0,0.0,0.0,,False,0,True
GtwB1MUNEuLNvV5tu6sBFkXDSAYxyxwW5G2Q3cWT1Q7Q,1786828930,2026-08-15T21:22:10Z,42816.90871576576,,,0,0,0,0,0.0,0.0,0.0,0.0,0.0,,False,0,True
DytdKDiFKMaamNLUCqKg2U1QPUQF3qbvRtBJP5GXSVPE,1786828937,2026-08-15T21:22:17Z,43813.01656063906,,,0,0,0,0,0.0,0.0,0.0,0.0,0.0,,False,0,True
FuP93UtvWKE7kaEE9ChAzgP2Gm7AWo1nuT3V582oNmuL,1786828941,2026-08-15T21:22:21Z,44484.15255071139,,,0,0,0,0,0.0,0.0,0.0,0.0,0.0,,False,0,True
HLwcSBVXwFVYaRiPPWNThhY7JEEaBWuMUE1zNFA1CZcq,1786828948,2026-08-15T21:22:28Z,44724.72503412912,,,0,0,0,0,0.0,0.0,0.0,0.0,0.0,,False,0,True
H9YQQFujx9rRvhgfCxkRP7saHUweYu1fmfaFgffYLncB,1786828955,2026-08-15T21:22:35Z,44971.913174706475,,,0,0,0,0,0.0,0.0,0.0,0.0,0.0,,False,0,True
5Km84YQL6c2sP72UdwCzxKipZDiiWhPiPtyCoS8p5mnc,1786828961,2026-08-15T21:22:41Z,44998.46412060666,,,0,0,0,0,0.0,0.0,0.0,0.0,0.0,,False,0,True
DmZosFhvZ1XpCDfuZyLToo8tPPXBMRtNP94MqFmiDW1Y,1786828998,2026-08-15T21:23:18Z,44701.02408878744,,,0,0,0,0,0.0,0.0,0.0,0.0,0.0,,False,0,True
797DWD1EgHha4fKdDvCiqZKodTMem1rBR655hfwvqtJH,1786829054,2026-08-15T21:24:14Z,43413.841953596384,,,0,0,0,0,0.0,0.0,0.0,0.0,0.0,,False,0,True
J2umWYiSeXLmRTxfhUvqUCwg2E1F2iBigPFJMXQUR3bN,1786829188,2026-08-15T21:26:28Z,35237.68691662689,,,0,0,0,0,0.0,0.0,0.0,0.0,0.0,,False,0,True
23fm4Acq4eYbJ2c7TBqT5EcLbHJNDsRi5r24AN63opkE,1786833629,2026-08-15T22:40:29Z,33005.51844644314,,,1,0,0.134470873,0,219136.284349736,0.0,219136.284349736,0.0,0.0,,False,1,True
AXxYiSJDYECH1NzMQERGpZ8TYeAQ9XpMGiGqEsX14wUK,1786839476,2026-08-16T00:17:56Z,40294.43297184822,,,0,0,0,0,0.0,0.0,0.0,0.0,0.0,,False,0,True
FiE5vpyuLb1wdHXAfU6UnZhejvfaQX9YzhgEG6w8a4fy,1786840094,2026-08-16T00:28:14Z,58039.14093349952,,,0,0,0,0,0.0,0.0,0.0,0.0,0.0,,False,0,False
AYT9Jge4CkSN29YnGk9hueftUN44cBHNmKXUVYe78PSz,1786840095,2026-08-16T00:28:15Z,58228.443521050736,,,0,0,0,0,0.0,0.0,0.0,0.0,0.0,,False,0,False
3VQwhhKaBwFnSuKvn1wwZ9mWmYT97ueiYPGWGDdQoiiz,1786840100,2026-08-16T00:28:20Z,58412.55356129105,,,0,0,0,0,0.0,0.0,0.0,0.0,0.0,,False,0,False
57otK5faRLMQQKmcSBnzdzPadqEvSdcYjToZbadRYozS,1786840107,2026-08-16T00:28:27Z,58538.08456346326,,,0,0,0,0,0.0,0.0,0.0,0.0,0.0,,False,0,False
DRNJMG4qbs4mTkbrXqJC4MGRJ5J2g2EG7pi4Tbjuaoe6,1786840114,2026-08-16T00:28:34Z,59405.45764866299,,,0,0,0,0,0.0,0.0,0.0,0.0,0.0,,False,0,False
8MEiwYyCwfzMn1giRq6enBLETdrtJrYvuReUXEz6d1Yz,1786840140,2026-08-16T00:29:00Z,58655.18607849907,,,0,0,0,0,0.0,0.0,0.0,0.0,0.0,,False,0,False
91rtB5KC7hzdYW9RAuiN7Zxq28QvdLcWUhhdnnTRMKS4,1786840151,2026-08-16T00:29:11Z,59052.52658177532,,,0,0,0,0,0.0,0.0,0.0,0.0,0.0,,False,0,False
Fe9928SLwBPxbn8Bze81HLLwJM6tussCLSxcmfgLuwDN,1786840155,2026-08-16T00:29:15Z,59090.577542584244,,,0,0,0,0,0.0,0.0,0.0,0.0,0.0,,False,0,False
ChkCxVFCvnCKbfa7J4Lh1u9vnVeinsebGYgC1Vw89ecS,1786840157,2026-08-16T00:29:17Z,59254.92741431292,,,0,0,0,0,0.0,0.0,0.0,0.0,0.0,,False,0,False
8c9RbKcSY6eeir1cRotCkKZUzK1e3a5shCSpiMNduR8e,1786840162,2026-08-16T00:29:22Z,59428.65569505143,,,0,0,0,0,0.0,0.0,0.0,0.0,0.0,,False,0,False
7hHDyJKtq3yHf31ss3nPTfspB18viogLRMNtCntzAFpy,1786840449,2026-08-16T00:34:09Z,52745.1716843623,,,0,0,0,0,0.0,0.0,0.0,0.0,0.0,,False,0,False
Dukg6AvDojqLcB68McsBbL8T5UijK5xkv7JyTqNC21qM,1786840499,2026-08-16T00:34:59Z,53212.36577023672,,,0,0,0,0,0.0,0.0,0.0,0.0,0.0,,False,0,False
5CfprKNWnqRxysaGiDcwXEPXcGVhu3k1Cma9nDQHRBeP,1786840524,2026-08-16T00:35:24Z,54312.49620231431,,,0,0,0,0,0.0,0.0,0.0,0.0,0.0,,False,0,False
Cm6KKiztgkHgxqbq92ufKExGz6iscrdUndih5K4b6fof,1786840623,2026-08-16T00:37:03Z,54241.58151031891,,,0,0,0,0,0.0,0.0,0.0,0.0,0.0,,False,0,False
BRAxz6KJ3Wdp6NASjBoeDSuPHsKJnpUo1AzSgyDNMLgz,1786840629,2026-08-16T00:37:09Z,54445.634050463515,,,0,0,0,0,0.0,0.0,0.0,0.0,0.0,,False,0,False
Bcs447nfjXziZe21VAMQnuxxMfy7M7s4LZy8wFL7Mjey,1786840744,2026-08-16T00:39:04Z,55494.45166733522,,,0,0,0,0,0.0,0.0,0.0,0.0,0.0,,False,0,False
AD8mrydcbwneSJKnUDL2HA57nUQYhfD8ikEPCTjtZwnf,1786840829,2026-08-16T00:40:29Z,55514.23265749725,,,0,0,0,0,0.0,0.0,0.0,0.0,0.0,,False,0,False
Hv5dfpyktj4dM4ZWGCGmi8Xt7CpNtL4RSsEc7GoKc6Gd,1786841004,2026-08-16T00:43:24Z,55384.79600945101,,,0,0,0,0,0.0,0.0,0.0,0.0,0.0,,False,0,False
4i6x6WrR6sok6J4MLagfeJ1rzvBaZViB6b1DDSgPStJX,1786841128,2026-08-16T00:45:28Z,55490.027820802134,,,0,0,0,0,0.0,0.0,0.0,0.0,0.0,,False,0,False
Hyu8wzD1C95ZNsfyU1Pv4r8JvGmXTMKynYdgBCX5kaWh,1786841283,2026-08-16T00:48:03Z,55551.99538352773,,,0,0,0,0,0.0,0.0,0.0,0.0,0.0,,False,0,False
BwHFa2tre3s6krZzsdmxMT75381uRYc4tDq3Ghu4e8AL,1786841434,2026-08-16T00:50:34Z,56545.83013823466,,,0,0,0,0,0.0,0.0,0.0,0.0,0.0,,False,0,False
BUmNe6kXsPSUDjw1Te4h2QHzqMGs8WMcyokW7TLQTw8H,1786841566,2026-08-16T00:52:46Z,55743.71906783278,,,0,0,0,0,0.0,0.0,0.0,0.0,0.0,,False,0,False
CT3qzY7HBP72LuNPA7qNGX6msmtUwM2y6RvwQ7W5JXJN,1786841952,2026-08-16T00:59:12Z,57988.13991111804,,,1,0,9.00203928,0,8506798.202759271,0.0,8506798.202759271,0.0,0.0,,False,1,False
Db5NMor6NFDJ9ZWezHZtTxCeegQ9nEyaUn2zojS2uQK6,1786882549,2026-08-16T12:15:49Z,56851.70110769426,,,0,0,0,0,0.0,0.0,0.0,0.0,0.0,,False,0,False
6HgdV9x8DsYrfUjajNd9vyZSuSuUZFe2yiuJHKuqH6ad,1787073056,2026-08-18T17:10:56Z,37140.83709206628,,,0,0,0,0,0.0,0.0,0.0,0.0,0.0,,False,0,False
2Epn5w9hTFHJZjJ93cXbXdS3EaVoEyyZL47pzMeboH9u,1787074683,2026-08-18T17:38:03Z,37944.2046451003,,,2,0,0.028717839999999998,0,1425209.923511247,0.0,1425209.923511247,0.0,0.0,,False,2,False
8GriRP9Ea6QsHLxTdMi3RDMkYwhYWErLQd2CAvEPFViP,1787074864,2026-08-18T17:41:04Z,38584.400616318235,,,6,0,0.043566600000000004,0,5524958.366764128,0.0,5524958.366764128,0.0,0.0,,False,6,False
HytCavJKtjSAp8gTmywLnLR5JwPdaQsNvZm9VsXm3oRZ,1787074864,2026-08-18T17:41:04Z,40770.585673827794,,,6,0,0.043566600000000004,0,3990240.061823275,0.0,3990240.061823275,0.0,0.0,,False,6,False
4MowcRoyZazf3YbtqiYNUTZbDpZdKjtymLANsX1CT1mz,1787074864,2026-08-18T17:41:04Z,39266.19066206561,,,6,0,0.043566600000000004,0,5186573.192737834,0.0,5186573.192737834,0.0,0.0,,False,6,False
6NceTehWXtdQ6sQxmqRUuRqGvu4sWfJWJA5Y6fizvDUY,1787074864,2026-08-18T17:41:04Z,39813.668134381034,,,6,0,0.043566600000000004,0,3293035.4736871743,0.0,3293035.4736871743,0.0,0.0,,False,6,False
BWztqTdbi9UuLEzay2138rCQ3fga4R3XeMdJdKKUz8nV,1787074864,2026-08-18T17:41:04Z,40264.421869159545,,,6,0,0.043566600000000004,0,3642029.6888579167,0.0,3642029.6888579167,0.0,0.0,,False,6,False
GTg9GTpTZRqqPeUDxdyjgR1HDKscYcH4qVr5KigXRVN1,1787074977,2026-08-18T17:42:57Z,41754.89260878246,,,1,0,0.010526724,0,1261128.153867921,0.0,1261128.153867921,0.0,0.0,,False,1,False
Bisnq9ZHwdrVw5pGy8rw2XgJS5oEGufGb91ds8wcZL7V,1787074977,2026-08-18T17:42:57Z,41947.14775055144,,,1,0,0.010526724,0,1335310.272196213,0.0,1335310.272196213,0.0,0.0,,False,1,False
8fqSwa22G6K5zz7XNUcvYSKuhjkNab7tJhVPsoTizA4h,1787074977,2026-08-18T17:42:57Z,41566.49129841499,,,1,0,0.010526724,0,1300723.086100823,0.0,1300723.086100823,0.0,0.0,,False,1,False
YhpTNJmMho3gomeDYnSDsRZVcTNAMfgEPdgMdorvWto,1787075124,2026-08-18T17:45:24Z,42618.91643299295,,,0,0,0,0,0.0,0.0,0.0,0.0,0.0,,False,0,False
6GQuYzYnSe7co7x6yHyHdkSps6ingHcZav4okeRr87uP,1787075199,2026-08-18T17:46:39Z,43803.41704833781,,,1,0,0.00558751,0,2474068.356629423,0.0,2474068.356629423,0.0,0.0,,False,1,False
2UL4BgkFtc21mwQ5KAh7twQFBn6MyCNnXqCi8oqV2GSm,1787075261,2026-08-18T17:47:41Z,44496.37296820477,,,1,0,0.008428805,0,796182.433935847,0.0,796182.433935847,0.0,0.0,,False,1,False
CJuepni3k1F8ZzBbG7Tp1ed6bTFb287rnKQpEFynTPSn,1787075261,2026-08-18T17:47:41Z,44627.07955079697,,,1,0,0.008428805,0,810501.551035539,0.0,810501.551035539,0.0,0.0,,False,1,False
4LD2Rm6RC7eGYfDvicthx628UJE4DwA7ADcgvsghjGtU,1787075261,2026-08-18T17:47:41Z,44364.564576476725,,,1,0,0.008428805,0,831212.199469911,0.0,831212.199469911,0.0,0.0,,False,1,False
BVmv2JfCyRsPhPJbvga1bZeCGUKCqNpUL9jjznf6CGbC,1786828874,2026-08-15T21:21:14Z,40056.50292951613,1786828928,2026-08-15T21:22:08Z,1,1,0.345372615,0.343344783,453816.863428313,453816.863428313,0.0,-0.002027831999999998,-0.15302020271999983,0.9,True,2,True
EErFiYRztMkFC1FRj1XWwUZiHeSuSzcRrdiTVVxhaNSj,1786952396,2026-08-17T07:39:56Z,51015.7157202601,1786955137,2026-08-17T08:25:37Z,1,1,0.05203928,0.049529588000000006,53989.056629884,53989.056629884,0.0,-0.0025096919999999935,-0.1893813583199995,45.68,True,2,False
GRuBUh2CQu2zf18sH362TorLh13z95MTSUqibm3gbwGS,1786829004,2026-08-15T21:23:24Z,44727.77944167908,1786836704,2026-08-15T23:31:44Z,1,1,0.004539280000000001,0.001836872,3078.948250274,3078.948250274,0.0,-0.0027024080000000008,-0.20392370768000004,128.33,True,2,True
D73A6HfSWRUnwDX1qxq97pkjiGi89Bs3ySCTab4wG6vy,1786898487,2026-08-16T16:41:27Z,53592.90356545502,1786898505,2026-08-16T16:41:45Z,1,1,0.03213928,0.029156177000000002,30527.334180166,30527.334180166,0.0,-0.0029831029999999948,-0.22510495237999958,0.3,True,2,False
7wtvhNbDvtVjAurrZf7Q9wda4Jyf91wuGgrRW5yMicsi,1786946077,2026-08-17T05:54:37Z,50985.70003122871,1786959745,2026-08-17T09:42:25Z,1,1,0.40203928,0.39873985700000003,431734.556627778,431734.556627778,0.0,-0.0032994229999999745,-0.24897445957999806,227.8,True,2,False
G2eAEzJFLTH9oryFxdqMmzp1J5iRVU6Kwes5fWTvk2W2,1786828896,2026-08-15T21:21:36Z,50805.84758055754,1786828901,2026-08-15T21:21:41Z,1,1,0.34211583700000003,0.33680752999999997,364608.49889052,364608.49889052,0.0,-0.005308307000000072,-0.4005648462200054,0.08,True,2,True
6EUJHx9pdF3buJK2eJ9g6a2naw54hBX1Y67yLd1FitAS,1787074364,2026-08-18T17:32:44Z,37720.21712224755,1787074592,2026-08-18T17:36:32Z,1,1,0.255088769,0.247022707,366388.069267421,366388.069267421,0.0,-0.008066062000000004,-0.6086650385200002,3.8,True,2,False
AeLQkoBgDQfWCmRi33WEDpqe42f8EQMf5Cx2v5AmnfPv,1786828983,2026-08-15T21:23:03Z,44649.57433402361,1786829008,2026-08-15T21:23:28Z,1,1,0.25203928,0.243219183,305349.771196437,305349.771196437,0.0,-0.008820096999999964,-0.6655645196199973,0.42,True,2,True
HtBpTLs6cPw65ENWJToYYPaiUiPE2UznPLwkJQk3WWXH,1786828901,2026-08-15T21:21:41Z,51750.58440357199,1786829094,2026-08-15T21:24:54Z,1,1,0.05314928,0.038799946,52690.177179865,52690.177179865,0.0,-0.014349333999999998,-1.0828007436399998,3.22,True,2,True
5GQehHSu8aV8NEKLdDuSTg3iAMzfeqc4zXx6e24ExdC9,1786839205,2026-08-16T00:13:25Z,39278.212397540905,1786839422,2026-08-16T00:17:02Z,1,1,0.209039281,0.194656039,280490.398814917,280490.398814917,0.0,-0.014383242000000008,-1.0853594413200005,3.62,True,2,True
AnonH2TuipeipbvvVYGCmaJCvkddAiLZZoNAa5u1aELh,1786828844,2026-08-15T21:20:44Z,25375.596199562886,1786828849,2026-08-15T21:20:49Z,1,1,0.65363928,0.633689283,1396921.543012971,1396921.543012971,0.0,-0.01994999700000004,-1.5054267736200029,0.08,True,2,True
313NexhpvkJjxg9xAnJyF1ztss8R88z9SZUTbp8mqCH8,1786828906,2026-08-15T21:21:46Z,45712.99946456456,1786828937,2026-08-15T21:22:17Z,1,1,0.30213927999999995,0.276300207,357895.67431424,357895.67431424,0.0,-0.025839072999999928,-1.9498164485799945,0.52,True,2,True
HbYd46DFHe7vLRGKW122XDPiUzcxLw4g8hPUtwfCNpV2,1786828907,2026-08-15T21:21:47Z,45711.672186018935,1787075439,2026-08-18T17:50:39Z,2,6,3.240468773,3.2099411840000007,2040352.3600183348,2040352.3600183346,2.3283064365386963e-10,-0.03052758900000002,-2.3036118659400016,4108.87,True,8,True
41v6px7eUmd1Cd2YjzGS1SweKG7FJ7Ds3XsoF42nEucb,1786840166,2026-08-16T00:29:26Z,59492.98620917444,1786949364,2026-08-17T06:49:24Z,1,1,0.11053928,0.07697573299999999,92592.103390058,92592.103390058,0.0,-0.03356354700000001,-2.532705256620001,1819.97,True,2,False
3oFvZBPok8pbTakfe2ujRywJ7hRRzL4CNroCZ2JAv9NY,1786840107,2026-08-16T00:28:27Z,58677.45780442633,1786841343,2026-08-16T00:49:03Z,3,1,0.51703928,0.477220799,478711.719673664,478711.719673664,0.0,-0.03981848100000009,-3.004702576260007,20.6,True,4,False
GXp177AWFe943QKiBgMYeUqUQipPFPVkzfnt9ocuhoHc,1786840713,2026-08-16T00:38:33Z,55011.475935112,1786909420,2026-08-16T19:43:40Z,1,1,0.28800169400000003,0.2383741,284917.061723806,284917.061723806,0.0,-0.049627594000000046,-3.7448982432400033,1145.12,True,2,False
46GgdrYrbGmy6edQpU2fsAhg1TjEhvt4voJEjofggDqv,1786840213,2026-08-16T00:30:13Z,59807.18788187115,1786841150,2026-08-16T00:45:50Z,1,1,0.5994108499999999,0.547081511,550213.048921433,550213.048921433,0.0,-0.052329338999999864,-3.9487719209399894,15.62,True,2,False
8wnqJrLyop5wdCTwRpMKFK5db5B3s5J6e5ToTYFaj9iK,1786828876,2026-08-15T21:21:16Z,41680.55252008398,1786828878,2026-08-15T21:21:18Z,1,1,1.0211457800000001,0.966583844,1308402.742534659,1308402.742534659,0.0,-0.05456193600000017,-4.117243690560013,0.03,True,2,True
F5CMB2ofwmm9TmnbuqctDb7hcvm1azTxnVckzxqFiSeC,1786937945,2026-08-17T03:39:05Z,47565.41043063223,1786964835,2026-08-17T11:07:15Z,2,2,15.952039280000001,15.894626392,18021705.782813825,18021705.782813825,0.0,-0.05741288800000033,-4.332376528480024,448.17,True,4,False
EiBxtACDSdF4zKNr4QoJd9bew4g6pdHiWFz21qs3K8WU,1786839934,2026-08-16T00:25:34Z,54232.47255008391,1786841504,2026-08-16T00:51:44Z,5,2,0.50203928,0.44202131499999997,430697.040689488,430697.040689488,0.0,-0.060017964999999986,-4.5289556388999985,26.17,True,7,False
BULL9XniY8nknkxmDFDH74JuSG3TTVUfqx3kbpmDfCqV,1786828876,2026-08-15T21:21:16Z,41873.98529052564,1786828878,2026-08-15T21:21:18Z,1,1,1.0211457800000001,0.957701211,1302358.704318882,1302358.704318882,0.0,-0.063444569,-4.78752717674,0.03,True,2,True
Aj6mFhvswf5fJgX1kJVLXuW5UN6iDDWrm4KdGaEZXLQX,1786840161,2026-08-16T00:29:21Z,59354.684599123844,1787525010,2026-08-23T22:43:30Z,3,2,0.47407856,0.41009541000000005,171746.84416426704,171746.844164267,2.9103830456733704e-11,-0.06398315000000002,-4.828168499000001,11414.15,True,5,False
FDHKhuR28AQ9HbGnZmWR5JnVXdYDSCiWRFA5Pjtoapfj,1786839502,2026-08-16T00:18:22Z,41240.7442845851,1786841489,2026-08-16T00:51:29Z,3,1,0.4663709509999999,0.397778515,396592.878970851,396592.878970851,0.0,-0.06859243599999994,-5.175985220559995,33.12,True,4,True
Noob3sJKdLH1w2zxhNBdARVt9ZsWjR3tJBr6mBfPVuX,1786839223,2026-08-16T00:13:43Z,44590.49470282229,1786839274,2026-08-16T00:14:34Z,3,1,2.3381354419999996,2.268145896,2792621.462952881,2792621.462952881,0.0,-0.06998954599999965,-5.281411141159974,0.85,True,4,True
3pR6QRNxH5y9WCg6Gb3tuthRqn6vCH5uj9xPnva6Qwen,1786873507,2026-08-16T09:45:07Z,56803.62905218851,1787027329,2026-08-18T04:28:49Z,5,7,1.3530785600000002,1.256265789,1527617.0218286118,1527617.0218286118,0.0,-0.09681277099999988,-7.30549169965999,2563.7,True,12,False
FARMERLBMZm3N1bNjhcUfDkJSdRMDgLHe4HPgArtnDAo,1786839223,2026-08-16T00:13:43Z,44990.71446023811,1786839274,2026-08-16T00:14:34Z,3,1,2.3381354429999996,2.228734946,2772334.870055412,2772334.870055412,0.0,-0.10940049699999989,-8.25536150361999,0.85,True,4,True
2XJEETjrL7aeAq1Ua5hHwrUmbExK9rTJom19zAphowU3,1786839223,2026-08-16T00:13:43Z,44790.38130922373,1786839274,2026-08-16T00:14:34Z,3,1,2.3381354419999996,2.214243931,2782441.98703158,2782441.98703158,0.0,-0.12389151100000002,-9.348853420060001,0.85,True,4,True
CJgBunSv2nagagWqBuPtQmrsPmPajewsZjvGyZhpNSzb,1786840452,2026-08-16T00:34:12Z,52968.73550315768,1786943338,2026-08-17T05:08:58Z,1,1,2.01162178,1.877762935,2059137.289557744,2059137.289557744,0.0,-0.13385884500000003,-10.100988443700002,1714.77,True,2,False
b8TXHpvWkirncQFk8evgCXHAcnqSjtjpUj1K6hyGA5n,1786845543,2026-08-16T01:59:03Z,58653.52099845576,1786890522,2026-08-16T14:28:42Z,2,1,1.335139282,1.180775544,1229566.628934575,1229566.628934575,0.0,-0.15436373799999983,-11.648287669479986,749.65,True,3,False
FqMb2ipgYRb8r3gKuXmzF6DbjYDVLnAZEiyBs69y6aGh,1786839286,2026-08-16T00:14:46Z,40139.410143209825,1787488253,2026-08-23T12:30:53Z,2,2,2.50605856,2.340402823,686458.6754950279,686458.6754950279,0.0,-0.16565573699999986,-12.500381914019988,10816.12,True,4,True
3D9RV4qbFUiNVbzD5EAp8zW1FWbZoS2xgp3rMb8qS3Qv,1786829415,2026-08-15T21:30:15Z,33027.47126769241,1786989752,2026-08-17T18:02:32Z,2,2,1.254009225,1.08362609,1590165.312174509,1590165.312174509,0.0,-0.170383135,-12.857111367099998,2672.28,True,4,True
6rLLwnuSkBfP6m91b2hoW7kgRuvw94MxBYvxWBt7mvEG,1786953298,2026-08-17T07:54:58Z,51128.520510876515,1786983721,2026-08-17T16:22:01Z,1,1,1.00203928,0.8296973059999999,1076321.414026267,1076321.414026267,0.0,-0.17234197400000004,-13.004925358040001,507.05,True,2,False
GHDHsxfoykXxJfxrynpSVwF21MDTPVn8fXYwxs12zco4,1786829415,2026-08-15T21:30:15Z,32972.022497446436,1786989752,2026-08-17T18:02:32Z,2,2,1.40907138,1.2268537670000002,1770698.520565113,1770698.520565113,0.0,-0.18221761299999997,-13.750141076979997,2672.28,True,4,True
GpRBMwTQzVYht8YRKhuG259MsCGJAy41WYxYamcVAuSy,1786829415,2026-08-15T21:30:15Z,32914.376371954975,1786989763,2026-08-17T18:02:43Z,2,2,1.403037237,1.209540421,1772837.4740469852,1772837.4740469852,0.0,-0.19349681599999996,-14.601269735359995,2672.47,True,4,True
AfJxRN13AQoLqgPCzaSBQb9z3YtaMwkV1GRnzaEB61iu,1786936463,2026-08-17T03:14:23Z,46273.87505283948,1786979299,2026-08-17T15:08:19Z,3,1,6.395039283,6.158021058,7358924.039779142,7358924.039779142,0.0,-0.23701822500000003,-17.8853952585,713.93,True,4,False
DoYfpDfAzzYReVKkjhN9uG82298gBABKQL9uRHt52h8P,1786839993,2026-08-16T00:26:33Z,58853.07118671625,1787349414,2026-08-21T21:56:54Z,6,4,9.659222558000002,9.212074517000001,7817370.061883696,7817370.061883696,0.0,-0.4471480410000007,-33.74179117386005,8490.35,True,10,False
B8yBhhYtobPkqY27vij5cwvhuDkPp5no2JZcxkA8UvYs,1786938109,2026-08-17T03:41:49Z,50965.44185792487,1786979620,2026-08-17T15:13:40Z,3,3,6.04624223,5.596275723,6466043.795226403,6466043.795226403,0.0,-0.44996650699999985,-33.95447261821999,691.85,True,6,False
JCrhqruFBagARts9dNSQm8Vqc5QKL3MckAT36LjgV4nV,1786839225,2026-08-16T00:13:45Z,47438.49671008831,1787169650,2026-08-19T20:00:50Z,6,5,5.043146482,4.558335534,1407224.7892163459,1407224.789216346,0.0,-0.48481094799999996,-36.58383413607999,5507.08,True,11,True
1jr7nW5HbUqTQgyNQjDy6Yawpswbn4jp1fYtCxHckUW,1786839225,2026-08-16T00:13:45Z,48055.98380704925,1787169650,2026-08-19T20:00:50Z,6,5,5.313255102,4.817829874,1236492.107418952,1236492.107418952,0.0,-0.49542522799999983,-37.38478770487998,5507.08,True,11,True
8SMeWRvmJDHzXWDWerhvZyjSnUtEuBaAaKozoGTFSUxX,1786839225,2026-08-16T00:13:45Z,47651.6738586216,1787169650,2026-08-19T20:00:50Z,6,5,5.007600829,4.5090816899999995,1282583.719866655,1282583.719866655,0.0,-0.4985191390000002,-37.61825422894001,5507.08,True,11,True
CmYzjUFEeJJHKcziZA29GpNKNZfJQjvyTgmttNaMkTXw,1786839225,2026-08-16T00:13:45Z,47855.93585907334,1787169650,2026-08-19T20:00:50Z,6,5,5.04648674,4.526912209000001,1296827.9214736389,1296827.9214736389,0.0,-0.5195745310000005,-39.207094109260034,5507.08,True,11,True
5e96SkPWmHz9cizDSqoqVahvf6QQjRS9xdJA7ueYuvD1,1786828894,2026-08-15T21:21:34Z,46772.536878222636,1787644658,2026-08-25T07:57:38Z,6,5,12.294078559999999,11.405253679,2484956.025053934,2484956.025053934,0.0,-0.8888248810000001,-67.07072552026,13596.07,True,11,True
82FGz8pkSNcWqNioVgFTC4vVseRJWDhdqjysjXfwR6m1,1786828879,2026-08-15T21:21:19Z,43039.74574174684,1786829214,2026-08-15T21:26:54Z,2,1,5.36665732,4.231781829,6824559.004963328,6824559.004963328,0.0,-1.1348754910000003,-85.63770455086002,5.58,True,3,True
FfXHYjcpLxqbCVEx5AFT7Ym95pgBFLiKgoH3bJq75TqZ,1786842071,2026-08-16T01:01:11Z,59374.07773335103,1786906199,2026-08-16T18:49:59Z,2,1,7.670290833,5.7567791800000006,6768739.080415827,6768739.080415827,0.0,-1.9135116529999998,-144.39358933537997,1068.8,True,3,False
D57d6AUh7sdQuvXUmNeJwojL29b14uhA4hRqRdiKTvbf,1786828928,2026-08-15T21:22:08Z,42117.72052188908,1787075420,2026-08-18T17:50:20Z,7,4,9.724839521,7.666586706,6514508.386723916,6514508.386723916,0.0,-2.0582528149999995,-155.31575741989994,4108.2,True,11,True
CypyYaGszgtj77VMXJBvp4vWu9jn9mRCbv1JMrXuGZft,1786828928,2026-08-15T21:22:08Z,42312.02535208081,1787075420,2026-08-18T17:50:20Z,7,4,10.557086698,8.276329787,7067121.412407655,7067121.412407654,9.313225746154785e-10,-2.2807569110000006,-172.10591650406002,4108.2,True,11,True
DmQphJJn7PywwvXnw3T223uzRF5YBhjz9zwbyQPSitUQ,1786839755,2026-08-16T00:22:35Z,45298.55179759693,1787069589,2026-08-18T16:13:09Z,1,2,31.345039281,26.623648122000002,37697894.492302895,37697894.492302895,0.0,-4.721391158999996,-356.27617685813965,3830.57,True,3,True
797CrVjYgQRU7V6CVhhz8hSNDTx5wF53apb6mf9wqPfZ,1786838988,2026-08-16T00:09:48Z,34372.93341134212,1787824325,2026-08-27T09:52:05Z,94,15,872.1241642719979,590.09508149,48628096.97009085,44633648.35349864,3994448.6165922135,-104.8010827819999,-7908.289706729712,16422.28,False,109,True
