wallet,first_buy_time,first_buy_time_utc,first_buy_mcap_usd,n_buys_sub60k,sol_spent_sub60k,tokens_bought_sub60k,bought_before_crossing
9Q7rXKnZr3xDm5jgEARhh9sPMk4pDpXsct1HjaPsQZqi,1786828074,2026-08-15T21:07:54Z,24964.228938122782,1,0.0020732800000000003,220.65895744,True
ricEmGn6WZ9kN2ASm1MAt7LoE1hBgu1VcQrjRwkAPfc,1786828074,2026-08-15T21:07:54Z,24964.272748965523,1,0.00210538,176.526856131,True
CUkKyTN2GnkLKSucTF24qjhFn6jgSDAUQHF3RzLKhsZf,1786828074,2026-08-15T21:07:54Z,24964.21759508339,1,0.0020895799999999997,110.329528779,True
5GjQkGJF1NtAsTt9P8Q3Ni6SD2QsSZ1sSnsi8GBqDnt5,1786828074,2026-08-15T21:07:54Z,24964.25159549949,2,0.0021442799999999997,794.370970364,True
28XmmbBDVXEWQ65Cxi1SL6196Fx1jK6dg6yTiFx5M6eT,1786828792,2026-08-15T21:19:52Z,25039.76311607542,9,2.1763292799999996,4061864.498806284,True
2DCW6PvdpXwscZVanFmDLB7svT2STkUj2SuXSMR6C29g,1786828841,2026-08-15T21:20:41Z,25213.772425800733,9,19.046168559999998,33142572.582945265,True
AnonH2TuipeipbvvVYGCmaJCvkddAiLZZoNAa5u1aELh,1786828844,2026-08-15T21:20:44Z,25375.596199562886,1,0.65684928,1396921.543012971,True
GjGhvk8AdrQQnyhfGcaF3TNLo8tngc42QELQMoBkTGaD,1786828853,2026-08-15T21:20:53Z,26246.54427795608,3,0.23326928000000002,358194.874500354,True
8KQriAKQrWJY2CPMLGmxwMz2sEhKjq6hEd3Rwx1B5Zu6,1786828859,2026-08-15T21:20:59Z,27334.157702423436,4,4.941437681,9145461.04702464,True
CQ4n79cjiQ3tRSMFTGzKPSYoCaazfuCGu2Y7Hzd1aUj2,1786828859,2026-08-15T21:20:59Z,27129.434597396226,4,4.712526316,8622078.696142167,True
G5nGszFTvbcoVEQqek9qStAT76ffLmjr4UzEtMoouizp,1786828859,2026-08-15T21:20:59Z,27514.844869526605,4,4.927625407000001,8989595.08494939,True
Gwk2S8xumrwaWQCKf1rwoGg3RS2rUx2GUCfiiE7Mm3QA,1786828859,2026-08-15T21:20:59Z,27701.84070931385,4,5.550061261000001,10089110.77783336,True
DenZLNzBtE3L8T1kQFKh8oE7FCXBrdsM9xwCbsnKvdJq,1786828862,2026-08-15T21:21:02Z,29421.053297938783,6,6.267546105,8861282.631903345,True
Hedt6aVyFRvxpQJkrrqgZ3e3JxUNb7ufCVyYXMnHYYE4,1786828862,2026-08-15T21:21:02Z,29910.871504361003,6,6.046133386,8553230.514945785,True
AJGU1reuw27UFzBYBNxFnqXKGWgNZgTBM6CjjdjMTKXo,1786828862,2026-08-15T21:21:02Z,30184.81023965911,1,2.376710729,4289762.965815663,True
2AwjJTdTWCu6QjyZKvF6oVEd9TkQP1WYvVswFvDEySxn,1786828862,2026-08-15T21:21:02Z,29585.618749828653,6,5.774838078,8170358.69790229,True
5kidNviTucvoHuFGuPQUikWokMxsLZMncGrS5gK9Cujs,1786828862,2026-08-15T21:21:02Z,28998.14100263478,6,6.025569403,8496931.02275074,True
AzYbZ251ivYsTMdgtQfBMouAtcoNgMxtB7JsU7ERCmik,1786828862,2026-08-15T21:21:02Z,30597.240738538498,1,2.627987831,4679803.199268404,True
93u5BsWsPxuLRzcDqwecZV9TiXEV7qNavef6fscPnSb5,1786828862,2026-08-15T21:21:02Z,29322.12823216295,2,0.341473388,594869.827274086,True
F32nhkoF86gVKGv8NmfyEE9aaKqauxGECyAqJrm7zVwr,1786828862,2026-08-15T21:21:02Z,29290.999363251325,2,0.34252048599999996,592975.967736815,True
GEPiePuVYQcbShk7ACa2YASeLuRHqvcSZpS89keWZecG,1786828862,2026-08-15T21:21:02Z,29262.620059904853,2,0.323983966,559039.09086613,True
chrisBeZroheTb8QFUhvsFFgSsAourqQytMftMcyYi2,1786828863,2026-08-15T21:21:03Z,32610.396655521407,2,2.029850544,2968674.338589749,True
57C1yd7d54aRvNJa8R6g8jppDHcgND9bo3YmvcRJ9e8F,1786828863,2026-08-15T21:21:03Z,32952.50693277181,2,6.0650537799999995,8312175.535851877,True
Gue8rnckLCrNEksmCh3KCMu8SEjcPVHV1n1MUikmAn21,1786828863,2026-08-15T21:21:03Z,32512.321782287367,3,0.606872824,877369.936117538,True
C4eNLxxC7XLUivghMi35YUeSfvACgnvKB18115uPUqjg,1786828864,2026-08-15T21:21:04Z,33297.66326185771,4,3.50327928,5505339.505870321,True
FatpigGT9U4fzPZPu94Q3WeZvCKqewjWJbZoQRBQWYyU,1786828864,2026-08-15T21:21:04Z,33470.598183927184,10,8.348590424,9318552.000264145,True
HACKERamoyuTkkbuVnSWPNc5a5TDQH3U9vpp6zbrRKTe,1786828864,2026-08-15T21:21:04Z,33643.980548506064,12,13.022948297,14295762.1472582,True
5xywCUU8JhqTv7PSmHLFfSUs2duCR1hSxTjxyqR9TiUx,1786828865,2026-08-15T21:21:05Z,34223.59938300072,1,1.42887428,2257443.580803591,True
9F46qiTXmGiLK7TT8UdsrjDE15GzU2ChzUQtmToRJe72,1786828865,2026-08-15T21:21:05Z,34489.35506639176,1,1.62582428,2551499.643683619,True
777777UupVYr364fUHXwqBRMnNaVcpAw2z3uhFkspnNn,1786828865,2026-08-15T21:21:05Z,34041.60905400123,11,11.688516738999999,12832423.572054975,True
222rwqVEhc4iPDqQxk8ycUhnq6t5zPN6z3ofVSEfLTBV,1786828866,2026-08-15T21:21:06Z,36651.026384814155,1,1.061171236,1575475.705268082,True
CWryqL8F79bCUPfRMnFHxXpJEyW5TixWe59hEuFXWYnD,1786828866,2026-08-15T21:21:06Z,35723.93111687407,3,0.619207877,933733.902119784,True
8xZDnuQnDdKUs6EyoNN98nrYSUyHdJCZw1vrmvb3UUB1,1786828866,2026-08-15T21:21:06Z,36448.0588494688,1,1.1867081800000001,1772082.094839489,True
DNio5ketGczp2dsB3jJCm3XNsRETaAM87q3YVMPA5F9z,1786828866,2026-08-15T21:21:06Z,35395.24767124204,5,4.134565488,4462106.119353965,True
E8B7Edi7khrojzqFgW4iJJ2Lii2jvv9B9kivkwpPfHeq,1786828866,2026-08-15T21:21:06Z,35825.04493220589,5,3.863195572,4192757.5413640393,True
BBQ6yYPAad3wTN5e8jUshryB9eWorKUYftk6pftQZ4J9,1786828866,2026-08-15T21:21:06Z,35505.44580774544,3,0.669602286,1015465.832180091,True
A9XvNqVZCS29obqh6LGTABfdcJgNrzeXSbNxbweA1HYo,1786828866,2026-08-15T21:21:06Z,36227.82902077629,1,1.259168425,1891931.427808654,True
BtHnhjh8Ta2vGZkrL76AmXMur1ADo3tpRo2kQMe2BCSU,1786828866,2026-08-15T21:21:06Z,35616.59142745867,5,3.983788017,4336794.18586442,True
GpNHGPQXQEnrrbL8paxGdEWrNEvdFcZFVtC6ztMoYuYo,1786828868,2026-08-15T21:21:08Z,36849.05224176326,4,1.8273945910000002,2257534.993013496,True
A1igHDVAzKcGUAbVMFV8HrCCSUfcs5YzVfW3i9895pdW,1786828868,2026-08-15T21:21:08Z,36916.315253612556,4,1.744335149,2165686.14056928,True
Accym1M1qybvC63A5yUPHKkojjHMrGhGyySi57QjEqXz,1786828868,2026-08-15T21:21:08Z,37616.95804551671,1,2.474362632,3568609.226497918,True
ZZGtLggQHdZ2LgkDtnbJ1eVQMYLpQN7H1fjCGZAw8G1,1786828868,2026-08-15T21:21:08Z,36892.327321461795,4,1.6845981290000003,2089827.0312554892,True
FTnPR7WkXFU5VZ3UN6FUkR79ichSS5fsFnuVc9HVaCqu,1786828868,2026-08-15T21:21:08Z,37159.42515293466,1,2.5512729280000004,3725421.533554542,True
Ebux1vXaJYiugKxnBNgQbsBjbjjFK1K2k1zXjkD3tqDk,1786828868,2026-08-15T21:21:08Z,36870.50461077084,4,1.833395543,2270883.271280571,True
42nY2zqy2NXeBZDFVcTcoufecdBFgpiEjuNA5huALhdq,1786828869,2026-08-15T21:21:09Z,37871.38330822136,1,0.30208928,432001.24577279,True
vPczFpjUEeMfYTtPkwqNYdJXvFBB1dDVBUA4sbMocQe,1786828871,2026-08-15T21:21:11Z,38456.606357087774,1,0.030246028,42929.467812862,True
FMrLCzfeRZLiawdoj7PRiAyo3kwbYWJ7XWQXgxmeHr8w,1786828872,2026-08-15T21:21:12Z,39207.069346040604,4,5.012078264,6067020.964999279,True
2T7W5XtariS53AbHY42u8CZzAyrzvNzGpeWcHsARNGkx,1786828872,2026-08-15T21:21:12Z,39441.29330544895,4,4.967431626,5989775.479054848,True
FDQKtMRyjWHPxyvtuWzqypyn3JXmCtv3CH9tKQpLbtPD,1786828872,2026-08-15T21:21:12Z,38956.26694062808,4,5.242335816,6293074.657410674,True
6KsuesQQGfqZcqEPBKXgT5iwvZHhUgf6uvtuzQNigxgK,1786828872,2026-08-15T21:21:12Z,38644.824842441325,4,5.410742237,6417860.828038253,True
GXUgrpvBnCDrEGQVpV5NWrrCAigURaWSwmhQ3aZtyJK4,1786828872,2026-08-15T21:21:12Z,39779.11319186419,1,0.10334927999999999,138479.224096708,True
3XQyz76yGTfdVezAEX32drhFBK6Zdqu5vP1C1ocPXVt2,1786828872,2026-08-15T21:21:12Z,39659.52216155679,4,5.040788354,6050675.505672343,True
3KEdzpSYJ7sXfHKpVhSF2Qj6ZAjd3Q3dugFCZ4umWvkR,1786828873,2026-08-15T21:21:13Z,39879.16204954048,2,0.93151836,1185819.73532347,True
Act5xzJ7DhXrdNKbRw1yTzQUmT4hYtAPgFKTP5WzPBva,1786828873,2026-08-15T21:21:13Z,39973.701432126036,2,1.1006002000000001,1404205.093539486,True
BVmv2JfCyRsPhPJbvga1bZeCGUKCqNpUL9jjznf6CGbC,1786828874,2026-08-15T21:21:14Z,40056.50292951613,1,0.36538261499999997,453816.863428313,True
8wnqJrLyop5wdCTwRpMKFK5db5B3s5J6e5ToTYFaj9iK,1786828876,2026-08-15T21:21:16Z,41680.55252008398,1,1.02294278,1308402.742534659,True
BULL9XniY8nknkxmDFDH74JuSG3TTVUfqx3kbpmDfCqV,1786828876,2026-08-15T21:21:16Z,41873.98529052564,1,1.02294278,1302358.704318882,True
DUtc1iJDXEabmCKFK8ig5QptVBPcLQp1TpRKx4cHkugW,1786828878,2026-08-15T21:21:18Z,41939.68725656628,1,13.208178718,17348321.72689324,True
HPiAxtK5UGhaNTjNPqDn9WijfQhZ6YEqgHc5MeLZUiba,1786828879,2026-08-15T21:21:19Z,42618.79429290017,1,1.451971033,1867595.800651705,True
82FGz8pkSNcWqNioVgFTC4vVseRJWDhdqjysjXfwR6m1,1786828879,2026-08-15T21:21:19Z,43039.74574174684,2,5.367701090000001,6824559.004963328,True
HrtVLLCBM4LXfRGLGcXBYvkkJ9xnbiJ3ob1MxKdmNs7o,1786828880,2026-08-15T21:21:20Z,43989.59896459465,1,1.430399558,1764824.556186061,True
BfCP1ncxu7ZWp4B6TvQEcXGVSCiM2LhAzyYjG7zWyKdY,1786828880,2026-08-15T21:21:20Z,44287.76781186307,1,1.58327398,1941188.899691456,True
G3z69eMv5ma1zpgRgC8ZrnXdYd92xGzbcpAL3Xu1rtCx,1786828881,2026-08-15T21:21:21Z,44671.61475036031,1,0.0037381539999999996,326600.490041617,True
tronFPfm42zg7TowSTvPw3ya2tU2oYqvwKJ7i2xgBGB,1786828882,2026-08-15T21:21:22Z,44898.25560019004,1,2.03204928,2429268.063920231,True
WMpADmWVXtqXEu2LLyf2z9YFoYhqUQqCtiq5wcxKc91,1786828884,2026-08-15T21:21:24Z,45256.1135156513,1,2.634532302000025,3206756.555997661,True
CJ7yAUC3Tf52WGrH8LvHzcnib6hGfmU9XDgGni7RDKZu,1786828888,2026-08-15T21:21:28Z,44213.422931803834,1,4.608828179,5742170.68291141,True
2DiqW9pMM5vMFsD58UnGJ5q2RtQqcxjXbagmMpfyrSXE,1786828890,2026-08-15T21:21:30Z,44472.55410245202,1,0.025157960000001367,31161.838230488,True
EP6c5XDNctm4r9ZrrVP45dss1hLQNRHgSLDJ8k31v7MU,1786828890,2026-08-15T21:21:30Z,44506.961211795606,1,0.3165471980000234,391787.205323029,True
2tUXGWx44f8mop8Jz2Zd8PkUTfAfMdHbSLM1KbCw2vtr,1786828890,2026-08-15T21:21:30Z,44337.16159494271,3,3.374102789999995,4087816.676995837,True
iPd62qsfFGLukvKKdRNY8boCgkusWC7NGuUQgqbPdAe,1786828891,2026-08-15T21:21:31Z,44543.88464904532,1,0.0492698069999733,60930.184143621,True
EzKDs32Qd396gg48HZKGibvfAdS27KTmcCfdEp6euSLt,1786828891,2026-08-15T21:21:31Z,45546.46746863361,1,9.900771032000023,11974407.577758567,True
AykRD4Q2kvWg9xPcBMkqcp6dTNivsRE6NptVFnP7UA41,1786828894,2026-08-15T21:21:34Z,47024.93631665211,1,0.45522070099997336,533253.243464068,True
5e96SkPWmHz9cizDSqoqVahvf6QQjRS9xdJA7ueYuvD1,1786828894,2026-08-15T21:21:34Z,46772.536878222636,1,2.04704928,2331921.801446204,True
62ovA8SEVSRvPTgUg4pJHHh2RndELuzso4SeQp3v5ww1,1786828894,2026-08-15T21:21:34Z,47413.85069636633,1,0.655407380999975,761457.763141559,True
A3sfxHqQudZUibeQkq5h4aR8hvFAA1VC2phWfULnh5p2,1786828895,2026-08-15T21:21:35Z,49421.34050272554,1,6.5863847099999475,7341288.505174152,True
Ep9RXxeqUSxQHJtRvvL9f2SLWaYntJq86BdJzYwWJcXv,1786828896,2026-08-15T21:21:36Z,50235.23857763388,1,1.015088239000022,1113102.210916971,True
CASStbiKKzQrFvs835DagrLid7saGriDUHv39Mr8SRUG,1786828896,2026-08-15T21:21:36Z,51161.79600610303,1,3.01764453,3197793.284336548,True
H75xFpTZVYVzamJrPQHkbGqdWpq4zsZzUiW7L7U7GfQ8,1786828896,2026-08-15T21:21:36Z,50660.320456854264,3,3.413267334,3546308.8893098664,True
G2eAEzJFLTH9oryFxdqMmzp1J5iRVU6Kwes5fWTvk2W2,1786828896,2026-08-15T21:21:36Z,50805.84758055754,1,0.342925837,364608.49889052,True
CbpnbXAD9PUAwVcYjHY96qooq6eNnoLiZzif766gqLPH,1786828897,2026-08-15T21:21:37Z,51591.38890722166,1,1.006561122,1057055.264119954,True
4gaNGJv5bHET5vAjjLRLSDo7Lqe9b68z5CyxbWzC1rVR,1786828899,2026-08-15T21:21:39Z,51742.905452622166,1,0.12578761899999336,133914.253179725,True
BSbZ4PwtPa1Y7sLXiMi2tj9gtwDy7GobiUd7Z5z9YUEV,1786828899,2026-08-15T21:21:39Z,52176.234296925846,1,0.8660495689999834,914344.247214995,True
5jc5qTA8nDYaW9z56LB59JrrNV1XrtSYivWqK7qz85Q1,1786828899,2026-08-15T21:21:39Z,51918.8156832566,1,1.4937815929999942,1584900.654962032,True
2rMr5ux8jXoyco73jCpwWsqeGm8oDQ3XqewKdonEoWTs,1786828899,2026-08-15T21:21:39Z,51714.13984647036,1,0.13886836400001812,147922.327668415,True
DJM99E1zfNPPFG8T19egAk1YUGXzo57sP6F5ftXZfnfW,1786828900,2026-08-15T21:21:40Z,52114.11303028774,1,2.636465098999963,2786803.803299366,True
HtBpTLs6cPw65ENWJToYYPaiUiPE2UznPLwkJQk3WWXH,1786828901,2026-08-15T21:21:41Z,51750.58440357199,1,0.054139280000000005,52690.177179865,True
9pbz6YH4FmEMjEfzjax5q4zhxWrdQuV8BRpMqcW6brhy,1786828904,2026-08-15T21:21:44Z,47346.60305486792,1,0.02780405700002575,32348.86617534,True
8PoAf6MS2mifZeDUqtq3SjVJMNZJhUPJZ4QhNtDSEM5e,1786828905,2026-08-15T21:21:45Z,46155.78739101181,2,0.0792113679999602,96777.996653423,True
BLNRTqjLxwKAN3qiPsLrAgmGzKbmN7d5RZXeYDiTC2bT,1786828905,2026-08-15T21:21:45Z,46935.685477617495,1,7.553217482999969,8864791.864322523,True
8mBxJr7wYrVnt6Qa9V3QEeXCeSBeoPAycz4izvzK5gUe,1786828906,2026-08-15T21:21:46Z,47750.001062042415,1,0.24040832100001808,277342.11831478,True
313NexhpvkJjxg9xAnJyF1ztss8R88z9SZUTbp8mqCH8,1786828906,2026-08-15T21:21:46Z,45712.99946456456,1,0.30234928,357895.67431424,True
9bPSz9QGH62BD8YQarZEnfCmNk6kXGMoGgTxFVxcYZfU,1786828907,2026-08-15T21:21:47Z,45168.64442602621,1,1.265977614,1520766.783042672,True
3hRnQGEHYJ1QHRQgpzpGsvZF7jDYzvC2w9ULbqYEP7Xp,1786828907,2026-08-15T21:21:47Z,46042.89803137366,1,1.8971307209999964,2269730.659654113,True
4fNDW8qeWdWQMdtZ6ro8kkK49ZAHtiAtzcJbFvgxNcVZ,1786828907,2026-08-15T21:21:47Z,45434.94180651704,1,1.392207973,1663366.064196718,True
HbYd46DFHe7vLRGKW122XDPiUzcxLw4g8hPUtwfCNpV2,1786828907,2026-08-15T21:21:47Z,45711.672186018935,1,1.361015907,1616083.573952969,True
6EAqwfBZQpLtgMQtcm6xU4YuuHwXgPe55iWiuqFkfncR,1786828907,2026-08-15T21:21:47Z,46277.3694525018,1,0.3835015510000517,456497.263950292,True
4W1G7xANgXQK3zxMktXQDaVQL8gNvbdSwKJSeCA4xesy,1786828908,2026-08-15T21:21:48Z,46330.0952252915,1,0.133634455,153379.117984269,True
FxJaxuLmPsnxZs9bNSqSJtiiC32886C1Cky69ZbXgDQp,1786828909,2026-08-15T21:21:49Z,46241.56068284307,1,0.064747997999973,77131.820125862,True
CbSUP1RPirN1A46RsE6A2YyBuWoQjXHNkjFhpKdDUCgC,1786828912,2026-08-15T21:21:52Z,45599.22608366355,1,0.17162893699997994,207335.066026086,True
8ytLePXHEfmi3SWoggJEkB2KMfofjD1sdKhKtVTr5ZVp,1786828916,2026-08-15T21:21:56Z,45611.14166603217,1,0.3135466360000123,378678.738123422,True
6DmbT8rYfdFDbndrQ6zpYc1rdtAy7irAU3qGameQfryk,1786828919,2026-08-15T21:21:59Z,45736.53408262589,1,0.9135493370000063,1100293.315770404,True
B8ZpSGmPJJFdvt9MakPubch2MkvxTtWu6PjJnTrHF75j,1786828923,2026-08-15T21:22:03Z,45835.957419623046,1,0.057594659000017145,69217.4542831,True
3xqUaVuAWsppb8yaSPJ2hvdvfjteMq2EbdCc3CLguaTE,1786828924,2026-08-15T21:22:04Z,45892.949045312576,1,0.516049282,600155.453578035,True
FwiYAjHmzpH2twsMxTnkj4WDPrXFNYqTQMn8soTMYGGB,1786828925,2026-08-15T21:22:05Z,45121.827992914135,1,0.022123445999999998,24392.062086607,True
CypyYaGszgtj77VMXJBvp4vWu9jn9mRCbv1JMrXuGZft,1786828928,2026-08-15T21:22:08Z,42312.02535208081,2,1.673415452,2062826.037086426,True
D57d6AUh7sdQuvXUmNeJwojL29b14uhA4hRqRdiKTvbf,1786828928,2026-08-15T21:22:08Z,42117.72052188908,2,1.4128731079999999,1734456.635632595,True
7a5FetHAf3UriTT3eb1xi5GZ1DzwkRDr23iAd7BFg74q,1786828928,2026-08-15T21:22:08Z,42459.21742708406,1,0.06991407399999616,90705.23295876,True
EnF1pSuMfvHS6bNoUrb5NCLUJCpQvfuogRRxBVaNzdHz,1786828929,2026-08-15T21:22:09Z,42424.9132936783,1,0.032941953000033664,42772.841101818,True
GtwB1MUNEuLNvV5tu6sBFkXDSAYxyxwW5G2Q3cWT1Q7Q,1786828930,2026-08-15T21:22:10Z,42816.90871576576,1,3.954556808999996,5087708.591624958,True
DytdKDiFKMaamNLUCqKg2U1QPUQF3qbvRtBJP5GXSVPE,1786828937,2026-08-15T21:22:17Z,43813.01656063906,1,6.58685466899999,8281607.51067406,True
FuP93UtvWKE7kaEE9ChAzgP2Gm7AWo1nuT3V582oNmuL,1786828941,2026-08-15T21:22:21Z,44484.15255071139,1,0.06743850000003704,83510.733657566,True
HLwcSBVXwFVYaRiPPWNThhY7JEEaBWuMUE1zNFA1CZcq,1786828948,2026-08-15T21:22:28Z,44724.72503412912,1,0.8387431589999892,1033049.258461614,True
H9YQQFujx9rRvhgfCxkRP7saHUweYu1fmfaFgffYLncB,1786828955,2026-08-15T21:22:35Z,44971.913174706475,1,0.13101787200002946,160482.949032982,True
5Km84YQL6c2sP72UdwCzxKipZDiiWhPiPtyCoS8p5mnc,1786828961,2026-08-15T21:22:41Z,44998.46412060666,1,0.13101500800001986,160384.751462599,True
AeLQkoBgDQfWCmRi33WEDpqe42f8EQMf5Cx2v5AmnfPv,1786828983,2026-08-15T21:23:03Z,44649.57433402361,1,0.25224928,305349.771196437,True
DmZosFhvZ1XpCDfuZyLToo8tPPXBMRtNP94MqFmiDW1Y,1786828998,2026-08-15T21:23:18Z,44701.02408878744,2,0.458466852000015,630239.114680576,True
GRuBUh2CQu2zf18sH362TorLh13z95MTSUqibm3gbwGS,1786829004,2026-08-15T21:23:24Z,44727.77944167908,1,0.00454928,3078.948250274,True
797DWD1EgHha4fKdDvCiqZKodTMem1rBR655hfwvqtJH,1786829054,2026-08-15T21:24:14Z,43413.841953596384,1,0.6550893689999953,831212.468687049,True
J2umWYiSeXLmRTxfhUvqUCwg2E1F2iBigPFJMXQUR3bN,1786829188,2026-08-15T21:26:28Z,35237.68691662689,1,0.13095731099997465,204720.849453701,True
UGfQVLpznwXaXCPfobLzVECmZuF9WSj1cmGKry11piL,1786829311,2026-08-15T21:28:31Z,33515.44439128716,2,2.00211928,3289902.28298112,True
GG33KgzDhbsCLzxwVpzJ5Pt2ubP5FyfDk8beZ8hXkwvB,1786829365,2026-08-15T21:29:25Z,33145.12206283405,1,1.00654928,1645338.614962758,True
FCgDhFHrwS5M6LQrKt1TJ21YpF1t8Dx4KxNytbMT2KVN,1786829372,2026-08-15T21:29:32Z,33317.52751745479,1,1.00654928,1636824.617284994,True
8JS3bkVtpQ2b1eTBtsadyQ7TkE7yxfdb8CpDa9zqwAe2,1786829377,2026-08-15T21:29:37Z,33490.37972381043,1,1.00654928,1628376.55701041,True
3D9RV4qbFUiNVbzD5EAp8zW1FWbZoS2xgp3rMb8qS3Qv,1786829415,2026-08-15T21:30:15Z,33027.47126769241,2,1.334029225,1590165.312174509,True
GpRBMwTQzVYht8YRKhuG259MsCGJAy41WYxYamcVAuSy,1786829415,2026-08-15T21:30:15Z,32914.376371954975,2,1.4830572370000001,1772837.4740469852,True
GHDHsxfoykXxJfxrynpSVwF21MDTPVn8fXYwxs12zco4,1786829415,2026-08-15T21:30:15Z,32972.022497446436,2,1.48909138,1770698.520565113,True
3o7YPX68tAMJdYH6CeqNpvcNe9ZGcgFzBzVsoUQZgSbo,1786829925,2026-08-15T21:38:45Z,31670.202767242306,2,0.20711928400000001,347778.18889022,True
FYTiZbk17NNPQ5j1aRH67mhJZH3ggYcmwbQqqEN9GAk5,1786830256,2026-08-15T21:44:16Z,31947.61310477153,2,5.01105928,8453512.485473232,True
EXgjdaTYUSoS33cKZREWNfCGba6i4PGhsW1VpDqDqevz,1786830256,2026-08-15T21:44:16Z,32379.99815569776,2,3.5019601590000002,5834384.500417536,True
23fm4Acq4eYbJ2c7TBqT5EcLbHJNDsRi5r24AN63opkE,1786833629,2026-08-15T22:40:29Z,33005.51844644314,1,0.13463087499999998,219136.284349736,True
DbRmXgZLx3fF3W4xdan48oSi8HvaBBvvojrYHLV1PgkL,1786834066,2026-08-15T22:47:46Z,33025.59453391171,1,0.10754928200000001,166797.322131667,True
UxDh5iCXxKKfdKeeXptm7PN7YmHb1r53H4fi9WzhFbT,1786838278,2026-08-15T23:57:58Z,33049.92688213451,1,0.26103928,412519.439317681,True
797CrVjYgQRU7V6CVhhz8hSNDTx5wF53apb6mf9wqPfZ,1786838988,2026-08-16T00:09:48Z,34372.93341134212,2,18.502119284,29387897.816778194,True
ATj6HNyLtkdm8LMiTf6LftgDLDK378dAjDv8bCBhkoD1,1786839041,2026-08-16T00:10:41Z,37272.977732955274,4,19.002199288,27449309.134328697,True
4wE2d6iZk4LnyxSCUdGDMuyEpGijzLMZYRv9F4Mops3,1786839051,2026-08-16T00:10:51Z,38221.460610964445,1,0.158049282,216184.074679885,True
5GQehHSu8aV8NEKLdDuSTg3iAMzfeqc4zXx6e24ExdC9,1786839205,2026-08-16T00:13:25Z,39278.212397540905,1,0.209049281,280490.398814917,True
3883isRkbz3Brq8DcJNrbnq1QZqwmzTxAC3qAzs99Zvz,1786839220,2026-08-16T00:13:40Z,40329.95087729517,2,4.022068749,5307561.15620165,True
FiN6YjR6Q1ovRhUHJsGW2VuLKWgqgQ59Yr3ck6pU7jbm,1786839220,2026-08-16T00:13:40Z,40988.37549507293,2,5.595386056000001,7287370.265424573,True
2z2q5gk8TDgqCidzkXkyevXH1aDaVjWL8cQwoRbMF1Jq,1786839220,2026-08-16T00:13:40Z,43035.767604160115,4,0.526281848,659262.535086978,True
AaJsuS3A6zQsV2jdwEVoe4vJ3mjKXRw41siqweSKNchk,1786839220,2026-08-16T00:13:40Z,41766.83725281505,2,5.35959517,6885173.092010438,True
9W298hjW9MJ9mW3H8LHxzdqV5N7jKgnN66gQzPACg9ZT,1786839220,2026-08-16T00:13:40Z,42551.955919104665,2,5.091817545,6471238.118248164,True
8wHRoz2w13bvDuLFuceTdmL9r8MPH9kRDHZt9ehEHa7S,1786839220,2026-08-16T00:13:40Z,42966.787760445375,2,0.403089284,498849.724417446,True
68gwUiYYRgbUU1PsRfuRYzVVZkvJjvd7zDvv8yqkbe42,1786839221,2026-08-16T00:13:41Z,43183.85845870791,2,1.9006511389999998,2373910.096071888,True
Noob3sJKdLH1w2zxhNBdARVt9ZsWjR3tJBr6mBfPVuX,1786839223,2026-08-16T00:13:43Z,44590.49470282229,3,2.338639784,2792621.462952881,True
2XJEETjrL7aeAq1Ua5hHwrUmbExK9rTJom19zAphowU3,1786839223,2026-08-16T00:13:43Z,44790.38130922373,3,2.338639784,2782441.98703158,True
FARMERLBMZm3N1bNjhcUfDkJSdRMDgLHe4HPgArtnDAo,1786839223,2026-08-16T00:13:43Z,44990.71446023811,3,2.338639785,2772334.870055412,True
GHJFdDSYx1kGg7nLTDZ7B468SqHsqySZwHRSxs4DgEVk,1786839224,2026-08-16T00:13:44Z,45464.816780001296,2,2.648453112,3132603.996574812,True
CHvWpTWTZXUMvWfX7jmy8vhHbAqn6YvLc8wBxXYi4KiW,1786839224,2026-08-16T00:13:44Z,46594.449616348546,2,2.374165114,2809012.949765351,True
JCrhqruFBagARts9dNSQm8Vqc5QKL3MckAT36LjgV4nV,1786839225,2026-08-16T00:13:45Z,47438.49671008831,1,1.104385143,1249788.791731665,True
CmYzjUFEeJJHKcziZA29GpNKNZfJQjvyTgmttNaMkTXw,1786839225,2026-08-16T00:13:45Z,47855.93585907334,1,1.013834745,1135699.034045559,True
8SMeWRvmJDHzXWDWerhvZyjSnUtEuBaAaKozoGTFSUxX,1786839225,2026-08-16T00:13:45Z,47651.6738586216,1,0.997861667,1122286.895976504,True
1jr7nW5HbUqTQgyNQjDy6Yawpswbn4jp1fYtCxHckUW,1786839225,2026-08-16T00:13:45Z,48055.98380704925,1,0.952827373,1061738.875521769,True
HbtWtGwRt81mTnx41rQdnzQQZzDG3RkvxaMA9KYkGCmb,1786839252,2026-08-16T00:14:12Z,43152.227287275506,1,1.107377048,1383726.395259909,True
GxSdvjfBEwpXTvvvfRN9vHAPZaM4ryQVW4ktaMreEw33,1786839252,2026-08-16T00:14:12Z,42953.79829572764,1,0.940965163,1178838.990488156,True
9gAj3AB7qmWx5yuUeZwcCr3mroRKQuhMzJk9uAvcccLB,1786839252,2026-08-16T00:14:12Z,42767.34617236745,1,0.989058129,1245304.290011564,True
5Wy2s4wKGCMmA9j6on6saWZwZ6h8pbz6QMVBCSUixP2U,1786839254,2026-08-16T00:14:14Z,43456.42402557437,2,2.51205928,3201663.321046572,True
G5ZJocbhs3Z86s1bSQpVhJNKGLzSHrEXuZg93WE4GEXa,1786839267,2026-08-16T00:14:27Z,44650.75149208886,1,10.10323328,12337039.234469095,True
FqMb2ipgYRb8r3gKuXmzF6DbjYDVLnAZEiyBs69y6aGh,1786839286,2026-08-16T00:14:46Z,40139.410143209825,1,0.5038692800000001,679319.265443572,True
2DyAQuG7wS9ei3jR1msrc6NynB4WW7k6MHYCLQpVLpYU,1786839319,2026-08-16T00:15:19Z,39486.21969279433,1,0.25206928,348766.02349636,True
AXxYiSJDYECH1NzMQERGpZ8TYeAQ9XpMGiGqEsX14wUK,1786839476,2026-08-16T00:17:56Z,40294.43297184822,1,9.662258240000028,13209102.504793834,True
FDHKhuR28AQ9HbGnZmWR5JnVXdYDSCiWRFA5Pjtoapfj,1786839502,2026-08-16T00:18:22Z,41240.7442845851,1,0.094469155,119012.047809246,True
34rTaBgPLXZXuZuP2LjpDdJZKr9NQ2P8iUy4as7fprPG,1786839581,2026-08-16T00:19:41Z,41300.0484173907,1,1.983098232,2640914.542108558,True
Ag1GPXzuV9wyCK2Ze5L9bYQ6kRwbEGpZ3yakciBJ7foY,1786839628,2026-08-16T00:20:28Z,41543.068346742344,3,1.4721829020000001,1770206.138975088,True
2BKqXUifh1GJ2C9eWYGy4tZNdUtWhewUpMpfkizfgVT1,1786839702,2026-08-16T00:21:42Z,41210.581325150095,1,0.02304928,25143.155034703,True
qBeNBdXyMMPwauRBG2by1WVo3Y5uv7RteKGE25yjKW2,1786839708,2026-08-16T00:21:48Z,41618.633671405456,2,4.302125513999999,5683750.379800254,True
2pcAKwP8tGgCMfNVKX5iaUyPq1G5tqB149QFZjarEz6E,1786839711,2026-08-16T00:21:51Z,42070.215953928455,1,0.418274933,542209.473419834,True
ALvMeHkXBs2q6ZxcCjQHcu2FTnsFgs9bM73NfeuotAAo,1786839729,2026-08-16T00:22:09Z,42126.48588472547,1,0.16483328000000003,209220.612234719,True
DmQphJJn7PywwvXnw3T223uzRF5YBhjz9zwbyQPSitUQ,1786839755,2026-08-16T00:22:35Z,45298.55179759693,1,31.345049281,37697894.492302895,True
D4jxiBiEmELbBtycKWqE7127RYKXrdRxKCU3SjWiQtC4,1786839759,2026-08-16T00:22:39Z,56201.9701250698,2,3.836945276,3773526.704107753,True
8n79PwcyrybEECM3ghGetPnm6Y2SRBVzJNd536Z1C1PU,1786839759,2026-08-16T00:22:39Z,52318.738467192765,1,3.01053428,3127079.369191991,True
A6Gidfg3tY1yGAqLmCQgvkjMdSyrHuAdtxwcbEa4Wg6d,1786839759,2026-08-16T00:22:39Z,55782.86813864,1,1.35003928,1283755.243865435,True
HoN94isvJN9KenCbtSPbc1uGHXsb1S4HXZnb982dwYtt,1786839759,2026-08-16T00:22:39Z,57262.72599184391,2,3.408525042,3320617.480839171,True
FMX8cSCPyFo4qTHTxuU1hYrWRXNU3NsTqxcL55jwR81f,1786839759,2026-08-16T00:22:39Z,56747.90553227584,2,3.786929928,3693208.275322195,True
FiE5vpyuLb1wdHXAfU6UnZhejvfaQX9YzhgEG6w8a4fy,1786840094,2026-08-16T00:28:14Z,58039.14093349952,1,0.18390272200002755,174544.79413750296,False
AYT9Jge4CkSN29YnGk9hueftUN44cBHNmKXUVYe78PSz,1786840095,2026-08-16T00:28:15Z,58228.443521050736,1,1.464207392999981,1385182.935034403,False
3VQwhhKaBwFnSuKvn1wwZ9mWmYT97ueiYPGWGDdQoiiz,1786840100,2026-08-16T00:28:20Z,58412.55356129105,1,0.13135872200001586,123877.502457723,False
3oFvZBPok8pbTakfe2ujRywJ7hRRzL4CNroCZ2JAv9NY,1786840107,2026-08-16T00:28:27Z,58677.45780442633,3,0.52006928,478711.719673664,False
57otK5faRLMQQKmcSBnzdzPadqEvSdcYjToZbadRYozS,1786840107,2026-08-16T00:28:27Z,58538.08456346326,3,1.8096150599999419,1750693.5221330777,False
DRNJMG4qbs4mTkbrXqJC4MGRJ5J2g2EG7pi4Tbjuaoe6,1786840114,2026-08-16T00:28:34Z,59405.45764866299,2,0.2768458910000504,264473.447729991,False
8MEiwYyCwfzMn1giRq6enBLETdrtJrYvuReUXEz6d1Yz,1786840140,2026-08-16T00:29:00Z,58655.18607849907,1,0.05605016900000237,52639.314869311,False
DoYfpDfAzzYReVKkjhN9uG82298gBABKQL9uRHt52h8P,1786840149,2026-08-16T00:29:09Z,58853.07118671625,1,1.6778372730000002,1552103.1972398711,False
91rtB5KC7hzdYW9RAuiN7Zxq28QvdLcWUhhdnnTRMKS4,1786840151,2026-08-16T00:29:11Z,59052.52658177532,1,0.06065261800000599,56578.416213911,False
Fe9928SLwBPxbn8Bze81HLLwJM6tussCLSxcmfgLuwDN,1786840155,2026-08-16T00:29:15Z,59090.577542584244,1,0.2677725880000139,249624.725233652,False
ChkCxVFCvnCKbfa7J4Lh1u9vnVeinsebGYgC1Vw89ecS,1786840157,2026-08-16T00:29:17Z,59254.92741431292,1,0.6738692590000142,626456.46137671,False
Aj6mFhvswf5fJgX1kJVLXuW5UN6iDDWrm4KdGaEZXLQX,1786840161,2026-08-16T00:29:21Z,59354.684599123844,1,0.18709412,170836.051903064,False
8c9RbKcSY6eeir1cRotCkKZUzK1e3a5shCSpiMNduR8e,1786840162,2026-08-16T00:29:22Z,59428.65569505143,1,0.452537049,419467.147389799,False
41v6px7eUmd1Cd2YjzGS1SweKG7FJ7Ds3XsoF42nEucb,1786840166,2026-08-16T00:29:26Z,59492.98620917444,1,0.125549282,92592.103390058,False
9Nc7QXztAZyyhrza7PMyBLL61YsL7NXbRRkHNcU3Vx7i,1786840170,2026-08-16T00:29:30Z,59620.88558260255,6,7.202659999999999,7608280.703973416,False
46GgdrYrbGmy6edQpU2fsAhg1TjEhvt4voJEjofggDqv,1786840213,2026-08-16T00:30:13Z,59807.18788187115,1,0.59942085,550213.048921433,False
7hHDyJKtq3yHf31ss3nPTfspB18viogLRMNtCntzAFpy,1786840449,2026-08-16T00:34:09Z,52745.1716843623,1,0.06264808399998856,65428.174234224,False
CJgBunSv2nagagWqBuPtQmrsPmPajewsZjvGyZhpNSzb,1786840452,2026-08-16T00:34:12Z,52968.73550315768,1,2.01246678,2059137.289557744,False
Dukg6AvDojqLcB68McsBbL8T5UijK5xkv7JyTqNC21qM,1786840499,2026-08-16T00:34:59Z,53212.36577023672,1,1.2051652410000315,1247595.352512838,False
EiBxtACDSdF4zKNr4QoJd9bew4g6pdHiWFz21qs3K8WU,1786840512,2026-08-16T00:35:12Z,54232.47255008391,2,0.20006747200000002,202901.715678097,False
JHCa7HtNnk4UhenAr8znYWSRsQQ9c4FNsNXhRnsBBJX,1786840513,2026-08-16T00:35:13Z,54243.753988616685,1,0.0036017690000000003,1406.111112048,False
DwKefQ1wxD5FtKsAkhM1fVWEmCmjFJix3qABHdjhHyBt,1786840521,2026-08-16T00:35:21Z,54270.484179899424,1,0.04234928,40194.923669248,False
5CfprKNWnqRxysaGiDcwXEPXcGVhu3k1Cma9nDQHRBeP,1786840524,2026-08-16T00:35:24Z,54312.49620231431,1,0.33877671599998394,343600.27986939,False
Cm6KKiztgkHgxqbq92ufKExGz6iscrdUndih5K4b6fof,1786840623,2026-08-16T00:37:03Z,54241.58151031891,2,4.060527293999996,4012063.7081296947,False
BRAxz6KJ3Wdp6NASjBoeDSuPHsKJnpUo1AzSgyDNMLgz,1786840629,2026-08-16T00:37:09Z,54445.634050463515,1,0.025207019999982094,25503.404828703,False
CT9aXA7b5enTJcfELaE6mqXWAKWdu7jjUdTJXUoTzScg,1786840704,2026-08-16T00:38:24Z,54713.14067574481,1,2.3827907909999997,2396943.7622204,False
GXp177AWFe943QKiBgMYeUqUQipPFPVkzfnt9ocuhoHc,1786840713,2026-08-16T00:38:33Z,55011.475935112,1,0.288036094,284917.061723806,False
Bcs447nfjXziZe21VAMQnuxxMfy7M7s4LZy8wFL7Mjey,1786840744,2026-08-16T00:39:04Z,55494.45166733522,1,0.038172766999991836,37891.674282982,False
AD8mrydcbwneSJKnUDL2HA57nUQYhfD8ikEPCTjtZwnf,1786840829,2026-08-16T00:40:29Z,55514.23265749725,1,0.1379690690000075,136904.306959901,False
Hv5dfpyktj4dM4ZWGCGmi8Xt7CpNtL4RSsEc7GoKc6Gd,1786841004,2026-08-16T00:43:24Z,55384.79600945101,1,0.12182349199997589,121165.841323216,False
4i6x6WrR6sok6J4MLagfeJ1rzvBaZViB6b1DDSgPStJX,1786841128,2026-08-16T00:45:28Z,55490.027820802134,1,1.5575139530000115,1546168.146826134,False
Hyu8wzD1C95ZNsfyU1Pv4r8JvGmXTMKynYdgBCX5kaWh,1786841283,2026-08-16T00:48:03Z,55551.99538352773,1,0.09906898299999511,98237.603696019,False
BwHFa2tre3s6krZzsdmxMT75381uRYc4tDq3Ghu4e8AL,1786841434,2026-08-16T00:50:34Z,56545.83013823466,1,9.901739236000026,9646074.664782336,False
BUmNe6kXsPSUDjw1Te4h2QHzqMGs8WMcyokW7TLQTw8H,1786841566,2026-08-16T00:52:46Z,55743.71906783278,1,0.025206625999999233,24909.126368925,False
Bc2FpV584T1bKBp21xP2xzUH3tATBCvL85Y3ffubG6Yo,1786841580,2026-08-16T00:53:00Z,56081.1758455059,1,3.002212505,2921706.461133167,False
3ASntbRgYbkCsxeFZDN4vEiWZcBemnMAGYRyrJ73rGVJ,1786841644,2026-08-16T00:54:04Z,56452.14696161264,1,1.013577828,975796.497839141,False
rAHF9X8b6JfP5DvM3b1RhuJVco1NZ9RHsxJvdSVWixf,1786841671,2026-08-16T00:54:31Z,56891.530032927,1,2.902210856,2784087.120354009,False
CT3qzY7HBP72LuNPA7qNGX6msmtUwM2y6RvwQ7W5JXJN,1786841952,2026-08-16T00:59:12Z,57988.13991111804,1,9.002070217999998,8506798.202759271,False
3T4di8HBeLujDhS5hhhA79PBFBYkVCAfJP4qGLf8FdFw,1786841956,2026-08-16T00:59:16Z,59091.994317344244,1,0.5801350000000001,524364.881648884,False
4E5zARdejTv2nK8gBKoRQbMDHUnnqZczqiDkA1TqtRp6,1786841956,2026-08-16T00:59:16Z,59208.01149006711,1,0.453885,407040.197559722,False
FfXHYjcpLxqbCVEx5AFT7Ym95pgBFLiKgoH3bJq75TqZ,1786842071,2026-08-16T01:01:11Z,59374.07773335103,1,3.7240223169999997,3407601.413830939,False
b8TXHpvWkirncQFk8evgCXHAcnqSjtjpUj1K6hyGA5n,1786845543,2026-08-16T01:59:03Z,58653.52099845576,2,1.335159282,1229566.628934575,False
E8VtaEW7koT1gy85BAx8WqAYbvjASZUXNCcuW5r1oS3v,1786864142,2026-08-16T07:09:02Z,57011.112790714295,2,5.002119284000001,5280702.216048639,False
3pR6QRNxH5y9WCg6Gb3tuthRqn6vCH5uj9xPnva6Qwen,1786873507,2026-08-16T09:45:07Z,56803.62905218851,5,1.353246524,1527617.0218286118,False
Db5NMor6NFDJ9ZWezHZtTxCeegQ9nEyaUn2zojS2uQK6,1786882549,2026-08-16T12:15:49Z,56851.70110769426,1,0.03858653999998296,37387.987789686,False
D73A6HfSWRUnwDX1qxq97pkjiGi89Bs3ySCTab4wG6vy,1786898487,2026-08-16T16:41:27Z,53592.90356545502,1,0.03234928,30527.334180166,False
6DqwStHBhuxWGutooviZUgVDhT3F4Dy5pAiP2YErRCEe,1786902399,2026-08-16T17:46:39Z,53753.31894694252,14,10.57621856,13272500.078196768,False
4iDyxGxPRC66QBNwYqMn74VtVm5Moy1ns4w3bAqYGvRG,1786914703,2026-08-16T21:11:43Z,46424.79774462186,3,0.65386928,757330.023022336,False
AfJxRN13AQoLqgPCzaSBQb9z3YtaMwkV1GRnzaEB61iu,1786936463,2026-08-17T03:14:23Z,46273.87505283948,3,6.395069283,7358924.039779142,False
F5CMB2ofwmm9TmnbuqctDb7hcvm1azTxnVckzxqFiSeC,1786937945,2026-08-17T03:39:05Z,47565.41043063223,2,15.952082084,18021705.782813825,False
B8yBhhYtobPkqY27vij5cwvhuDkPp5no2JZcxkA8UvYs,1786938109,2026-08-17T03:41:49Z,50965.44185792487,3,6.0481862600000005,6466043.795226403,False
7wtvhNbDvtVjAurrZf7Q9wda4Jyf91wuGgrRW5yMicsi,1786946077,2026-08-17T05:54:37Z,50985.70003122871,1,0.402078594,431734.556627778,False
EErFiYRztMkFC1FRj1XWwUZiHeSuSzcRrdiTVVxhaNSj,1786952396,2026-08-17T07:39:56Z,51015.7157202601,1,0.052079282,53989.056629884,False
6rLLwnuSkBfP6m91b2hoW7kgRuvw94MxBYvxWBt7mvEG,1786953298,2026-08-17T07:54:58Z,51128.520510876515,1,1.0020501940000002,1076321.414026267,False
6HgdV9x8DsYrfUjajNd9vyZSuSuUZFe2yiuJHKuqH6ad,1787073056,2026-08-18T17:10:56Z,37140.83709206628,2,0.38163158400004704,531634.126382261,False
DHa6wxqgfTsb9v24meJo8tvZtqPBBk2MKTbcVXbmTvur,1787073675,2026-08-18T17:21:15Z,37177.2949923574,2,0.40265927999999995,582851.350766476,False
D7HoNhGqBAXezS9ZY7zu5ZEP7PZfAu8vdmbJYVesDaoE,1787074153,2026-08-18T17:29:13Z,37319.76452798722,1,1.3536993330000087,1998126.77126417,False
6EUJHx9pdF3buJK2eJ9g6a2naw54hBX1Y67yLd1FitAS,1787074364,2026-08-18T17:32:44Z,37720.21712224755,1,0.255248771,366388.069267421,False
2Epn5w9hTFHJZjJ93cXbXdS3EaVoEyyZL47pzMeboH9u,1787074683,2026-08-18T17:38:03Z,37944.2046451003,2,0.031018528,1425209.923511247,False
8GriRP9Ea6QsHLxTdMi3RDMkYwhYWErLQd2CAvEPFViP,1787074864,2026-08-18T17:41:04Z,38584.400616318235,1,0.016895214,5311565.135545857,False
HytCavJKtjSAp8gTmywLnLR5JwPdaQsNvZm9VsXm3oRZ,1787074864,2026-08-18T17:41:04Z,40770.585673827794,1,0.016895214,3771638.983997117,False
4MowcRoyZazf3YbtqiYNUTZbDpZdKjtymLANsX1CT1mz,1787074864,2026-08-18T17:41:04Z,39266.19066206561,1,0.016895214,4954732.421612864,False
6NceTehWXtdQ6sQxmqRUuRqGvu4sWfJWJA5Y6fizvDUY,1787074864,2026-08-18T17:41:04Z,39813.668134381034,1,0.016895214,3101119.683744168,False
BWztqTdbi9UuLEzay2138rCQ3fga4R3XeMdJdKKUz8nV,1787074864,2026-08-18T17:41:04Z,40264.421869159545,1,0.016895214,3403693.208451664,False
GTg9GTpTZRqqPeUDxdyjgR1HDKscYcH4qVr5KigXRVN1,1787074977,2026-08-18T17:42:57Z,41754.89260878246,1,0.011484092,1261128.153867921,False
3DZNVBQxpaowav4Prz5fwyTG8ReNW6aL118Mod8fJxrg,1787074977,2026-08-18T17:42:57Z,42142.364929255215,1,1.0053501539999998,1282948.760251684,False
Bisnq9ZHwdrVw5pGy8rw2XgJS5oEGufGb91ds8wcZL7V,1787074977,2026-08-18T17:42:57Z,41947.14775055144,1,0.011484092,1335310.272196213,False
8fqSwa22G6K5zz7XNUcvYSKuhjkNab7tJhVPsoTizA4h,1787074977,2026-08-18T17:42:57Z,41566.49129841499,1,0.011484092,1300723.086100823,False
CqyTUueWZJkdcJRJ6ZaZxAXvDQFGoFnL5hkEC9nxQz5o,1787074995,2026-08-18T17:43:15Z,42286.98089181025,1,0.50304928,644819.612059384,False
2JuwsNWVYsr3jDEaSAMiMDfv5UWNWHQRGyQVvHBNCobC,1787074998,2026-08-18T17:43:18Z,42496.800258877,3,0.52241787,667474.921466146,False
7kjxRWRMGGcRVPugDhCciUy11Xye9HuNmgffWRaDnAiS,1787075061,2026-08-18T17:44:21Z,42558.091801215225,1,0.0076568439999999995,6996.345819942,False
YhpTNJmMho3gomeDYnSDsRZVcTNAMfgEPdgMdorvWto,1787075124,2026-08-18T17:45:24Z,42618.91643299295,1,0.09795762099997773,126612.196781746,False
q8Kx1rkvAMKxRjKy2NCTCvJBWfuafpvHUF2REbayHHM,1787075171,2026-08-18T17:46:11Z,43114.94004016264,1,5.02002928,6324367.977415167,False
6GQuYzYnSe7co7x6yHyHdkSps6ingHcZav4okeRr87uP,1787075199,2026-08-18T17:46:39Z,43803.41704833781,1,0.00657961,2474068.356629423,False
2UL4BgkFtc21mwQ5KAh7twQFBn6MyCNnXqCi8oqV2GSm,1787075261,2026-08-18T17:47:41Z,44496.37296820477,1,0.009738314999999999,796182.433935847,False
CJuepni3k1F8ZzBbG7Tp1ed6bTFb287rnKQpEFynTPSn,1787075261,2026-08-18T17:47:41Z,44627.07955079697,1,0.009738314999999999,810501.551035539,False
4LD2Rm6RC7eGYfDvicthx628UJE4DwA7ADcgvsghjGtU,1787075261,2026-08-18T17:47:41Z,44364.564576476725,1,0.009738314999999999,831212.199469911,False
7aQ2v6Eh5ocjcJzjTBHaVUgi6UuSRDFKnaVQzco2ygvg,1787075273,2026-08-18T17:47:53Z,46099.61919885546,5,8.858089280000002,10418646.676192975,False
XXXXXsiKfM49XohyATcrYbRYBd9WWhDRM7c7vMYQNSd,1787075276,2026-08-18T17:47:56Z,47220.31955078643,3,5.008875307,5506891.188933447,False
7RyLnk9AfBaWKD56fqDHt9hYHcLTtpZ5sVH4NcwNJ7gj,1787075279,2026-08-18T17:47:59Z,49231.477117109935,1,2.130999282,2349720.181179518,False
8g1mx4TgKsvEGM7a8GM5yVRuC7k6gmjgdht5NbFzfNy6,1787075281,2026-08-18T17:48:01Z,52056.92807546461,1,0.50314928,523801.069749868,False
2pUUZYtokRgDV2YzL6M5pjb1jyoHE367yU1sdQ7ac3ea,1787075281,2026-08-18T17:48:01Z,52433.433225579996,1,3.0068492800000004,3120239.08446057,False
2R9ca7YkK8Ta3Nv1Gn4yhzJQumqpWzxMgN1xSB5J1Hrb,1787075283,2026-08-18T17:48:03Z,54067.45339967832,1,2.00207928,2017293.058894512,False
414TRcpxccWfAiktShD7xGU3nUQsPYquAfw2LbnuW1rU,1787075283,2026-08-18T17:48:03Z,54314.8781747901,1,0.26049998900000004,251012.940930007,False
h1jpvLkFT6u81HZH1zWhd4Vrf1qybKTADovXxDLrbtK,1787075299,2026-08-18T17:48:19Z,54629.52925242766,2,2.03045928,2012606.918655516,False
2zXpLvhzH3BTAoaNpDRQPUKZqPZiQdDqc29d8wdr4UNz,1787075301,2026-08-18T17:48:21Z,58056.00519223086,3,3.7597765149999995,3536928.833204056,False
9PDFBkM2JjnLuuEhQVi5oPv5jVJ4wV3LA2PAfLXNijLb,1787075301,2026-08-18T17:48:21Z,55444.19714705662,1,1.5271463829999998,1491234.119931875,False
EyVaGh2eyp6zFPWLAiXx8wzEjn98VktPaANra78vkAKm,1787075301,2026-08-18T17:48:21Z,56987.491717726436,3,3.7211141149999998,3467620.063170199,False
8NZq6z8y5697n1iqAqCHSwAKZeiT4M54JdmQ6rAjCJB1,1787075301,2026-08-18T17:48:21Z,55091.871761924755,1,1.672574295,1644728.694884565,False
5ZJYjAUVMLAJGccsEMV5SNjgnBHduumHyMjjHUtSubkG,1787075301,2026-08-18T17:48:21Z,56709.79685291222,3,3.9681172069999997,3706395.023482771,False
4AXv1nmDRxosiz2Zr5bn4veEg63Ty32TParXHnTpQhzG,1787075301,2026-08-18T17:48:21Z,57491.621400191674,3,3.650329043,3412436.903915685,False
Ahekwy9V7q2tmqJdTX92TAtEHM4pafQbsfc5oLakbZs1,1787075301,2026-08-18T17:48:21Z,56123.498940318656,2,0.6378665429999999,590307.657686387,False
C7PNbARVAHeskaefdcu7fy21dCN3qNANKuT6Cka2av4L,1787075301,2026-08-18T17:48:21Z,56056.906310140796,2,0.563059922,526640.073232251,False
JAGPLMkgPWRxFJekMU8DRHRurw968GGYHRMEKUWheYcD,1787075301,2026-08-18T17:48:21Z,56197.279996967416,2,0.8232513749999999,767149.848811629,False
FAHMvDeWBEBe6fG653ChW7suaLVMQboS3hiaNqpejuBF,1787075301,2026-08-18T17:48:21Z,55815.4281890214,1,1.833427162,1780570.149476331,False
