rank,wallet,tag,test_batch,first_buy_time_utc,usd_in,n_buys,n_sells,realized_pnl_usd,tokens_still_held
1,FtKw6WPGjAPveaw5GpoodSoPdqUBa1nCXV3TsSwwx8TG,MOS-P1,yes,2026-09-02T12:45:45.000Z,10000,4,14,6364.025147999999,0
2,3yBsTBbPGeitdLCnJekGKXYZptcswEA6RugHxi2EgVMm,MOS-P1,yes,2026-09-02T13:33:13.000Z,9990,10,0,0,10398689.639574388
3,ESvCyAdqamnMurn1mmSQ8vui3Hshn2sZApmXxYfGm9b9,MOS-P1,yes,2026-09-02T12:46:41.000Z,7500,2,0,0,9394707.414681034
4,FYzyrnTaZeFnRn8yjSYkYBYESY7vPJWhFctgoES3rvRy,MOS-P1,yes,2026-09-02T13:06:29.000Z,5970.012,3,0,0,6387826.540097009
5,6SHqkzJfZYiNqmz4xDiwndEAqbubuAVt44LwJ9GF3obS,MOS-P1,yes,2026-09-02T12:09:23.000Z,4995.0012,1,1,156.54314700000012,0
6,HbPEA8hC6QnuxEfcQhfepY3s5akxuKMGa2T97WZVWB4a,MOS-P1,yes,2026-09-02T13:04:06.000Z,4970.90504,5,1,71.67552252700038,5411693.816122904
7,FfztZq1outrYfyYbKw5P4LGo4xUc4XYEdf7o91UdS7qu,MOS-P1,yes,2026-09-02T12:09:01.000Z,2746.287501,1,0,0,5299978.705915149
8,qGenC543dgSmAaRVTfatSccn6o5yZ3MGNs2wv1THvS7,MOS-P1,yes,2026-09-02T13:01:02.000Z,2487.515,4,6,249.9202742053883,923267.582759088
9,CWFMy5cJGsyi5R7ZBzUeuYiuZ1gEMoLgG6V8vUftLj7Y,MOS-P1,yes,2026-09-02T12:13:16.000Z,2407.9091829999998,2,2,199.1678890498655,0.4834724348038435
10,92zab17cU52UWnpeHzLwMshZUHKSQsJ3YMuLEHwckZZS,MOS-P1,yes,2026-09-02T13:04:50.000Z,2277.2450440000002,4,2,-36.25006803608253,2098841.230620455
11,Gxir4qAwqMh96gUskLkAct3fmWpdDDuwFHfwThPLofoV,MOS-P1,no,2026-09-02T11:15:26.000Z,2183.368074,1,5,1785.3437732061693,0
12,3xEdkW1jevAXB2QGwXBFTrkbmSgBy4FeBz36N6e1WTvc,MOS-P1,no,2026-09-02T12:45:19.000Z,2105.711823,1,0,0,3315973.969430293
13,3fMZKJzUX9vayZWH4FxA8L6LnqrQ2pdpGj5RsXJqywtb,MOS-P1,no,2026-09-02T12:09:38.000Z,1573.777987,1,1,-217.94364200000004,0
14,2h7Ns9w2grSeQ9mE9WggJZvxMKKLNADJrKTSLucrbmzB,MOS-P1,no,2026-09-02T12:59:34.000Z,1094.629226,6,0,0,1436294.9599446289
15,D8brJFMAFYY4DbVASosVo9DZgfPVPrvQRFLm8MQm8Gkx,MOS-P1,no,2026-09-02T13:40:03.000Z,998.65,1,2,-283.4027179999999,0
16,8Ygy3ZakmaK6mHaLTPSWXbheZcyiZihwVJXHqMBLo5Tj,MOS-P1,no,2026-09-02T12:10:06.000Z,995.579388,1,1,-144.09689100000003,0
17,DytQyNJjG1xVtvTKkKbPcU9UQMMgf4WAbigu332SzE1P,MOS-P1,no,2026-09-02T12:56:35.000Z,992.4839380000001,20,0,0,1374686.2416517104
18,GQPKoh3ETodH3nav7oCQnZnqVnmMcLZgxqYZBJ2svHpu,MOS-P1,no,2026-09-02T13:29:51.000Z,981.812325,1,0,0,1132287.099562937
19,439w8KCqtn2orKQiEa147iRKtQT6wcgUTQ5uJX233Bz3,MOS-P1,no,2026-09-02T13:00:32.000Z,919.24244,6,1,-8.248527000000031,826741.318666298
20,45nB1T8zrZzoj941LkQfCVj1gboasEfz6YzyA5D1jWHJ,MOS-P1,no,2026-09-02T13:14:34.000Z,900.1268680000001,6,2,14.654284999999927,0
21,36Fo1XJu1x4YZfdwekkC133sgCZMRLCj44raPmgfnrBp,MOS-P1,no,2026-09-02T12:58:21.000Z,839.229611,1,2,41.73838435323487,1000000.8186487299
22,9M3MWgLaiyPmE6PrW3xrT8cT2anmenmuGMQmWsr8FSQ5,MOS-P1,no,2026-09-02T12:47:32.000Z,690.130207,4,4,22.099706999999988,0
23,4nFMqrDPrHTe6iFwxmGQpPqEFJmEXpv59RSymoT4QAHw,MOS-P1,no,2026-09-02T12:10:12.000Z,636.480052,2,1,-115.00489499999996,0
24,3HLDZ3YLSrai8QiuB2ocs53VXY57BV98yxdxMaNN4fCV,MOS-P1,no,2026-09-02T12:44:19.000Z,621.553,2,0,0,1034977.727904148
25,GwoA6bG9LMuakc3qffVDwr3XQuWJjK2stPrWvqvBqw8d,MOS-P1,no,2026-09-02T12:42:16.000Z,599.4,1,0,0,1043880.634870544
26,99V2NmAUPodwgB3gXBFJxY9Ne5k9UePYGP9GAPjf7b6L,MOS-P1,no,2026-09-02T12:20:31.000Z,597.347633,1,1,-17.43721499999993,0
27,CEMcSnWdwAENhjismbQjHVJ8YeJ1RWCuq3KQUhBvY9z7,MOS-P1,no,2026-09-02T13:25:57.000Z,588.089259,5,1,390.48223856478324,309664.378501109
28,3mMCYYQMgXaZ72QyucEMuJ1abxyg1J1DkzcEeC7N85W3,MOS-P1,no,2026-09-02T13:34:12.000Z,559.256202,1,1,716.8063609999999,0
29,9cgUCutqFPWp8rGxagvowKQ29tdpcffcvraHP1QXjEQg,MOS-P1,no,2026-09-02T12:44:54.000Z,548.909399,1,0,0,895187.723562664
30,HTTFsaRdAw9fPGDDcMgA6F6WLKAaK382T6FWN8E6Ktjj,MOS-P1,no,2026-09-02T12:19:10.000Z,538.343404,1,2,942.3331809854216,239747.38691862999
31,FFtUfxbhwNraSHPgE9Kh9tjKbYY64tdnjPcUuVko7zbu,MOS-P1,no,2026-09-02T12:09:31.000Z,526.591573,1,1,24.294421999999987,0
32,HZ5wKnAmRJsnXLLFn1dwnVRRc6g4G2YwgytdAhY8yP94,MOS-P1,no,2026-09-02T12:47:26.000Z,499.5,1,1,149.272594,0
33,FmQgaovp2wukAwZe1dKEVVvpvc61ioVzNexynmri4v8d,MOS-P1,no,2026-09-02T12:44:30.000Z,497.825608,1,1,115.52116599999995,0
34,G8wZjfZu1YDUWGXHz3bpWmHcA7weB6XREnpsYXGJWgfh,MOS-P1,no,2026-09-02T12:51:14.000Z,497.80144,1,1,468.6233590000004,359461.67207008303
35,7nU7haiJkQ8LegLqFahg4sz1TBdcPgWHQFaUDrnhvez8,MOS-P1,no,2026-09-02T13:08:30.000Z,468.77,2,0,0,483967.942735564
36,2zyyDUHvuaef7T2cJrD3HtnRHdfxFbrQELPF8VVu88s9,MOS-P1,no,2026-09-02T13:14:31.000Z,398.0024,1,1,-15.084734,0
37,GihGXs77CL9cAHv16W6inYXVV5ZmEobBzX5u7su1n7ui,MOS-P1,no,2026-09-02T12:45:14.000Z,352.296626,1,1,135.976614,0
38,6L9iXPXZwUsCq3kyqRULrPY3hEJNTHd62M2gCuydFnoX,MOS-P1,no,2026-09-02T12:09:23.000Z,348.452787,1,1,55.74992999999998,0
39,7DckwVxBq489kyXHr4HcQjVnrW2ECLxzTN1YeKohWidG,MOS-P1,no,2026-09-02T12:09:50.000Z,330.581231,1,1,-49.87948799999997,0
40,4drEkXDZhjun3vjZmz1g7pQGM7kxANQbDuD9jtPZwzJZ,MOS-P1,no,2026-09-02T13:40:42.000Z,294.006951,3,2,-44.59670660317767,0
41,TvzsFTDUyDoNFDKBpEv6NWRt9Fo1w4g4Ed6BTsaSCHw,MOS-P1,no,2026-09-02T12:09:37.000Z,250.808934,1,1,-20.113522999999994,0
42,GdBHixe78VmVaxsGcqtXv8ujzk5G4YZZZUTzS63Q3e8v,MOS-P1,no,2026-09-02T13:00:27.000Z,243.195529,1,1,-0.3288739999999787,0
43,62ovA8SEVSRvPTgUg4pJHHh2RndELuzso4SeQp3v5ww1,MOS-P1,no,2026-09-02T12:09:22.000Z,199.05,1,1,16.352850999999987,0
44,5ZFyb7x4CS1Sq9TcCeWoEtoVoLpepfB56LyxHYoHCJqk,MOS-P1,no,2026-09-02T12:09:17.000Z,198.1,2,1,31.31649899999998,0
45,639NHLf3BfjEiSJLWPS8HRm7JCxCk2TMoH8eMC4e6e5j,MOS-P1,no,2026-09-02T12:09:19.000Z,196.839364,2,2,181.599866,0
46,DzmUGefjBDHEhMQZumgaLyfsbUKB28Gaoa2DTT6ucsA9,MOS-P1,no,2026-09-02T12:58:57.000Z,195.32,1,1,53.86098400000001,0
47,9ABCPb1YwRSv5d543skgg1nGTgWN5u1jcVBVDy81vNcB,MOS-P1,no,2026-09-02T12:09:02.000Z,192.901057,1,1,36.98278600000003,0
48,5RLo69PXBNAnjomqbqPU6v5J5gZRqXL158EnqmAjr1M2,MOS-P1,no,2026-09-02T13:14:45.000Z,192.82635399999998,2,2,-0.31664399999999304,0
49,9wzopihfGZW4SZdScJbE1i4rpoUEnjSqpFzDK1tgqwKE,MOS-P1,no,2026-09-02T13:29:00.000Z,174.31690600000002,2,0,0,201877.21581397898
50,53UteRVWQsxMuLy31Wjr1B8Scim96wxGrQVZiWpRjwPf,MOS-P1,no,2026-09-02T12:09:13.000Z,154.021761,1,1,31.525732000000005,0
51,3KB7Zu5Xv57B5KdRoSeuia2TpsBN6X9PnjTeJGjbdqN3,MOS-P1,no,2026-09-02T12:09:37.000Z,148.457745,1,1,1.0169020000000133,0
52,F19M3XwgC1xYAszBkPdxrsepQTtTPT54szHDDJj4h4mA,MOS-P1,no,2026-09-02T13:36:25.000Z,137.219984,1,1,4.119015999999981,0
53,J71sa4fohibzudkSBQa4FrdDprGxSFpEVQkJXuyXSUrW,MOS-P1,no,2026-09-02T13:06:24.000Z,117.08,2,1,-14.585875,0
54,DsraXwCn4YiN2Vcwmt1CkcnrZoDVV1AebcwE4ueKqC3q,MOS-P1,no,2026-09-02T12:29:54.000Z,104.3,2,1,61.95263668429782,5204.770814068
55,Ey1e46JAD8QQsNF9ZYqmuYwDvk1hTAsdZk6Mda79h71y,MOS-P1,no,2026-09-02T12:45:47.000Z,103.595122,1,1,41.76100350000001,112451.894880966
56,93NBQEbDxVusCPywGtzGnb4Sv6FQ3TELbGXcZ8XPpBwR,MOS-P1,no,2026-09-02T12:09:34.000Z,101.198277,1,1,1.4784479999999964,0
57,TTJCJT7A9hoWQVeBpr4XVuq8x64FSXY9THMeZ4cobNP,MOS-P1,no,2026-09-02T12:54:45.000Z,99.5,1,2,41.179537,0
58,ZiE555y27YNn4QJeGxEyKJeiSuSQ66ccCAJC4jtS3JT,MOS-P1,no,2026-09-02T13:12:46.000Z,99.451764,1,1,-0.082383000000003,0
59,HSX1mk6sEXBreZpPDhMEd1XLjMjckoszN1v3MTtDyR4n,MOS-P1,no,2026-09-02T12:09:41.000Z,99.05,1,1,31.021739000000025,0
60,GxHecu34mLeLvMe3DFbexGxubnhfkqSXtMrGgKNRrGYb,MOS-P1,no,2026-09-02T12:11:05.000Z,99.05,1,0,0,150234.219695948
61,5cLeWZAnkDTyPwyv61MGCd3jaJnc2pw9iapmXBcHbiL5,MOS-P1,no,2026-09-02T12:13:07.000Z,99.05,1,1,-13.048338999999988,0
62,H2TrCkRd5KkwYDrAVsLC5iw8hof9LGccXritgsWxUXXj,MOS-P1,no,2026-09-02T12:09:36.000Z,95.305965,1,1,1.4311569999999953,0
63,5Ta3M5kfkzC6jQwcCqJGt7L4NaxZiUEaftBteLpsRNfD,MOS-P1,no,2026-09-02T13:13:52.000Z,94.44,2,2,52.316292,0
64,8JUrHGNcn3Uty3CNhPrYDjxeKLHBZnAqM1Wi5EjWF7Xr,MOS-P1,no,2026-09-02T12:11:08.000Z,83.640797,1,0,0,126626.915477424
65,3YYLbNz7M1uqZxwkTcn5Yr5QoZDrDYEjRcXAQM8sQ5LW,MOS-P1,no,2026-09-02T12:10:22.000Z,83.357948,1,1,23.382523000000003,0
66,EWiahpS57vA42mt54S9dNsB3F9AmdJncxx83soe3wSpR,MOS-P1,no,2026-09-02T12:09:34.000Z,65.588335,1,1,1.3338499999999944,0
67,6fKBW9ivUQQE68miHezzc7hRB4LTTT8ggGRXkHmEHdh4,MOS-P1,no,2026-09-02T13:39:07.000Z,62.342318,1,1,-0.4702620000000063,0
68,7K5Rp8WcegkMGfarxfTntjVkhYgHk37XYwD4REnkBMK8,MOS-P1,no,2026-09-02T12:10:51.000Z,59.323248,2,1,-7.631548,7.275957614183426e-12
69,7jtEzKiNNjXYig9dBkk1vnczLpVgCqRS4544ShbqraHx,MOS-P1,no,2026-09-02T12:11:02.000Z,59.05,1,1,-9.632574999999992,0
70,4tN6D1yVuoXYgTP7BRbjsMMd3q1TfpEk73Nwi8zfVsWw,MOS-P1,no,2026-09-02T12:09:23.000Z,57.20927,1,1,1.899026999999998,0
71,BnVvh5Fz2MRTWfBMipHUyhWmxRH7UCArYoyN1ouWTjyt,MOS-P1,no,2026-09-02T12:09:18.000Z,54.823855,1,1,8.949845999999997,0
72,Ckj8hzKShjYFe9yPHSYxwA7X3fo3n8MRZHaojaPeX88T,MOS-P1,no,2026-09-02T13:30:35.000Z,54.05,1,0,0,61742.644443508
73,FDcDmPXSto6uQuWUThb7doKbBEwKEH4vfBRpotyYdwXk,MOS-P1,no,2026-09-02T12:09:34.000Z,52.106621,1,1,3.7548480000000035,0
74,9Zqe4vHW9mpjMD6CeC8VHGwACvp4NmBghtL5eW5VhG74,MOS-P1,no,2026-09-02T12:09:45.000Z,50.319179,1,1,-7.498072000000003,0
