wallet,first_buy_time_utc,first_buy_mcap_usd,n_buys,tokens_bought,eth_spent,usd_spent,tokens_held_at_window_close,current_onchain_balance,current_usd_value,status
0x387a85cbde43e5647dcf753c6b7a738f9c3a2179,2026-08-31T20:58:30Z,95188.72,3,22911075.5391,0.98944585,2448.65,22911075.5391,0.0,0.0,exited after window
0xfddbb0af1cbc8f4a0dfde9634c804be675f19444,2026-08-31T18:16:10Z,68083.76,2,14575381.7285,0.38182374,944.93,14575381.7285,14575381.7285,1559.57,still holds
0xde53ff7437a5c72a14abeb496cc040b87a74400f,2026-08-31T18:56:13Z,64941.14,2,10690292.6947,0.297,735.01,10690292.6947,10690292.6947,1143.86,still holds
0x2cc53d04f9084dfb115e8db207b9267d552604ea,2026-08-31T18:57:50Z,80012.83,7,9793395.0648,0.34353,850.16,9793395.0648,9793395.0648,1047.89,still holds
0xa415a9e78b904c1ecd35b0832f8b74c87244ca48,2026-08-31T18:58:47Z,103168.78,1,9566239.2617,0.3988,986.94,9566239.2617,9566239.2617,1023.59,still holds
0x11d9eb8aafdc1eeef0cee2fe4c5a17ed2541501d,2026-08-31T17:24:17Z,64873.48,4,8813481.8384,0.22667865,560.98,8813481.8384,0.0,0.0,exited after window
0x5e1bc70cec80a94fbc3dea8ff33b7ebf139a7be4,2026-08-31T18:59:22Z,90720.09,3,8644089.5418,0.30366444,751.5,8644089.5418,14500226.7335,1551.52,still holds
0x45fd36c9cdd500c1b372d99ba3bd79da0d358504,2026-08-31T17:22:12Z,51568.72,3,8637912.4315,0.20650344,511.05,8637912.4315,0.0,0.0,exited after window
0xb0b8a1ec009684a5739f94b7378aaeb55be09698,2026-08-31T17:22:12Z,53529.64,3,8361087.8962,0.20650344,511.05,8361087.8962,0.0,0.0,exited after window
0x1ec81cb42dc7cdf26a4f88fdeb7cf83f5b04f372,2026-08-31T17:22:12Z,55527.16,3,8066878.0089,0.20650344,511.05,8066878.0089,0.0,0.0,exited after window
0x5aec8868770584f76f83bb4ca9b21aa0af5f73c0,2026-08-31T17:21:23Z,61373.25,1,7983998.1361,0.198,490.0,7983998.1361,5588798.6953,598.0,still holds
0x56996763cd68db3bf5f6e24d9b3f1198e6299669,2026-08-31T17:34:10Z,61014.99,1,7930788.5359,0.19553233,483.9,7930788.5359,0.0,0.0,exited after window
0xead3f93ff737a1be0c8a11529f3c034b44549bb1,2026-08-31T17:22:12Z,57561.26,3,7878380.5918,0.20650344,511.05,7878380.5918,0.0,0.0,exited after window
0x1334fb6ea0e90ab44fbad8fa22453d7608291d34,2026-08-31T17:46:38Z,83006.69,7,7169603.2248,0.2298612,568.85,7169603.2248,17783.1985,1.9,still holds
0x5e5392695524a9a462730bd5e0ae512722967ac4,2026-08-31T17:54:44Z,85725.39,2,6736452.2802,0.2079,514.5,6736452.2802,0.0,0.0,exited after window
0x829b934017f419b1f58187ea21c48abacf6f2de0,2026-08-31T18:59:39Z,95400.52,1,6420352.1339,0.2475,612.51,6420352.1339,3210176.067,343.49,still holds
0x976a1e9c697aff4178836008c8bf68f72ab6ecc9,2026-08-31T17:22:12Z,59631.94,2,6036070.5921,0.1584,392.0,6036070.5921,0.0,0.0,exited after window
0x58f200e909f575bec70f2ac802206e9d18d8fdf4,2026-08-31T17:29:17Z,56816.09,3,5718895.7307,0.14,346.47,5718895.7307,0.0,0.0,exited after window
0xe5a0ec276556d2ddf9e11dc6299291099c0c59ce,2026-08-31T17:24:20Z,72643.74,1,5672798.3671,0.166518,412.09,5672798.3671,0.0,0.0,exited after window
0x8eab714a8b1db7dacdfaeb5aaa7c08d0d6a23a53,2026-08-31T17:46:27Z,78197.95,2,5548335.6121,0.1615415,399.78,5548335.6121,3115238.9387,333.33,still holds
0x4c5439333bb9bfe7ac86b6c69a4a69f3451ffe98,2026-08-31T17:38:08Z,69619.84,3,4980461.7203,0.1259916,311.8,4980461.7203,97972158.5186,10483.02,still holds
0x2aa0bcf849ec7d9dfbc95cf4dd68bc1a17123294,2026-08-31T18:18:27Z,70309.26,3,4869558.4135,0.11940024,295.49,4869558.4135,4869558.4135,521.04,still holds
0x267444d099b10fb5ed7c3cc7b7c767adca574952,2026-08-31T17:20:47Z,52670.05,1,4698623.6355,0.1,247.48,4698623.6355,81632653.0612,8734.69,still holds
0x7a40e53bbfe8fa9e661b52a10b2ca9214b525475,2026-08-31T17:37:04Z,68815.08,4,4633154.5673,0.11906533,294.66,4633154.5673,10414224.3877,1114.32,still holds
0xf333b01b1a50541ee88ee42230f2944786a6f30f,2026-08-31T20:49:22Z,83978.76,1,4622178.5754,0.15684902,388.17,4622178.5754,9680.6061,1.04,still holds
0x256f5e739aa40beff383c87502f5f79f1c86b90e,2026-08-31T19:20:35Z,78810.33,3,4590412.7661,0.1485,367.5,4590412.7661,7027387.2821,751.93,still holds
0xe35087375321fa1c6f4f82a338c1961c604a376f,2026-08-31T17:29:00Z,48207.21,1,4319927.5609,0.08415,208.25,4319927.5609,4319927.5609,462.23,still holds
0x1691d2642ebf2bfaecd84f898c97ca7b5e08782c,2026-08-31T20:35:09Z,72733.11,2,4293347.4274,0.1279035,316.53,4293347.4274,4293347.4274,459.39,still holds
0x244e5d22e518530395deafcde0932f567159cca3,2026-08-31T17:21:33Z,38668.9,2,4023509.9615,0.066,163.33,4023509.9615,0.0,0.0,exited after window
0x115bb49e4e0546d499ec8b1f8b75e6c59c03ab3f,2026-08-31T17:45:23Z,75356.57,1,3995414.4665,0.12166022,301.08,3995414.4665,5614799.4364,600.78,still holds
0xc658de63f04af9f7846080f858eaa28059ed13a6,2026-08-31T17:21:33Z,39372.97,2,3953202.3675,0.066,163.33,3953202.3675,0.0,0.0,exited after window
0x0e0a543d71689aaa75a7f616f66111a277777777,2026-08-31T18:56:56Z,74750.55,2,3934856.0484,0.11978254,296.43,3934856.0484,2346696.1515,251.1,still holds
0xccbd5d905df8d82b58809a5ee2f4d2398084ff4b,2026-08-31T17:21:33Z,40083.39,2,3884722.7452,0.066,163.33,3884722.7452,0.0,0.0,exited after window
0x078bcf71506815fecdfa501041e27a85e3b1984e,2026-08-31T17:21:14Z,48881.68,3,3809963.3882,0.08634047,213.67,3809963.3882,3809963.3882,407.67,still holds
0x6078ee8a93697c6d67863fcbff77141d9ab358b2,2026-08-31T17:52:14Z,65353.95,1,3748846.9825,0.099,245.0,3748846.9825,12225858.6346,1308.17,still holds
0x639890cf2876289f78fef53f943c8cc1dcc76259,2026-08-31T19:08:05Z,80006.54,1,3702449.7095,0.11969618,296.22,3702449.7095,3702449.7095,396.16,still holds
0x1e77e0712a43059b97d1cd11c95113677387da07,2026-08-31T18:10:32Z,55981.24,3,3483372.0929,0.1092861,270.46,3483372.0929,3388319.7482,362.55,still holds
0xece4c8a71eaa31a487b15995c78bf786bfa30833,2026-08-31T20:38:30Z,77239.32,1,3204025.4401,0.1,247.48,3204025.4401,3204025.4401,342.83,still holds
0xeeb64b37034c0dae1cb54792d8180580676c1120,2026-08-31T17:57:46Z,66887.71,1,2981131.747,0.08057366,199.4,2981131.747,2494108.3252,266.87,still holds
0x02c9f7d9a27ad57a40f05de276012d698db2697d,2026-08-31T17:39:27Z,75216.34,4,2979086.2157,0.10099359,249.94,2979086.2157,3414177.5932,365.32,still holds
0x1dad67761031c9886afea86d8256f51e92229f64,2026-08-31T18:27:11Z,51643.62,1,2858970.8238,0.05966121,147.65,2858970.8238,3284596.184,351.45,still holds
0x939c1fb5d53cfc0370d4c76e0be2ac2fd1bd9e27,2026-08-31T17:28:12Z,59308.91,2,2845937.0672,0.06514212,161.21,2845937.0672,4115338.4947,440.34,still holds
0xb309e8f0e8f9426de4394c0f5e0691f9bdeaa34f,2026-08-31T18:10:35Z,55322.75,2,2844574.9557,0.06405558,158.52,2844574.9557,2713269.8802,290.32,still holds
0x530dd5ba7921bcdc3d991b7b5cd6768fd4dd34c3,2026-08-31T20:46:47Z,83258.83,4,2815778.8319,0.12766559,315.94,2815778.8319,2815778.8319,301.29,still holds
0xe56518494572358a94033f5c019fb5b0aaef4404,2026-08-31T17:26:15Z,82208.88,11,2776292.4307,0.0757346,187.43,2776292.4307,4474914.8263,478.82,still holds
0x9bbcca9cb2441c3031f79ca8b2f79bf6e38160f7,2026-08-31T18:19:09Z,71556.64,1,2668937.4109,0.07717097,190.98,2668937.4109,2668937.4109,285.58,still holds
0x25366a603e75c16873e80015553a54b356edab09,2026-08-31T17:30:30Z,56284.13,1,2611769.4923,0.0594,147.0,2611769.4923,0.0,0.0,exited after window
0x7aa49ab3728bc6fc9ec098a9630cc2c6ac17856f,2026-08-31T18:32:30Z,66004.52,3,2600223.5779,0.11,272.22,2600223.5779,0.0,0.0,exited after window
0x081ecb3fe606f56134a9b4b2f0d6c631cdbc5511,2026-08-31T19:29:38Z,84118.15,1,2355617.7602,0.08006821,198.15,2355617.7602,2355617.7602,252.05,still holds
0xa0ed47a5dc1017db87d3807ecd95750b3ea0ff85,2026-08-31T17:23:37Z,65073.92,1,2258987.6735,0.0594,147.0,2258987.6735,8634654.0296,923.91,still holds
0x1aa9723fe2ad3ae37aaaf5e03579157f33354321,2026-08-31T19:22:16Z,86008.93,1,2221880.0166,0.07722,191.1,2221880.0166,0.0,0.0,exited after window
0x474600af5cafe994cfff2abe156e0aa0e6f9eb78,2026-08-31T17:23:37Z,66720.84,1,2203227.2785,0.0594,147.0,2203227.2785,0.0,0.0,exited after window
0xcea0f3f5c4e44312d21a25b651f09da71b08cc2e,2026-08-31T17:23:37Z,68388.35,1,2149506.2808,0.0594,147.0,2149506.2808,0.0,0.0,exited after window
0x225ad5b95e0701e286f838b1d064dafc21786fbe,2026-08-31T17:23:37Z,70076.43,1,2097726.4258,0.0594,147.0,2097726.4258,0.0,0.0,exited after window
0xbe25f141dc44a2b9a2a838324376d01a9c6b5860,2026-08-31T17:23:37Z,71785.09,1,2047795.3053,0.0594,147.0,2047795.3053,0.0,0.0,exited after window
0xbbaa61ee4d230550e0250b3bfbe5d4476f5f198b,2026-08-31T18:13:48Z,60254.48,1,2033060.2913,0.0495,122.5,2033060.2913,1733508.0867,185.49,still holds
0x55168556718c4190e423158ae5ac4c0568828660,2026-08-31T21:10:53Z,108904.16,2,1984461.7401,0.08814844,218.15,1984461.7401,0.0,0.0,exited after window
0x5690d0c52d16eeb8936c0727cbeb8e085b24f30b,2026-08-31T17:47:11Z,83477.6,2,1977653.4823,0.06633,164.15,1977653.4823,1977653.4823,211.61,still holds
0xdefeb2a4f864095559f86c64a5b3a562222fa1c3,2026-08-31T17:28:36Z,62557.1,1,1958226.5848,0.0495,122.5,1958226.5848,0.0,0.0,exited after window
0xc9650c9a1da749cdc83b3c802d88227d426d9641,2026-08-31T17:22:48Z,64903.19,1,1887441.7455,0.0495,122.5,1887441.7455,8326502.4097,890.94,still holds
0x02c1659d31df65455ce8aab075866a3c32b227ea,2026-08-31T17:22:48Z,66272.39,1,1848446.5977,0.0495,122.5,1848446.5977,0.0,0.0,exited after window
0x8fc3b46308f2e0ebc732484a7f017aa721f7e3aa,2026-08-31T17:30:26Z,55012.58,1,1822826.1786,0.04052032,100.28,1822826.1786,1822826.1786,195.04,still holds
0x1196eda1ebcfcd18251538d23dded72c3fe0e048,2026-08-31T20:02:46Z,79237.36,1,1811475.0378,0.058,143.54,1811475.0378,1811475.0378,193.83,still holds
0x89d231b28f22a5c9c037a20070b1a16cc72c11d6,2026-08-31T17:22:48Z,67655.9,1,1810647.572,0.0495,122.5,1810647.572,8118022.8879,868.63,still holds
0x4077802a645244c7ec69919c689d0aac1ca39352,2026-08-31T17:22:48Z,69053.69,1,1773996.2444,0.0495,122.5,1773996.2444,8084407.8863,865.03,still holds
0x60586c6f72fc55dc7d3db05be1c6575115afd437,2026-08-31T17:48:53Z,84692.04,1,1697007.8146,0.05807538,143.72,1697007.8146,4280770.976,458.04,still holds
0x7371b691edc98fa938a367a28cb454977c363a83,2026-08-31T17:38:57Z,77811.78,1,1590226.5516,0.05,123.74,1590226.5516,0.0,0.0,exited after window
0x2072e38b93ebc6eb011391cee59f70b1873773c6,2026-08-31T17:59:50Z,62892.28,1,1563757.0696,0.0397404,98.35,1563757.0696,0.0,0.0,exited after window
0x1db818b87751657a1cd481129eafea0aff850950,2026-08-31T17:27:44Z,64822.32,1,1524322.8971,0.03992705,98.81,1524322.8971,1524322.8971,163.1,still holds
0x3bce5d04c2666d262f5b91773ed85003901826b8,2026-08-31T17:25:16Z,81226.8,1,1508135.0839,0.0495,122.5,1508135.0839,0.0,0.0,exited after window
0x94042360761545522eb235c1d8fdf7248356e81d,2026-08-31T17:33:31Z,68686.92,2,1467511.4852,0.03926044,97.16,1467511.4852,733755.7426,78.51,still holds
0x39218e1ae52e7b564db8f1b52ba7ed2c535aed82,2026-08-31T18:44:33Z,57428.84,1,1434988.8844,0.0333,82.41,1434988.8844,2475609.5031,264.89,still holds
0xa90383f9ac704ea17ab519b1e04378090d4fb0a3,2026-08-31T17:57:31Z,69570.17,1,1414436.7768,0.03976237,98.4,1414436.7768,1414436.7768,151.34,still holds
0xde3799a8fda4fb864e5bea61580da764fdbbc2f9,2026-08-31T17:36:42Z,67977.8,2,1410879.116,0.03844645,95.15,1410879.116,1410879.116,150.96,still holds
0x2bac200dd05929f190216666465078b2f62c1d99,2026-08-31T21:01:34Z,107115.08,1,1410532.7294,0.06105193,151.09,1410532.7294,0.0,0.0,exited after window
0xd535a0e0d0c3e4a3f494fac0558658320290c0a7,2026-08-31T18:13:28Z,58251.2,2,1368499.1327,0.03328298,82.37,1368499.1327,1368499.1327,146.43,still holds
0xf1462d010ab43bd33306631f4901ed092eac7c87,2026-08-31T17:21:17Z,52804.49,1,1351493.6901,0.02883703,71.37,1351493.6901,4740184.4638,507.2,still holds
0x4bd8598cdca1b218f2f964f3832ebbea354383b8,2026-08-31T17:21:17Z,49226.92,1,1317294.4847,0.02620301,64.85,1317294.4847,4305992.1352,460.74,still holds
0x0c611c10f75aa0aa09b0fa93f4d66cc391fb1252,2026-08-31T17:55:10Z,79510.42,2,1316613.4108,0.03775788,93.44,1316613.4108,1926737.1034,206.16,still holds
0x2d56c87356589f6b62f4dede1b069e909c7db893,2026-08-31T20:26:40Z,74595.27,1,1295352.185,0.03904494,96.63,1295352.185,1295352.185,138.6,still holds
0xd290b3110825a3eaa52a57eb60767c2785d46f5d,2026-08-31T19:38:51Z,95493.8,1,1282816.1446,0.0495,122.5,1282816.1446,1282816.1446,137.26,still holds
0xaec3d4dfcfe1b35943034fada6362f512fca05af,2026-08-31T19:17:32Z,77630.69,1,1262397.4561,0.0396,98.0,1262397.4561,0.0,0.0,exited after window
0x1a5d80c0f03d26aefd94b2a85871924160bf00e7,2026-08-31T18:09:31Z,57494.79,1,1241338.7345,0.02883928,71.37,1241338.7345,1241338.7345,132.82,still holds
0x5f28e15ba9cc8f1280c5040728fa2995a19d38d4,2026-08-31T17:42:50Z,66159.57,3,1235261.6186,0.0350025,86.62,1235261.6186,3296124.702,352.69,still holds
0xecfe8de3f57285c3909f92a47cd7d2cd02154e65,2026-08-31T17:21:17Z,52127.67,1,1229024.3275,0.02588776,64.07,1229024.3275,4005897.3318,428.63,still holds
0x9bc87dc4b5bd07c3f25e3a9c4067af9cf90f9421,2026-08-31T17:32:04Z,61439.18,1,1217187.3007,0.03021819,74.78,1217187.3007,0.0,0.0,exited after window
0xf4bedf1ce7c20ac2e450bcc7850984361de555e8,2026-08-31T17:21:17Z,51499.74,1,1210788.7783,0.02519643,62.36,1210788.7783,3885477.1437,415.75,still holds
0xdcfcd618a920f2bf626ca18cfbcecce1da88647f,2026-08-31T21:19:16Z,122147.56,1,1203901.1841,0.05942118,147.05,1203901.1841,1692517.8127,181.1,still holds
0x6524656e990057403e67a2efaffe8b73af678fa3,2026-08-31T17:20:48Z,49674.12,1,1183626.3131,0.02375803,58.8,1183626.3131,0.0,0.0,exited after window
0xd3263483ba74eb13a7c5d7ccc1f26e4d837b7c7a,2026-08-31T17:52:18Z,72057.5,2,1171990.5818,0.03465,85.75,1171990.5818,1171990.5818,125.4,still holds
0x835e0b395d3b2b7e2c3cc954adbf42f827222529,2026-08-31T17:20:48Z,50247.68,1,1170115.6361,0.02375803,58.8,1170115.6361,0.0,0.0,exited after window
0xf2942664e1874c60ecb9a69161ad544990998e1d,2026-08-31T17:20:48Z,50824.53,1,1156834.9757,0.02375803,58.8,1156834.9757,0.0,0.0,exited after window
0xed4adac8542254e630aebe833af091c5463c0aaf,2026-08-31T17:20:48Z,51404.67,1,1143779.1401,0.02375803,58.8,1143779.1401,0.0,0.0,exited after window
0x8b3e705ca70e15046ce943b5d1e2eaa48642839b,2026-08-31T17:21:17Z,50358.64,1,1126595.2166,0.0229249,56.73,1126595.2166,4283353.5802,458.32,still holds
0xb29de48c52175cf0cfdf0265169c9f850e31da81,2026-08-31T17:21:17Z,49811.0,1,1112337.9458,0.02238864,55.41,1112337.9458,4195780.907,448.95,still holds
0x69859d1dec2fab389a5da6fc83b2bf2900aafec6,2026-08-31T17:21:17Z,50913.79,1,1106221.3446,0.02275847,56.32,1106221.3446,3845129.3268,411.43,still holds
0x4c70a1eb354c4f5b2ea98dd152cb7fe70c650a57,2026-08-31T18:09:17Z,56772.77,1,1104350.0217,0.02533451,62.7,1104350.0217,1104350.0217,118.17,still holds
0x0a4eeaaced0005c13355df625f21945af7d583de,2026-08-31T17:21:17Z,53459.96,1,1101923.3754,0.02380376,58.91,1101923.3754,3850385.0835,411.99,still holds
0x548259a8193e3613a4ada146403c21ceb22131a3,2026-08-31T17:33:17Z,67430.45,1,1101031.0411,0.03,74.24,1101031.0411,0.0,0.0,exited after window
0x161095484776f544ff3fc10250dbdc45f558f701,2026-08-31T17:53:33Z,74024.76,2,1076811.8515,0.03099684,76.71,1076811.8515,1377027.7593,147.34,still holds
0xff6e194e9a6e7020d62a9ee45bd4b5fed59f8c67,2026-08-31T17:34:59Z,62115.41,2,1067893.0159,0.029,71.77,1067893.0159,1067893.0159,114.26,still holds
0x83de8651268d4bf07ef0c180a45d162c1af90c21,2026-08-31T19:34:28Z,83413.68,1,1056181.1214,0.03559929,88.1,1056181.1214,2445727.4906,261.69,still holds
0x937f849df54d8278c99b93b722ff1db6db193021,2026-08-31T20:55:30Z,87758.25,1,1055064.1956,0.03741386,92.59,1055064.1956,2412927.294,258.18,still holds
0xdef2ede50b4e52bdcc4dfaf8a3ec198348dc11a2,2026-08-31T18:13:28Z,57628.54,1,1051892.2573,0.02449484,60.62,1051892.2573,1051892.2573,112.55,still holds
0x2eecab28f4b3b10901681bb3ca97d2bccfae6ecb,2026-08-31T17:36:33Z,67933.47,4,1040774.4684,0.028215,69.83,1040774.4684,0.0,0.0,exited after window
0xbde3a9cb6e93e28e676b77a335a5519ab4a4e4a3,2026-08-31T18:58:46Z,95811.64,1,1028014.2846,0.0398,98.5,1028014.2846,0.0,0.0,exited after window
0x61daea474f20874c65e5d5e882f0eb9e5ca94ea1,2026-08-31T17:25:02Z,96843.24,1,1026664.2959,0.04017569,99.43,1026664.2959,0.0,0.0,exited after window
0x405b55c324085a1372fcc7a1cc70a313524b568b,2026-08-31T17:25:30Z,74425.86,2,1024024.0802,0.02985,73.87,1024024.0802,1024024.0802,109.57,still holds
0xb17e873ebce66d32b3f2d32f1d7b833e59212a6e,2026-08-31T17:39:50Z,76505.32,12,1017261.662,0.0297,73.5,1017261.662,1094990.8259,117.16,still holds
0x9fe751a1c833b1e57c6666c1cba8abea4d638fb4,2026-08-31T18:38:48Z,56310.29,3,1013785.8004,0.02395908,59.29,1013785.8004,1013785.8004,108.48,still holds
0x9bd3da32c12f1fe96174706dc7dd2ca77b20f34c,2026-08-31T17:21:18Z,54331.07,1,994325.1013,0.02182942,54.02,994325.1013,0.0,0.0,exited after window
0x9b0f9b9492ef66c80f8871e127eeab51d67bd67f,2026-08-31T17:39:04Z,79045.96,1,987212.9736,0.03153234,78.04,987212.9736,987212.9736,105.63,still holds
0xffc192203f9df5e27d489176a28971a400273aff,2026-08-31T17:58:45Z,68603.41,1,982101.9424,0.027225,67.38,982101.9424,0.0,0.0,exited after window
0x6fc6d78cb5906f2890dde67a2726463d9623705d,2026-08-31T18:01:14Z,60643.63,2,981031.3345,0.02354698,58.27,981031.3345,981031.3345,104.97,still holds
0x12ed0c1419e3eec38d40dd092a24cb6ae3e019bc,2026-08-31T17:30:00Z,57475.53,2,953212.2722,0.03081259,76.25,953212.2722,1421593.2231,152.11,still holds
0xd549d2cb0cc66fe7de603987b61268d40f0e2f57,2026-08-31T19:18:48Z,77706.24,2,944070.4374,0.0297,73.5,944070.4374,7890647.214,844.3,still holds
0x5b6b51466be37f1754dce43c66a5804812c3f480,2026-08-31T20:27:40Z,75353.71,2,881072.1924,0.02683601,66.41,881072.1924,881072.1924,94.27,still holds
0xc680c56b4e9127e0588641d5db151ecf7e707165,2026-08-31T17:27:09Z,82294.43,1,878527.2435,0.02921402,72.3,878527.2435,0.0,0.0,exited after window
0x0c1d2e6be2e0d83ec341a5314bd67da1966ddc4c,2026-08-31T21:02:05Z,108004.16,4,866958.2956,0.03795125,93.92,866958.2956,876484.4479,93.78,still holds
0x126a08462a3bafa1a3ea3c9240307589999f15af,2026-08-31T20:34:21Z,71654.71,1,857831.317,0.02483775,61.47,857831.317,857591.8964,91.76,still holds
0x19ec2a02ff73e052e870edf77e2d43704189cb4b,2026-08-31T18:11:42Z,57447.1,1,857488.7694,0.019905,49.26,857488.7694,857488.7694,91.75,still holds
0xff74a623748312037be09a5ef2ca1243db56d99f,2026-08-31T21:14:52Z,114106.76,1,825455.0305,0.03806014,94.19,825455.0305,825455.0305,88.32,still holds
0x44b82ea50956a10beec5dae017db6482917ff7a5,2026-08-31T17:49:34Z,77704.1,1,822689.6039,0.02583126,63.93,822689.6039,802703.0573,85.89,still holds
0x258036441ed43d6e58ae6c9d5b41469460de9ffc,2026-08-31T17:22:39Z,62105.47,1,796956.2987,0.02,49.5,796956.2987,0.0,0.0,exited after window
0x1b7a739592dcc04db697dffa9c8a53490d075ef0,2026-08-31T20:36:41Z,75392.12,1,796904.0287,0.02427714,60.08,796904.0287,796904.0287,85.27,still holds
0xfb1854d07189f9623771bc8fb1e4e171d57da96a,2026-08-31T18:56:02Z,62007.37,1,786132.4094,0.01969721,48.75,786132.4094,0.0,0.0,exited after window
0x6f172964827400427f2b93e7a9b02e0c1bc3360d,2026-08-31T17:33:28Z,68360.12,2,776140.0588,0.01881011,46.55,776140.0588,776140.0588,83.05,still holds
0x53372ac65a0a4821778d06152521df9c362712a1,2026-08-31T18:07:03Z,55545.22,1,742251.9258,0.01665957,41.23,742251.9258,742251.9258,79.42,still holds
0x027091f7e186468ff6a5f7308e46014c205d76aa,2026-08-31T18:02:49Z,65930.31,2,739319.9196,0.0198,49.0,739319.9196,739319.9196,79.11,still holds
0x0b4cd04228d580c661bc7a6347e454e8c48efeaf,2026-08-31T18:54:35Z,61246.12,1,698343.0072,0.01728276,42.77,698343.0072,698343.0072,74.72,still holds
0xd7b1f3621500333fefe9b69fca43db25575db1f5,2026-08-31T17:50:28Z,74354.23,3,696739.6327,0.02102674,52.04,696739.6327,2420311.3796,258.97,still holds
0x68b5d2b88723168080977922daf5852a5dd63bca,2026-08-31T17:22:49Z,70609.27,1,693965.4692,0.0198,49.0,693965.4692,0.0,0.0,exited after window
0xcbae3d6453124dc5c4d9b764d1581da0a442d286,2026-08-31T18:43:38Z,58036.32,1,690972.8394,0.01620416,40.1,690972.8394,684926.8271,73.29,still holds
0xe758f5b84486a55bb2614a1bc5e9e42e5f89375c,2026-08-31T19:08:58Z,81615.11,1,682629.4089,0.02251237,55.71,682629.4089,0.0,0.0,exited after window
0xaa19fa54219d68c8e0baf9a77dcf18aae0bd145c,2026-08-31T20:52:33Z,86789.21,1,666258.9111,0.02336546,57.82,666258.9111,0.0,0.0,exited after window
0x47fec07146bca78a5a9c7736480cc006474c5b8a,2026-08-31T17:25:40Z,75819.22,1,646279.3332,0.0198,49.0,646279.3332,0.0,0.0,exited after window
0xe031b7ecf95238f864e385674c7da555d2bc2c05,2026-08-31T18:08:37Z,55270.87,1,642748.8427,0.014355,35.53,642748.8427,0.0,0.0,exited after window
0x0175b01d8ef9b494888d6babdbc4f6d89f74de65,2026-08-31T19:14:49Z,78350.01,1,628562.3982,0.0199,49.25,628562.3982,628562.3982,67.26,still holds
0x93c9945853ff79cc13a86beb94c428e0faa733f0,2026-08-31T20:45:24Z,80415.61,1,609523.2561,0.01980598,49.02,609523.2561,609523.2561,65.22,still holds
0x35b9607ac4ed5a22b0112c06dd9d823340a0087c,2026-08-31T18:48:51Z,62803.17,1,604703.7157,0.01534581,37.98,604703.7157,604703.7157,64.7,still holds
0xe597ecc951bec0ce5ab5f6b83e27a95a4db37ac6,2026-08-31T18:53:48Z,60827.13,1,604175.9993,0.01485,36.75,604175.9993,1149933.6901,123.04,still holds
0x446301cd44644b7d74176a712b0c7893a6ed6d8d,2026-08-31T21:18:08Z,126494.07,1,583994.1939,0.02985,73.87,583994.1939,583994.1939,62.49,still holds
0xa21354d376642f959be7e701e0471e34c999284d,2026-08-31T17:41:39Z,66237.75,1,554823.9988,0.01485,36.75,554823.9988,554823.9988,59.37,still holds
0x05876eb0cb7b2496b39f4dc626b243ea3ceacb96,2026-08-31T18:56:51Z,70483.74,1,550305.9162,0.01567324,38.79,550305.9162,0.0,0.0,exited after window
0x6620f274fb8512d3e2e954e325e044a018c475b4,2026-08-31T17:41:23Z,63761.33,1,540541.1796,0.01392681,34.47,540541.1796,535274.6436,57.27,still holds
0x393b01106e7d65405171acd2c42b4cb5a5590dfb,2026-08-31T17:51:12Z,65268.14,1,526324.855,0.013881,34.35,526324.855,263162.4275,28.16,still holds
0xfaa22db0e349bd6ecfeaee4345e4cd1a9e0684d4,2026-08-31T17:23:08Z,56861.49,1,511346.5758,0.01174895,29.08,511346.5758,511346.5758,54.71,still holds
0x6f765ed544e15f2f8abd2a3c414c8e84089dd370,2026-08-31T18:17:54Z,69750.94,2,507998.9057,0.01200968,29.72,507998.9057,936444.326,100.2,still holds
0xc40a1c2b9135a6358877029f3a45ee35f58d632a,2026-08-31T17:27:38Z,70958.26,2,505362.7583,0.014219,35.19,505362.7583,505362.7583,54.07,still holds
0x0c1232e6d527035b12c3220a2f7abf5e3002c926,2026-08-31T17:34:09Z,58409.39,3,478134.4484,0.01201909,29.74,478134.4484,798999.4135,85.49,still holds
0x02508ffd76e9f7350320ec0d44787468e4dbcab1,2026-08-31T17:23:02Z,62783.43,1,476328.4457,0.01208418,29.91,476328.4457,25225.5129,2.7,still holds
0x6a0cf31e64f644db7c4f3c4137cb572df6188e51,2026-08-31T19:50:53Z,87243.9,2,465827.7108,0.01642613,40.65,465827.7108,0.0,0.0,exited after window
0x652029db8d19dcdda642cbcfff3c268f6d0bc2f1,2026-08-31T17:21:17Z,53932.68,1,454273.7095,0.0099,24.5,454273.7095,1161113.3561,124.24,still holds
0x059ada26aceb22f95ae3ec850e68accb01dfbdfc,2026-08-31T17:47:51Z,82598.06,1,434653.3289,0.01450703,35.9,434653.3289,434653.3289,46.51,still holds
0x2365c046163bd3016a9b282ab36e365338b91e4c,2026-08-31T17:42:08Z,67248.53,1,428517.5438,0.0116444,28.82,428517.5438,428517.5438,45.85,still holds
0xf0b00a4b776b8eaf5c4c668f2dedd7b246c4a371,2026-08-31T17:23:44Z,72545.4,2,428298.8876,0.010791,26.71,428298.8876,428298.8876,45.83,still holds
0x6c04b51bb775652b54dcff192fef99d8c53d13e8,2026-08-31T17:29:28Z,58437.84,3,425287.2606,0.01269414,31.42,425287.2606,615023.4934,65.81,still holds
0xd378a151b61aac2950558cbde16e61b013055213,2026-08-31T17:51:51Z,64131.86,2,408997.373,0.01075946,26.63,408997.373,278997.373,29.85,still holds
0xa6484eff4f390a9f535f0d3b46e996ba46b6df28,2026-08-31T17:58:53Z,79513.21,1,386999.3122,0.01243412,30.77,386999.3122,0.0,0.0,exited after window
0x758e4e534afbb044dea64ab07e5d783fec7e1541,2026-08-31T17:21:24Z,64026.1,1,384978.6509,0.00996,24.65,384978.6509,192489.3255,20.6,still holds
0xec440f08fc2eff0864b8512e85c6635d31e20039,2026-08-31T17:24:30Z,78786.24,1,376752.2882,0.01199422,29.68,376752.2882,0.0,0.0,exited after window
0xf416aad13bc47c10fa91da06e74dabe21d590b98,2026-08-31T17:52:51Z,75084.25,1,367610.8795,0.01115329,27.6,367610.8795,1402861.4,150.11,still holds
0x5a3bb85cd1eb1ac693c9d3523d10db42b2496794,2026-08-31T17:32:51Z,64271.72,1,346889.4303,0.009009,22.3,346889.4303,346889.4303,37.12,still holds
0x340ae3efa4d54ffccc94a4562478a9cbc8e83dc3,2026-08-31T21:02:57Z,108976.03,1,341332.9122,0.01503055,37.2,341332.9122,341332.9122,36.52,still holds
0xa7be124d0a2b3e6f687cfedb7fb03157d4e445e8,2026-08-31T20:21:25Z,74340.7,2,331898.1474,0.01046753,25.9,331898.1474,0.0,0.0,exited after window
0xd782528254a1a572a7fa7e59193a652b105e7d45,2026-08-31T19:16:53Z,76888.34,1,319494.0061,0.00992633,24.57,319494.0061,0.0,0.0,exited after window
0x4603b4de28746d53f824887932d2df4d4ed16949,2026-08-31T18:10:48Z,56643.63,1,316190.4143,0.00723711,17.91,316190.4143,316190.4143,33.83,still holds
0x0b4bae8cb698ef55fd3df8cd7fc8e6bd071972ec,2026-08-31T19:13:54Z,85892.69,1,312901.7541,0.01086,26.88,312901.7541,0.0,0.0,exited after window
0x0d1d521f206c80c5101ae4ef8983790cfca1fbc8,2026-08-31T19:02:43Z,97396.67,1,302649.2202,0.01191103,29.48,302649.2202,328913.7075,35.19,still holds
0xc2f5f219b8e429f85dc4d3575fc704f85178bbb4,2026-08-31T17:42:52Z,66476.67,1,294842.6567,0.00792,19.6,294842.6567,294842.6567,31.55,still holds
0xe56899edfa622839583b140b2d5969859a838d00,2026-08-31T21:14:57Z,115031.76,1,268760.0051,0.01249246,30.92,268760.0051,362872.0756,38.83,still holds
0x104e7fc402f164331855b56f133b2bda45042a86,2026-08-31T17:59:25Z,60890.05,2,268160.5024,0.00647698,16.03,268160.5024,268160.5024,28.69,still holds
0x955c0fae76501c2376757ffb80df7924e8e6f8d3,2026-08-31T17:24:38Z,91431.31,1,267962.8636,0.0099,24.5,267962.8636,0.0,0.0,exited after window
0xfaed913582cedf3e372c64ee2e881922299dc783,2026-08-31T18:57:55Z,80719.0,3,266500.6055,0.00852575,21.1,266500.6055,582086.2084,62.28,still holds
0x31e758d3e0f989137a4bfdcf1e7abfe39c0cc8ff,2026-08-31T18:10:27Z,55588.71,1,265779.8758,0.00597,14.77,265779.8758,265779.8758,28.44,still holds
0x6f8f77089934cbdf5812d9db0ed816fe02fc281d,2026-08-31T17:35:58Z,63722.64,2,264771.3417,0.00693,17.15,264771.3417,264771.3417,28.33,still holds
0xab1aabee4bd5c929a3009bfa0583a5c7be231ec7,2026-08-31T19:00:34Z,92765.71,1,264108.3255,0.0099,24.5,264108.3255,264108.3255,28.26,still holds
0xa846310ab91467a8d80b3f56ada67380a292b589,2026-08-31T18:12:11Z,57648.94,2,259747.1956,0.00604705,14.97,259747.1956,585634.2776,62.66,still holds
0x6a4a3f8c0a191aa7c47e010cb4eaf652f49c2026,2026-08-31T19:14:41Z,77934.37,1,242894.5782,0.00764914,18.93,242894.5782,1015262.2425,108.63,still holds
0x104fe90a61edb5f95e8dfe96c723ba9127a1ed1e,2026-08-31T17:32:48Z,64062.76,1,242145.3504,0.00626827,15.51,242145.3504,0.0,0.0,exited after window
0x63b605e19ab7c3d00889951f6d66fbe58e6f5f0f,2026-08-31T17:45:17Z,73483.81,1,208406.3984,0.00618826,15.31,208406.3984,208406.3984,22.3,still holds
0x460bb046cb43b140d8b8f2674e6fc8dc54697997,2026-08-31T18:21:48Z,73830.19,1,200184.6759,0.00597215,14.78,200184.6759,192212.8629,20.57,still holds
0xacbbb819c99ed55c30cbcbec762e90cea061def6,2026-08-31T21:04:21Z,108898.17,1,199184.6286,0.0087648,21.69,199184.6286,199184.6286,21.31,still holds
0xb81c053462eeb94ae12fd94ae155162e3e5cd238,2026-08-31T17:24:02Z,70475.3,1,197742.0042,0.00563121,13.94,197742.0042,197742.0042,21.16,still holds
0x4c46b6ef3e7e0f594e18c2fc9bd43a6362d97fb5,2026-08-31T17:40:41Z,63981.04,2,195506.4864,0.00515458,12.76,195506.4864,195506.4864,20.92,still holds
0xa25a25fa63031014e45bd3819bae3d099c89bdab,2026-08-31T21:01:09Z,105902.16,1,185077.9826,0.00792,19.6,185077.9826,0.0,0.0,exited after window
0x85680543634a9081d4d03a5bb85eaca37b6831c5,2026-08-31T19:19:43Z,77978.1,1,179514.2209,0.00565636,14.0,179514.2209,0.0,0.0,exited after window
0x519938a18ad9f175d11ed9ebdbe264c71fc72da3,2026-08-31T17:54:56Z,75453.83,2,176292.7032,0.0043,10.64,176292.7032,176292.7032,18.86,still holds
0xb42c68ba5882bd68e26b8a90025eac16e518c214,2026-08-31T18:37:16Z,57649.81,1,169993.2466,0.00396,9.8,169993.2466,169993.2466,18.19,still holds
0xd725e4b1744b42d46a136e651211985ff21137c8,2026-08-31T17:56:08Z,84869.16,1,165972.1105,0.00569181,14.09,165972.1105,0.0,0.0,exited after window
0x23b0b0361193730eb7aa3c87c68f0347d98cec40,2026-08-31T17:34:39Z,63802.29,3,163458.6777,0.00415839,10.29,163458.6777,163458.6777,17.49,still holds
0x8888887a47fc496c8d378843de4c113b771c3b77,2026-08-31T17:24:22Z,75181.5,1,162940.3306,0.00495,12.25,162940.3306,162940.3306,17.43,still holds
0x69730b32070e7289cb1863ba93fa2ec283aeba8d,2026-08-31T17:24:39Z,90776.13,1,161284.6624,0.00591603,14.64,161284.6624,0.0,0.0,exited after window
0x1da6cf11293632c0918b98c8d16afc17f4576f43,2026-08-31T17:50:05Z,77398.18,1,158273.7301,0.00495,12.25,158273.7301,158273.7301,16.94,still holds
0xa9f1ded293d2d205a94f29729f5b174ccf2ca764,2026-08-31T18:40:35Z,56312.17,1,157315.1351,0.00357963,8.86,157315.1351,157315.1351,16.83,still holds
0x51ba52c1b74e4ac379647ec469026fb8776456bc,2026-08-31T17:41:03Z,63666.33,1,153951.4417,0.00396058,9.8,153951.4417,530454.7978,56.76,still holds
0x4c1b54cf0ee4520f4de2b86007fca41c1693c7be,2026-08-31T17:21:00Z,47978.02,1,153196.3793,0.00297,7.35,153196.3793,153196.3793,16.39,still holds
0xdb14dbe700b157368c6a12403b62141c27b5167c,2026-08-31T17:25:07Z,89982.41,2,148173.8354,0.00536242,13.27,148173.8354,0.0,0.0,exited after window
0xbbec52e23a20c5c21afbb2438ac31c3c04ed94ff,2026-08-31T17:46:50Z,82854.84,1,147850.1178,0.00495,12.25,147850.1178,147850.1178,15.82,still holds
0x4992c1166122a1f1e3be81113c08046c025cc1ae,2026-08-31T17:38:03Z,68971.42,1,132968.1325,0.0037058,9.17,132968.1325,132968.1325,14.23,still holds
0x5e19ae944cd8a00844592d75e16f7001ed886d96,2026-08-31T17:24:47Z,94354.8,1,129830.1582,0.00495,12.25,129830.1582,0.0,0.0,exited after window
0x31e50d4adbc1fc9fa42590a61c0e30954d8b4eec,2026-08-31T17:59:00Z,69376.22,1,129199.4878,0.0036219,8.96,129199.4878,0.0,0.0,exited after window
0xd45c8314751789b0cc0246cd1de3ffff643eeab0,2026-08-31T19:44:55Z,96459.01,1,127639.3657,0.004975,12.31,127639.3657,138468.9598,14.82,still holds
0x57da466481ba59032c5589d82b5c73877a8493c5,2026-08-31T18:04:19Z,58018.64,1,126684.4319,0.00297,7.35,126684.4319,0.0,0.0,exited after window
0x64c1a9b67df043cb5e260240201f6000c70b15a4,2026-08-31T18:19:55Z,80273.23,1,124250.1407,0.00403026,9.97,124250.1407,0.0007,0.0,still holds
0x9ca74ef71da9c99717c70a84d2d04a37b959bc8d,2026-08-31T17:41:17Z,64247.11,1,117829.9594,0.00305897,7.57,117829.9594,197284.0826,21.11,still holds
0xbbd659051a6e501e3d109300b7aa7d80a845f5d4,2026-08-31T17:25:51Z,75760.27,1,115360.6457,0.00353155,8.74,115360.6457,321126.7486,34.36,still holds
0x26d5af689c20e0c3634aa344d7e96de39d1daad3,2026-08-31T19:13:20Z,85447.56,1,107160.9181,0.0037,9.16,107160.9181,472952.9403,50.61,still holds
0x8e4c993fbcf9a957b7aab25ae548ad083e939084,2026-08-31T19:30:31Z,85381.51,1,105633.9517,0.00364446,9.02,105633.9517,105633.9517,11.3,still holds
0x74005f26d544bbf9cbf55c9f4855a6bba8b7e15f,2026-08-31T19:13:27Z,85663.46,1,105093.4692,0.00363778,9.0,105093.4692,0.0,0.0,exited after window
0x4e2d76e9d84fd9693b20d405b90b82bca7fe8fe0,2026-08-31T17:27:26Z,80906.79,2,101832.3312,0.00266997,6.61,101832.3312,101832.3312,10.9,still holds
0x171cec8698de94841ee0cfcb3c443367f8230395,2026-08-31T20:42:54Z,78530.96,1,101056.6766,0.0032068,7.94,101056.6766,0.0,0.0,exited after window
0x41190dd9177b7904855a137b37256e73e1e62fff,2026-08-31T17:29:00Z,49239.26,1,100218.5299,0.001994,4.93,100218.5299,93026.5895,9.95,still holds
0xba5f1bf18c1803dd5e25c5bbdb516c0f32054b62,2026-08-31T17:53:54Z,74266.56,1,99319.5121,0.00298053,7.38,99319.5121,99319.5121,10.63,still holds
0x15dce43bc15adf64e4c2a0df0b5561728568ebde,2026-08-31T17:21:13Z,48191.37,1,95323.8466,0.00185625,4.59,95323.8466,95.3238,0.01,still holds
0x6a6e960942acbf5cc7526c1dc4547713ff034695,2026-08-31T17:23:39Z,73108.39,3,95209.8121,0.00265642,6.57,95209.8121,89582.9293,9.59,still holds
0xb4a4f054a5befcb931bd396b6013e2db856cd2d4,2026-08-31T18:02:52Z,66633.79,1,90379.3721,0.00243349,6.02,90379.3721,0.0,0.0,exited after window
0xed29022beeed0914c57e4065b93a53a5b3538c7d,2026-08-31T18:02:50Z,66567.82,1,85493.5878,0.00229966,5.69,85493.5878,85493.5878,9.15,still holds
0x95618a892f8191f4cf06984c3bff6817c5d3d216,2026-08-31T17:33:54Z,57817.44,1,79348.3106,0.0018538,4.59,79348.3106,79348.3106,8.49,still holds
0x77783eca7979a8dcf29153503bdc8da001fff7e4,2026-08-31T17:27:51Z,67791.51,1,78739.2718,0.00215691,5.34,78739.2718,78739.2718,8.43,still holds
0x1475ee5fcd2f6ba19bda6512ed81d8a55ec5914f,2026-08-31T18:29:56Z,54770.82,1,75408.7182,0.00166892,4.13,75408.7182,75408.7182,8.07,still holds
0x773c36c8c91318c98fc04bd7eab4dd6474ad0168,2026-08-31T17:28:24Z,56221.58,1,74293.3757,0.00168779,4.18,74293.3757,74293.3757,7.95,still holds
0x160a7164b45e63d23c18ef3df274b7951e6224db,2026-08-31T18:35:14Z,56493.65,1,73181.5752,0.00167058,4.13,73181.5752,73181.5752,7.83,still holds
0x67d5799f086f8636419927c8fe21e0d8524e1fb3,2026-08-31T21:19:42Z,123342.14,1,71844.3862,0.00358072,8.86,71844.3862,0.0,0.0,exited after window
0xf8426b7576a4e3724fbbb09cc44b80fbdfaecf2c,2026-08-31T17:22:14Z,68880.76,1,71137.9922,0.00198,4.9,71137.9922,71137.9922,7.61,still holds
0x92c444ce9ca152cf2b1b47557fef7b480ca782ef,2026-08-31T17:28:59Z,53117.24,1,65275.0919,0.00140103,3.47,65275.0919,65275.0919,6.98,still holds
0x24f373e93798b2d17520522bb4fed469d3b6e4fa,2026-08-31T17:41:17Z,64310.92,1,61607.4987,0.00160097,3.96,61607.4987,61607.4987,6.59,still holds
0x95d9115ed5ada9e57b8b3ff70a4ead77cf7abd81,2026-08-31T17:26:48Z,78762.96,1,59101.8591,0.001881,4.66,59101.8591,0.0,0.0,exited after window
0x37ec751e59aa9a0fe19d283ff32764d99bd22046,2026-08-31T17:26:50Z,78045.15,2,51853.7073,0.00138467,3.43,51853.7073,15606.5226,1.67,still holds
0xe7c9c958f800252aaee928707edf68849bf6d33d,2026-08-31T18:50:18Z,62456.47,1,45487.4478,0.00114798,2.84,45487.4478,45487.4478,4.87,still holds
0x5e8ab22eb04ce05cab36322125a1046dfdcacbd7,2026-08-31T18:03:38Z,67007.16,1,43746.7723,0.00118449,2.93,43746.7723,0.0,0.0,exited after window
0x6aedda33ea76c4f9e3aab46601a4eba508a3f07b,2026-08-31T17:30:17Z,54251.22,2,43498.1776,0.001,2.47,43498.1776,71013.1397,7.6,still holds
0x2778db72f318e359cdf5c7e0305c04b840d6b4c1,2026-08-31T17:55:47Z,84744.19,1,43366.1539,0.001485,3.68,43366.1539,43366.1539,4.64,still holds
0x9dd1b890a828f756a53702cdd3ca390d826c3252,2026-08-31T21:13:08Z,113378.55,1,43218.3968,0.00198,4.9,43218.3968,43218.3968,4.62,still holds
0xa2dd202debab968ee2b76be79f13748d2c1d5975,2026-08-31T17:32:01Z,60897.08,1,39739.4016,0.00097788,2.42,39739.4016,54476.4181,5.83,still holds
0xdf47e166b4a695e65dfe4845e6e028eeabcb0838,2026-08-31T21:13:08Z,113313.4,1,35018.8238,0.00160342,3.97,35018.8238,0.0,0.0,exited after window
0x6d1d5162a413584cf3bad9fa2b896c19e8574d0b,2026-08-31T17:56:21Z,85597.44,1,34040.8782,0.00117741,2.91,34040.8782,34040.8782,3.64,still holds
0x0323125731e152a1be31d9e0bfde3a8b151bf663,2026-08-31T21:05:48Z,109197.97,2,31616.9553,0.00138975,3.44,31616.9553,31616.9553,3.38,still holds
0x61d0f169c9f2021a27aab6892fd498ba106417a1,2026-08-31T17:26:11Z,81485.01,1,30067.1194,0.00099,2.45,30067.1194,30067.1194,3.22,still holds
0xd3825d170d866711cbe4eb19edc447e9de5330d4,2026-08-31T17:26:15Z,82189.97,1,29809.2301,0.00099,2.45,29809.2301,0.0,0.0,exited after window
0x38f756cb43bf30bf47ff75765f9966e4b8dfbd44,2026-08-31T17:26:18Z,82442.36,1,29717.9717,0.00099,2.45,29717.9717,0.0,0.0,exited after window
0xaa172832394106f185cc4a5ce63042f298c5a261,2026-08-31T17:25:23Z,75261.15,1,26519.5757,0.0008065,2.0,26519.5757,0.0,0.0,exited after window
0xeee3d35256e669f3f6967b44ad7a6dffda5b128b,2026-08-31T17:59:39Z,62343.62,2,25006.5237,0.00063,1.56,25006.5237,25006.5237,2.68,still holds
0x32e394b15210507edb552a9226a209f936cd2e64,2026-08-31T17:40:57Z,63604.39,1,22837.5937,0.00058695,1.45,22837.5937,22837.5937,2.44,still holds
0x249e8596c0cb7fba7ce056a9ed3e99a89bbc707c,2026-08-31T17:50:05Z,77483.27,1,22709.5117,0.00071102,1.76,22709.5117,0.0,0.0,exited after window
0xa89cac8ab68240d66fd6567f80696d2edc39cd2e,2026-08-31T17:24:50Z,102608.81,1,22375.1824,0.00092772,2.3,22375.1824,22375.1824,2.39,still holds
0x2544d3e5a1aef05b062257aed583c4c748b3d54c,2026-08-31T17:39:42Z,76787.0,1,21191.908,0.00065754,1.63,21191.908,21191.908,2.27,still holds
0xf890cda5644cd6d5e3bc1f4e4bdc94433d7dc53c,2026-08-31T17:29:44Z,59411.7,1,20805.8422,0.00049949,1.24,20805.8422,0.0,0.0,exited after window
0x970a9c268f11f862c4ca6930d857ad904f04e3e7,2026-08-31T17:24:53Z,101297.91,1,19202.8858,0.00078602,1.95,19202.8858,0.0,0.0,exited after window
0xdd7d280115a218dd6df5f8662897d314103eaee0,2026-08-31T17:21:28Z,58297.22,1,18610.0192,0.00043839,1.08,18610.0192,0.0,0.0,exited after window
0x0ff7d3d4f59acfe0480e37fd727415c6b5af72a9,2026-08-31T17:23:49Z,74672.57,1,17488.3902,0.00052769,1.31,17488.3902,17488.3902,1.87,still holds
0x6e0448202da21409feeb010698c11b42e6cf7abe,2026-08-31T17:37:11Z,67687.49,1,17377.158,0.00047528,1.18,17377.158,6126.6189,0.66,still holds
0x1b27c0f8a7a7cec5d8ca71c8261d97f73bf1aa20,2026-08-31T20:41:58Z,78926.32,1,16458.4621,0.0005249,1.3,16458.4621,16458.4621,1.76,still holds
0xd2430c79b0dcbdfc092120c89eae81126331caf6,2026-08-31T17:24:02Z,70562.12,1,14762.989,0.00042093,1.04,14762.989,0.0,0.0,exited after window
0xbf8a165cb90fa1b8b4dfd318d93913606f374fc9,2026-08-31T17:26:15Z,82167.08,1,14712.3159,0.00048848,1.21,14712.3159,0.0,0.0,exited after window
0xa6633276d9ccbf405640ae9bf79a8330de202db0,2026-08-31T17:27:12Z,84054.94,1,14282.1983,0.00048509,1.2,14282.1983,14282.1983,1.53,still holds
0xb50a4d9bf4917ef69200b375f8a8a0dae2694225,2026-08-31T20:29:52Z,75305.35,1,13758.5233,0.00041866,1.04,13758.5233,0.0,0.0,exited after window
0x2ca5dbfd0b8c2416412a3c1dc37b7be18056deac,2026-08-31T17:24:45Z,93935.89,1,13428.8438,0.00050972,1.26,13428.8438,0.0,0.0,exited after window
0x21f56c1cc64d44ace6c0d70924f66637ff355e03,2026-08-31T19:31:46Z,84290.29,1,13258.016,0.00045157,1.12,13258.016,304.6481,0.03,still holds
0x9425d1cb18a58f1c3806db56f65ffbfc3c737500,2026-08-31T17:24:39Z,90672.06,1,13201.3071,0.00048368,1.2,13201.3071,13201.3071,1.41,still holds
0x846882c49120529fe32d2d6699c586148cd04049,2026-08-31T17:25:06Z,89914.86,1,13168.5152,0.00047845,1.18,13168.5152,13168.5152,1.41,still holds
0xab2aeb3a472f3505a1740eb18ba77c18772fee5c,2026-08-31T19:24:06Z,81825.15,1,13074.0226,0.00043228,1.07,13074.0226,56.9895,0.01,still holds
0xee2f37b0b3502b0f6b7f5f1f9bd27a65c4c8ed90,2026-08-31T20:43:09Z,78585.57,1,12615.5427,0.0004006,0.99,12615.5427,3153.8857,0.34,still holds
0xc0a633de076ad42476aa27b90b34ccac747b5c47,2026-08-31T17:25:05Z,93543.05,1,12433.8995,0.00046999,1.16,12433.8995,12433.8995,1.33,still holds
0xe3cdca81fc3cf2e23fa4806dbbecd9146b051835,2026-08-31T17:24:53Z,100028.15,1,12276.0837,0.00049619,1.23,12276.0837,12276.0837,1.31,still holds
0x84e86b9a8d11d3fe1f365c127cccb1a097d903cc,2026-08-31T17:55:56Z,84773.6,1,11252.1374,0.00038544,0.95,11252.1374,11252.1374,1.2,still holds
