wallet,first_buy_time_utc,first_buy_mcap_usd,n_buys,tokens_bought,eth_in,usd_in,n_sells,tokens_sold,eth_out,usd_out,realized_pnl_eth,realized_pnl_usd,tokens_left_at_window_close,current_onchain_balance,current_usd_value,status
0x36ea935ecd436396fb149c036d1f7c9599d7acfc,2026-08-31T17:55:33Z,83247.38,3,25141802.6393,0.80226777,1985.43,2,25141802.6393,0.70035802,1733.23,-0.10190975,-252.2,0,0.0,0.0,sold out in window
0x7c619e73afc3ff0aaa909b11f2480cf8287867e0,2026-08-31T17:21:33Z,40871.84,49,24204469.7653,0.716661,1773.57,10,24204469.7653,0.70199389,1737.27,-0.01466711,-36.3,0.0,0.0,0.0,sold out in window
0xc87b51c71707cfdd08cd374a596a6946cb1d6a66,2026-08-31T17:21:31Z,38577.67,6,23569438.9156,0.49648467,1228.69,47,23569438.9156,0.66561436,1647.24,0.1691297,418.56,0,0.0,0.0,sold out in window
0x648920dc9c57447441cdc831799e10b8084394ec,2026-08-31T17:20:59Z,48667.35,1,12585540.8737,0.2475,612.51,3,4939824.7929,0.19527002,483.25,0.09812627,242.84,7645716.0808,5097144.0539,545.39,still holds
0xe4976dfd198c56823bb938642158225b3dfe66e4,2026-08-31T17:21:01Z,48247.46,3,10890227.8922,0.2178,539.0,4,10890227.8922,0.35335899,874.48,0.13555899,335.48,0.0,0.0,0.0,sold out in window
0x78a1439bbb4d2471b5566c9e1b9282ec50ab4977,2026-08-31T17:21:48Z,43547.41,1,10776180.4401,0.18962377,469.28,5,6776000.0,0.22765171,563.39,0.10841738,268.31,4000180.4401,2420191.637,258.96,still holds
0x5189f4f534fb182c46fe9b6ddd0e2adafb168874,2026-08-31T17:21:10Z,46114.95,1,10625707.3946,0.198,490.0,1,5312853.6973,0.21006646,519.87,0.11106646,274.86,5312853.6973,5312853.6973,568.48,still holds
0x98dcbdf36a4ea930dd66cd8aebfd3378a248ca9c,2026-08-31T17:23:31Z,61932.15,1,9889935.0943,0.2475,612.51,1,9889935.0943,0.28277535,699.8,0.03527535,87.3,0,0.0,0.0,sold out in window
0x658fa6c3b68be0364c390770df562a17bfeb6f72,2026-08-31T18:56:26Z,68842.25,3,9624397.0949,0.297,735.01,3,9624397.0949,0.30939679,765.69,0.01239679,30.68,0,0.0,0.0,sold out in window
0x637dd5e141817e6c7363a4f9b3bcc16e0d34c0c2,2026-08-31T17:26:09Z,74393.38,1,9011367.633,0.27088855,670.39,1,9011367.633,0.20973739,519.05,-0.06115116,-151.33,0,0.0,0.0,sold out in window
0xdb596d1335bf6e18fd8915562641d97974880bc9,2026-08-31T18:01:28Z,62176.93,3,8633603.866,0.199,492.48,5,8633603.866,0.30061517,743.95,0.10161517,251.47,0,0.0,0.0,sold out in window
0xa7b5f842a0cf73b4866dd2eaa6dd78c8b71bd7b3,2026-08-31T17:24:48Z,96079.91,2,8530435.5767,0.3465,857.51,1,8530435.5767,0.29037068,718.6,-0.05612932,-138.91,0,0.0,0.0,sold out in window
0x7f0b8031553332bd391e62163319f0c8ed3ede32,2026-08-31T17:41:34Z,64983.28,3,8397369.1267,0.22052943,545.76,1,5307275.263,0.13203654,326.76,-0.0150141,-37.16,3090093.8637,0.0,0.0,exited after window
0xf91d05ec8b943634268748c1733984e13fe9963b,2026-08-31T18:14:19Z,62732.28,2,7610032.5749,0.198,490.0,1,7610032.5749,0.17047871,421.9,-0.02752129,-68.11,0,0.0,0.0,sold out in window
0x57841a6640bf42d4f2aa7d87308db3c962c3945c,2026-08-31T19:02:02Z,97546.04,1,7534964.0009,0.297,735.01,1,7534964.0009,0.28158629,696.86,-0.01541371,-38.15,0,0.0,0.0,sold out in window
0x27ed0ea820076f7c6c96efe2ed8a130bc7e40ef1,2026-08-31T17:23:54Z,68433.98,1,7160243.3195,0.198,490.0,1,7160243.3195,0.19672471,486.85,-0.00127529,-3.16,0,0.0,0.0,sold out in window
0xce8306ecc6556d5f55c61a4036fdedbebc282f79,2026-08-31T17:31:11Z,57604.66,4,6837375.3617,0.15700985,388.56,2,6826583.6478,0.19623414,485.63,0.03946428,97.66,10791.7139,0.0,0.0,exited after window
0x48fc66eede3e7ce7914b285c8e8d5e2fe03a4229,2026-08-31T17:35:49Z,62078.9,2,6746121.8633,0.16444298,406.96,1,3373060.9316,0.12738552,315.25,0.04277315,105.85,3373060.9316,5024125.6344,537.58,still holds
0x81364d414720a22dc25e174f543556a941e0eca5,2026-08-31T17:38:43Z,74030.6,1,6618937.3081,0.198,490.0,1,6618937.3081,0.22093256,546.76,0.02293256,56.75,0,0.0,0.0,sold out in window
0x39afddf0e591f2aacfbb0faab55aeda72d70ec5f,2026-08-31T17:24:32Z,86782.46,2,6239940.7228,0.22275,551.26,1,6239940.7228,0.12142735,300.5,-0.10132265,-250.75,0,0.0,0.0,sold out in window
0xf4cc11256a94f2a9c15a596892754776aa77e560,2026-08-31T17:54:30Z,79224.2,2,6070805.7332,0.198,490.0,1,6070805.7332,0.16461799,407.39,-0.03338201,-82.61,0,0.0,0.0,sold out in window
0x4a88453ec69371fd5f13bad8134706b93951d29a,2026-08-31T17:24:32Z,91572.14,2,5966356.827,0.22275,551.26,1,5966356.827,0.12316084,304.79,-0.09958916,-246.46,0,0.0,0.0,sold out in window
0x8b305f25587bfae4eef6979ba5eb116020088520,2026-08-31T17:22:39Z,62642.27,7,5129350.6626,0.1287,318.5,5,4237082.3505,0.10599213,262.31,-0.0014233,-3.52,892268.3122,892268.3122,95.47,still holds
0xea7f6b9e9a117488c31798d47a104c7a87205ac9,2026-08-31T17:29:01Z,50449.8,1,4856351.6164,0.099,245.0,2,4856351.6164,0.19226608,475.81,0.09326608,230.81,0,0.0,0.0,sold out in window
0x5dd41fc53c3ab0ed58f3f19b07d601cf60eb4030,2026-08-31T17:23:33Z,63831.31,2,4831911.3501,0.1485,367.5,2,4831911.3501,0.15789364,390.75,0.00939364,23.25,0.0,0.0,0.0,sold out in window
0x0582a5c1f4cb950150ed3765d5b1150b6f92900f,2026-08-31T17:29:55Z,56643.77,1,4521917.0289,0.1035,256.14,1,4213617.2294,0.16322882,403.95,0.06678534,165.28,308299.7996,0.0,0.0,exited after window
0x005b13d3b547a69134093705aefea092e2f94b10,2026-08-31T17:21:17Z,51369.55,2,4410618.2667,0.099,245.0,1,2384700.5319,0.05040006,124.73,0.00090006,2.23,2025917.7348,2025917.7348,216.77,still holds
0x4d39db29d5ebfb69a86fdef1ff403df67e827c5a,2026-08-31T17:23:31Z,57326.05,1,4273833.3514,0.099,245.0,1,4273833.3514,0.11012305,272.53,0.01112305,27.53,0,0.0,0.0,sold out in window
0x505f234cc7fbfd4ee574bc80a26f5f9350d98bbb,2026-08-31T18:19:15Z,75140.65,1,4242425.7313,0.12881156,318.78,1,4242425.7313,0.13232848,327.48,0.00351693,8.7,0.0,0.0,0.0,sold out in window
0x2d703cda9a0795ad689b85faae8f1b7ddd13a33b,2026-08-31T17:33:22Z,68130.99,3,4132958.9109,0.1188,294.0,2,2283006.3177,0.08878745,219.73,0.0287421,71.13,1849952.5932,0.0,0.0,exited after window
0x38aaf34501cc719794f713215ab74f0a246e21aa,2026-08-31T17:28:34Z,60663.66,1,4038693.9465,0.099,245.0,1,4038693.9465,0.09723626,240.64,-0.00176374,-4.36,0,0.0,0.0,sold out in window
0x6dffa798f9af3e89a17b16afd88ec370fb50b6cb,2026-08-31T17:59:33Z,61671.94,2,3988877.5141,0.099,245.0,1,1994438.75,0.06932025,171.55,0.01961988,48.55,1994438.7641,0.0,0.0,exited after window
0x2bbd9d4bb80c3420b9714830e7ecaffa36b52152,2026-08-31T17:32:57Z,65751.88,1,3726159.1528,0.099,245.0,1,3726159.1528,0.11298102,279.6,0.01398102,34.6,0,0.0,0.0,sold out in window
0xe9a75a983f4f5cd925545ef36d1883aff1ffa988,2026-08-31T17:43:04Z,68954.25,1,3596613.9254,0.10021217,248.0,1,3596613.9254,0.11952996,295.81,0.01931778,47.81,0,0.0,0.0,sold out in window
0x8093fee610afcaeebebc2faf114a62f643d1a2ea,2026-08-31T17:23:49Z,75060.43,5,3593847.3891,0.099,245.0,2,1348310.8142,0.04103727,101.56,0.00143727,3.56,2245536.5749,1122768.2949,120.14,still holds
0x47b1bb74d3d9b31edf4381d14e0e79d4b5f8faa1,2026-08-31T17:23:47Z,73670.12,2,3579522.2433,0.099,245.0,4,3579522.2433,0.09028952,223.45,-0.00871048,-21.56,0,0.0,0.0,sold out in window
0x764645f94c471a4a2f7a13e52874e5b1cc742f7f,2026-08-31T17:24:20Z,68842.97,1,3558852.1048,0.099,245.0,1,3558852.1048,0.13050869,322.98,0.03150869,77.98,0,0.0,0.0,sold out in window
0x7daf9f181cca1e8ff24cce2fa25dcff34bc908a8,2026-08-31T17:23:08Z,57745.02,3,3557897.7115,0.08415,208.25,1,3557897.7115,0.13089125,323.93,0.04674125,115.67,0,0.0,0.0,sold out in window
0x1dad3e2947ac16a01807f35f9784dca71b0353da,2026-08-31T17:24:35Z,89940.74,4,3556359.3506,0.1188,294.0,1,1631110.573,0.04712505,116.62,-0.01227495,-30.38,1925248.7776,0.0,0.0,exited after window
0xd025dd251637a4707b5d5c9bcce26f684d040468,2026-08-31T17:21:20Z,56463.79,1,3515914.3619,0.0802184,198.52,1,3515914.3619,0.08847702,218.96,0.00825862,20.44,0,0.0,0.0,sold out in window
0x8f5faa62e65238c22837b492026123ff1500a22d,2026-08-31T18:29:31Z,52439.65,1,3504056.3404,0.07425,183.75,1,1752028.1702,0.08837469,218.71,0.05124969,126.83,1752028.1702,1752028.1702,187.47,still holds
0x8152679d3d75e93ccb91022b6af7ab5c578c54f2,2026-08-31T17:27:43Z,63885.02,3,3322892.628,0.08105768,200.6,3,3322892.628,0.08074779,199.83,-0.00030989,-0.77,0,0.0,0.0,sold out in window
0x7ad9dfced0f88e0362a2f7be428961ec1388d4a6,2026-08-31T20:13:00Z,73505.61,2,3298122.1639,0.09990963,247.25,1,3298122.1639,0.1430169,353.93,0.04310726,106.68,0,1931954.239,206.72,still holds
0xcb4d28c2106fe9f781615005ff87056d114135c9,2026-08-31T17:54:04Z,76970.62,1,3215210.4198,0.1,247.48,3,3215210.4198,0.09364758,231.76,-0.00635242,-15.72,0,0.0,0.0,sold out in window
0x562cf641a51595ba72612449762b426a3b3310a3,2026-08-31T19:37:20Z,92701.94,1,3196007.547,0.11971877,296.28,1,3196007.547,0.09535505,235.98,-0.02436371,-60.29,0,0.0,0.0,sold out in window
0x68b449a3f15b6d567b889ce4608f39d5eb85a5b4,2026-08-31T17:54:10Z,77573.04,1,3190241.3992,0.1,247.48,1,3190241.3992,0.06883247,170.34,-0.03116753,-77.13,0,0.0,0.0,sold out in window
0x7ce6c6c79e441836b6d651304b8ae5145ba10e9c,2026-08-31T17:24:38Z,90623.72,5,3128971.8214,0.11187,276.85,1,782242.9554,0.02673832,66.17,-0.0019067,-4.72,2346728.8661,967174.3133,103.49,still holds
0x5863bf64c64e2a40c788812501163909ac47c219,2026-08-31T18:19:20Z,78556.09,1,3118815.6382,0.099,245.0,1,3118815.6382,0.0939004,232.38,-0.0050996,-12.62,0,0.0,0.0,sold out in window
0x46829c00bbb00ef5e70817282e3cd2ef598a0743,2026-08-31T18:00:46Z,60799.19,6,3077254.8464,0.10998531,272.19,3,2493871.9815,0.07749935,191.79,-0.00702127,-17.38,583382.865,8300.352,0.89,still holds
0x21c87c8cf7d1de257c6f014e1e39c42e05de6115,2026-08-31T17:21:33Z,41578.13,3,3066702.5089,0.07425,183.75,3,3066702.5089,0.07848409,194.23,0.00423409,10.48,0,0.0,0.0,sold out in window
0x22222a54c685d98051154126d9d253855d2f2222,2026-08-31T17:26:14Z,80627.07,1,3038706.2238,0.099,245.0,1,3038706.2238,0.10051271,248.75,0.00151271,3.74,0,0.0,0.0,sold out in window
0x821343817de0e12dc4a0b7db0f8f3372aed07952,2026-08-31T17:22:07Z,50095.11,1,2934441.5055,0.0594,147.0,3,2934441.5055,0.09722551,240.61,0.03782551,93.61,0,0.0,0.0,sold out in window
0x30590d9d30f82fa19d6b620777993b43c9bb14c9,2026-08-31T18:58:03Z,81578.02,2,2922380.6112,0.099,245.0,1,2922380.6112,0.10957371,271.17,0.01057371,26.17,0,0.0,0.0,sold out in window
0x0ec003496fe8b4f7c9b427b6dffd78b1df89db1c,2026-08-31T18:42:03Z,56353.23,2,2895001.9925,0.08041254,199.0,5,1995001.9925,0.07821146,193.56,0.02665568,65.97,900000.0,1500000.0,160.5,still holds
0xf26d8da216812d9129e745d1cf2c15974b281177,2026-08-31T18:58:03Z,83112.21,2,2869142.4673,0.099,245.0,1,2869142.4673,0.11619258,287.55,0.01719258,42.55,0,0.0,0.0,sold out in window
0x4c3ea42e81deef532aefc35911b93ed9877de9f2,2026-08-31T17:52:27Z,73606.25,1,2839735.9568,0.0844614,209.02,1,2839735.9568,0.08605125,212.96,0.00158985,3.93,0.0,0.0,0.0,sold out in window
0x923970205ef150eafbd3ad1f8288774fdad3a8e5,2026-08-31T18:58:03Z,84660.68,2,2817346.2454,0.099,245.0,1,2817346.2454,0.1097622,271.64,0.0107622,26.63,0.0,0.0,0.0,sold out in window
0x7489699f6d56bb506cf1c16af6366d1d6b2dd6cc,2026-08-31T17:48:27Z,83752.71,5,2815610.3014,0.08415,208.25,3,2815610.3014,0.09680621,239.57,0.01265621,31.32,0.0,0.0,0.0,sold out in window
0xbbe5647cfcdfd02275c865a4b8e04e800e72011c,2026-08-31T17:24:35Z,87861.91,1,2788488.8248,0.099,245.0,1,2788488.8248,0.08255078,204.29,-0.01644922,-40.71,0,0.0,0.0,sold out in window
0x7caf5d0132a395e5960a3b0e5503df2d1809b131,2026-08-31T17:21:29Z,58561.12,3,2542823.5935,0.0495,122.5,3,2542823.5935,0.07569388,187.32,0.02619388,64.82,0,0.0,0.0,sold out in window
0x8254e5807898c869c7d366e317ac3352e73331eb,2026-08-31T17:21:32Z,36060.04,1,2470557.5593,0.0359987,89.09,2,2470557.5593,0.05587401,138.28,0.01987531,49.19,0,0.0,0.0,sold out in window
0xbde0766ad1c043f93178ff7349f38a62e042ce41,2026-08-31T17:34:06Z,58098.68,2,2454481.5288,0.0693,171.5,1,843399.3665,0.02380991,58.92,0.00400991,9.92,1611082.1623,1611082.1623,172.39,still holds
0x21fd905d5b07bb07128a2a9c5c33cd06f2ea8721,2026-08-31T18:09:46Z,60470.49,1,2439576.2761,0.0596106,147.52,1,2439576.2761,0.05426534,134.29,-0.00534526,-13.23,0,0.0,0.0,sold out in window
0x57bcc6d643fa4aa3ad1b537303899a4f3be3f7a3,2026-08-31T17:24:54Z,101552.33,1,2412568.5293,0.099,245.0,1,2412568.5293,0.07750419,191.81,-0.02149581,-53.2,0,0.0,0.0,sold out in window
0x303541fd89340f4958a3afd2a27791d625378e31,2026-08-31T17:21:56Z,52549.99,1,2331132.4516,0.0495,122.5,4,2331132.4516,0.07329537,181.39,0.02379537,58.89,0,0.0,0.0,sold out in window
0x043eb21cc29723c991131042e21e5581e5c668f8,2026-08-31T17:20:59Z,52805.27,1,2319862.6735,0.0495,122.5,1,2319862.6735,0.05801449,143.57,0.00851449,21.07,0,0.0,0.0,sold out in window
0x1f7613153450e971c2ddea480d4784b4b66035c1,2026-08-31T17:21:32Z,38429.08,1,2311290.3585,0.03589055,88.82,2,2311290.3585,0.05121442,126.74,0.01532387,37.92,0.0,0.0,0.0,sold out in window
0x2ea8b49cab05f15591a9917d71b1dee8d6a180f1,2026-08-31T17:23:49Z,76386.47,1,2256519.378,0.06965,172.37,3,2256519.378,0.07701626,190.6,0.00736626,18.23,0,0.0,0.0,sold out in window
0x806714993d81f62a9cb1c4a74cb10b244fa8581e,2026-08-31T17:23:24Z,54437.54,1,2250303.3417,0.0495,122.5,2,2250303.3417,0.06005832,148.63,0.01055832,26.13,0.0,0.0,0.0,sold out in window
0x067a46dbc18f458f0c2e1a7dcb02d75208888888,2026-08-31T17:24:45Z,93435.89,5,2221044.2308,0.0693,171.5,2,2221044.2308,0.05408062,133.84,-0.01521938,-37.66,0,0.0,0.0,sold out in window
0x8f07898600cdf2a6c64bf3183dbb7565017a0dc9,2026-08-31T17:23:44Z,72230.1,4,2153678.1471,0.06935,171.63,2,1143987.7304,0.04179146,103.42,0.00280418,6.94,1009690.4167,0.0,0.0,exited after window
0xad94984e839edf72cb596e0444233b1c44ef0a13,2026-08-31T17:39:52Z,76668.75,10,2136308.0941,0.054725,135.43,2,2136308.0941,0.07179011,177.66,0.01706511,42.23,0.0,135839.3921,14.53,still holds
0xdc2939a8cf9309f29b12c7fc293874491e03e1c8,2026-08-31T17:26:19Z,83513.07,2,2058748.1309,0.07077,175.14,1,2058748.1309,0.066159,163.73,-0.004611,-11.41,0.0,0.0,0.0,sold out in window
0x7a3ad207d0ca3225c650ef06d77552e9c4e6c29b,2026-08-31T17:21:32Z,37722.76,1,2044134.296,0.03115864,77.11,2,2044134.296,0.04479706,110.86,0.01363842,33.75,0,0.0,0.0,sold out in window
0xcf69cfde75cf664bb072a17dab4a6ddb15b078c7,2026-08-31T18:47:36Z,62254.2,1,1967754.396,0.0495,122.5,1,1967754.396,0.04846636,119.94,-0.00103364,-2.56,0,0.0,0.0,sold out in window
0xb910ec00617f08db6e1e4c2bdb6f1970db3e959b,2026-08-31T17:35:57Z,62973.94,1,1964913.8686,0.05,123.74,1,1964913.8686,0.05401045,133.66,0.00401045,9.92,0,0.0,0.0,sold out in window
0xe25fb99a5039410ce452b5fa9a6064559c90d9e9,2026-08-31T17:21:03Z,51353.6,1,1933342.7891,0.04011856,99.28,1,1933342.7891,0.06049974,149.72,0.02038118,50.44,0,0.0,0.0,sold out in window
0x888d0957de2ab287dae94ddc7e99539e1d442021,2026-08-31T17:25:44Z,80173.77,2,1886012.2804,0.0594,147.0,1,1886012.2804,0.06934574,171.61,0.00994574,24.61,0,25036.5602,2.68,still holds
0x973f639e98c830a47011f6e906a08d9f95b394f7,2026-08-31T17:28:28Z,57033.62,2,1877801.6623,0.04219091,104.41,1,1872827.6605,0.05372253,132.95,0.011638,28.8,4974.0018,0.0,0.0,exited after window
0xa05077e6d497b5dc2714ccd61af8e1d7df4ed00a,2026-08-31T17:23:32Z,66032.29,1,1855167.9575,0.0495,122.5,1,1855167.9575,0.05683217,140.65,0.00733217,18.15,0,0.0,0.0,sold out in window
0x7e0a3eeeed9d8b92f00392ba3db6c1f703109377,2026-08-31T18:11:06Z,56496.78,1,1820659.4072,0.04156406,102.86,1,1820659.4072,0.04136652,102.37,-0.00019755,-0.49,0,0.0,0.0,sold out in window
0xa3ebc4328a9cf1e19af36f224e41b8ea46438572,2026-08-31T17:21:26Z,59442.57,1,1779154.4002,0.04273433,105.76,1,1779154.4002,0.05281176,130.7,0.01007743,24.94,0,0.0,0.0,sold out in window
0x83cf1999592a5e5ad50b9027d87e2a24cfccf3fd,2026-08-31T17:20:50Z,51921.93,1,1733367.8144,0.03636697,90.0,1,1733367.8144,0.03334371,82.52,-0.00302326,-7.48,0,0.0,0.0,sold out in window
0x5a347e30423400df533ed8359f1d1bff638060fc,2026-08-31T17:20:50Z,52820.82,1,1703869.8044,0.03636697,90.0,1,1703869.8044,0.03224899,79.81,-0.00411798,-10.19,0,0.0,0.0,sold out in window
0x35be9b83c9032ccee238c3739c82f98dc4a2ca0c,2026-08-31T17:21:33Z,43063.25,3,1701330.8861,0.0297,73.5,1,1701330.8861,0.03929448,97.24,0.00959448,23.74,0,0.0,0.0,sold out in window
0xb24127f171a50bf03d6bb62cc181031cb4122401,2026-08-31T17:24:23Z,75988.15,1,1612106.3074,0.0495,122.5,1,1612106.3074,0.05734477,141.92,0.00784477,19.41,0,0.0,0.0,sold out in window
0xdd176bd41148eacb1d89abcfe1ed6015c4f1e0b0,2026-08-31T17:24:42Z,91749.59,1,1611954.745,0.05976166,147.9,1,1611954.745,0.05127233,126.89,-0.00848933,-21.01,0,0.0,0.0,sold out in window
0x4a92b75d86eba7fd957025dfea154b6c7c863393,2026-08-31T17:21:32Z,37147.75,1,1592238.6614,0.02390047,59.15,2,1592238.6614,0.03585153,88.72,0.01195107,29.58,0,0.0,0.0,sold out in window
0x96c214678b3855be5e6c03351fb2ad4fb2713531,2026-08-31T17:25:42Z,76996.18,1,1591000.6992,0.0495,122.5,1,1591000.6992,0.03808153,94.24,-0.01141847,-28.26,0,0.0,0.0,sold out in window
0x1febebf55702c4610d51be384d253d617489d802,2026-08-31T17:24:28Z,77502.29,1,1580611.0661,0.0495,122.5,1,1580611.0661,0.04525628,112.0,-0.00424372,-10.5,0.0,0.0,0.0,sold out in window
0x4387c01c839243d94175a7e72cebe31f867693c1,2026-08-31T17:25:42Z,78486.87,1,1560783.2296,0.0495,122.5,1,1560783.2296,0.0367437,90.93,-0.0127563,-31.57,0,0.0,0.0,sold out in window
0xb2f4e5b5da62bc76238b6f63c632a9e9a30a1a32,2026-08-31T17:21:32Z,36664.71,1,1529726.1169,0.02266353,56.09,2,1529726.1169,0.03509107,86.84,0.01242753,30.76,0,0.0,0.0,sold out in window
0x1f6d238dbd4d55843e3df2a9d167434bd994c9c7,2026-08-31T17:24:35Z,85453.67,1,1529324.0393,0.05280753,130.69,1,1529324.0393,0.04991881,123.54,-0.00288872,-7.15,0.0,0.0,0.0,sold out in window
0x4d9644d05fe2123b4eafa8d7fd31b0ea430726f3,2026-08-31T17:21:56Z,48654.17,1,1510673.9824,0.0297,73.5,1,943077.7261,0.02968894,73.47,0.01114794,27.59,567596.2563,2247580.1187,240.49,still holds
0x37fc7651e6b81b3fbf190a22f0f49e08a8ce1551,2026-08-31T17:21:56Z,49364.32,1,1488941.6649,0.0297,73.5,1,943077.7261,0.03073384,76.06,0.01192222,29.5,545863.9388,0.0,0.0,exited after window
0x2adae55b12d892a2590e050a11543e6a4d3ed5d8,2026-08-31T17:24:14Z,61909.39,1,1486829.1734,0.03719489,92.05,1,1486829.1734,0.05717618,141.5,0.01998129,49.45,0,0.0,0.0,sold out in window
0x48ad5391bd637941c243c2b1eae4430b321b6112,2026-08-31T17:59:07Z,69938.79,1,1483766.7854,0.04193237,103.77,1,1483766.7854,0.04937084,122.18,0.00743847,18.41,0,0.0,0.0,sold out in window
0xfdb70393f4a62c28eb1b8ebafe60eefb8d72d4cf,2026-08-31T17:28:03Z,68082.57,3,1482981.4108,0.048984,121.22,2,1482981.4108,0.04195036,103.82,-0.00703363,-17.41,0,0.0,0.0,sold out in window
0x8e9f3182835aa7d5d94cd706e6be99429439cff1,2026-08-31T17:21:32Z,39058.25,1,1473034.9141,0.02324832,57.53,2,1473034.9141,0.03355755,83.05,0.01030923,25.51,0.0,0.0,0.0,sold out in window
0x8fd50d819b69107013896ef54f7a15199fb4d9d9,2026-08-31T17:21:56Z,50079.61,1,1467674.9548,0.0297,73.5,1,943077.7261,0.03037949,75.18,0.01129529,27.95,524597.2288,0.0,0.0,exited after window
0x014acf94f32ffda643fe3a73a9cc34568538208c,2026-08-31T17:24:14Z,62913.01,1,1463110.6242,0.03719489,92.05,1,1463110.6242,0.05516857,136.53,0.01797368,44.48,0,0.0,0.0,sold out in window
0x75e5fb4c6f512cfcb28910334f76bde6d5efaf38,2026-08-31T19:21:25Z,84545.09,1,1448942.6871,0.0495,122.5,1,1448942.6871,0.04900949,121.29,-0.00049051,-1.21,0,0.0,0.0,sold out in window
0x466f5932dac2a1e57de0b25a04ca75400b4dbfa7,2026-08-31T17:21:56Z,50800.05,1,1446860.6459,0.0297,73.5,1,943077.7261,0.02935246,72.64,0.00999371,24.73,503782.9198,0.0,0.0,exited after window
0x5ab66cce563e0e6b535e13db09381e8774ccfa7d,2026-08-31T17:52:15Z,68450.79,1,1431696.9779,0.0396,98.0,1,1431696.9779,0.04490783,111.14,0.00530783,13.14,0.0,0.0,0.0,sold out in window
0xa32dd9603878c6a41d56370cbeb47d70966bc3b3,2026-08-31T17:21:56Z,51525.63,1,1426485.9967,0.0297,73.5,1,943077.7261,0.03003124,74.32,0.01039599,25.73,483408.2706,0.0,0.0,exited after window
0x4ffcf07045714ea6ffa96f14204bef20da955543,2026-08-31T17:26:09Z,69935.53,1,1414858.6668,0.03998311,98.95,1,1414858.6668,0.03188068,78.9,-0.00810242,-20.05,0,0.0,0.0,sold out in window
0xc6078baf890d6b429b9732b25e10cfc76e6a5063,2026-08-31T17:21:22Z,58923.06,1,1406277.9154,0.03348282,82.86,1,1406277.9154,0.04017001,99.41,0.00668719,16.55,0,0.0,0.0,sold out in window
0xf6b462eef266208b7d5e821dc672db9523f6cc40,2026-08-31T17:22:13Z,61146.54,1,1402379.9372,0.03465,85.75,1,1402379.9372,0.03696807,91.49,0.00231807,5.74,0,0.0,0.0,sold out in window
0xd02bf1668c620d50e323f48b3576cfaa69d19ec9,2026-08-31T17:38:11Z,70899.16,1,1396218.0804,0.04,98.99,1,1396218.0804,0.04255001,105.3,0.00255001,6.31,0,0.0,0.0,sold out in window
0x2696b343a2f1a1d439c4aa7c3dada4e4c267c6e8,2026-08-31T20:56:24Z,89023.71,2,1373806.0647,0.05122085,126.76,1,287844.065,0.01035547,25.63,9.9e-07,0.0,1085961.9997,1085961.9997,116.2,still holds
0x6a9f8937e0dd9cf13415d77e0388f31fef1d6c3c,2026-08-31T17:24:28Z,76164.92,1,1295909.0497,0.03988367,98.7,1,1295909.0497,0.03538898,87.58,-0.00449469,-11.12,0.0,0.0,0.0,sold out in window
0x86972057fee25313c73ba8192884a35615f9a613,2026-08-31T17:29:22Z,57768.79,2,1269505.9491,0.0297,73.5,1,1269505.9491,0.04094208,101.32,0.01124208,27.82,0.0,0.0,0.0,sold out in window
0x7103d53615d3ceb51a8615ad1be0548957631428,2026-08-31T17:24:24Z,77023.46,2,1250419.0975,0.03955101,97.88,1,1250419.0975,0.03076447,76.13,-0.00878653,-21.74,0,0.0,0.0,sold out in window
0x946a9214480b7f5adfd75009b6c115e45a0f65b8,2026-08-31T17:29:35Z,58980.28,1,1246189.2906,0.0297,73.5,1,1246189.2906,0.03751074,92.83,0.00781074,19.33,0,0.0,0.0,sold out in window
0x03dabecb46cf46ab3c4f3d95ed031e59652d7f2a,2026-08-31T17:27:11Z,83395.27,1,1235962.4958,0.04164975,103.07,1,1235962.4958,0.04531728,112.15,0.00366754,9.08,0,0.0,0.0,sold out in window
0x401aef2ed474259c5625fe62069dbdb3067b6d96,2026-08-31T17:38:39Z,70796.93,1,1201198.7313,0.03436331,85.04,1,1201198.7313,0.03122929,77.29,-0.00313402,-7.76,0.0,0.0,0.0,sold out in window
0x2d1b113a8c6e16608a61f8556614cf3e09b911b4,2026-08-31T19:21:19Z,82844.36,1,1182950.5978,0.0396,98.0,1,1182950.5978,0.04018303,99.44,0.00058303,1.44,0,0.0,0.0,sold out in window
0x5e53b1f52be1c9f3a510a82cdb129cebaa1be62b,2026-08-31T17:21:01Z,47026.11,2,1174918.9092,0.02752316,68.11,1,407416.1403,0.0063593,15.74,-0.00138252,-3.42,767502.7689,423613.7574,45.33,still holds
0x8d9a65e21963d8ef44c7e7c2d181ad0d32174d78,2026-08-31T17:26:20Z,84736.11,1,1156541.0278,0.0396,98.0,1,1156541.0278,0.02644992,65.46,-0.01315008,-32.54,0,0.0,0.0,sold out in window
0xc54255fe0129d8fa5cc624482a359b0ba8861e17,2026-08-31T19:09:00Z,82269.3,2,1153746.2009,0.0396,98.0,2,1153746.2009,0.03539877,87.6,-0.00420123,-10.4,0,0.0,0.0,sold out in window
0x6a828723f681ae9ac7d099360f453480e675ad78,2026-08-31T17:26:20Z,85985.73,1,1139733.1696,0.0396,98.0,1,1139733.1696,0.025179,62.31,-0.014421,-35.69,0,0.0,0.0,sold out in window
0xea6e3feb351d1233fb641ac3c3609c7a6f6ef230,2026-08-31T17:26:20Z,87244.49,1,1123289.0677,0.0396,98.0,1,1123289.0677,0.02538956,62.83,-0.01421044,-35.17,0,0.0,0.0,sold out in window
0x40e3844eb2b22f36d7550ee7aa655ec21e6bb21c,2026-08-31T17:26:20Z,88512.41,1,1107198.3008,0.0396,98.0,1,1107198.3008,0.02474166,61.23,-0.01485834,-36.77,0,0.0,0.0,sold out in window
0xf2d6fb49538826ddfa0153467d74a16eb8b8bddf,2026-08-31T17:52:14Z,67149.42,1,1094582.5793,0.0297,73.5,1,1094582.5793,0.02712036,67.12,-0.00257964,-6.38,0,0.0,0.0,sold out in window
0xe6dc4e06e2e2b362491eab6312a6d57200db54e7,2026-08-31T17:26:20Z,89789.47,1,1091450.818,0.0396,98.0,1,1091450.818,0.0238415,59.0,-0.0157585,-39.0,0,0.0,0.0,sold out in window
0x51eeed73447d5af0ff015520831f7e1fb071c245,2026-08-31T17:24:19Z,65969.83,2,1071177.6216,0.0297,73.5,2,1071177.6216,0.03522608,87.18,0.00552608,13.68,0,0.0,0.0,sold out in window
0xfee1cc16946b311d7b4b1328c1edc09f84d99282,2026-08-31T17:24:19Z,66520.25,2,1063749.6959,0.0297,73.5,2,1063749.6959,0.03474807,85.99,0.00504807,12.49,0,0.0,0.0,sold out in window
0x32770dd2b599871b109d190b7702c5ca12311287,2026-08-31T17:24:19Z,67072.96,2,1056405.2296,0.0297,73.5,2,1056405.2296,0.03427996,84.84,0.00457996,11.33,0,0.0,0.0,sold out in window
0x558cc08f3f6ac487cd2ee3f931c741de62c36f73,2026-08-31T17:21:05Z,48165.75,1,1054637.2821,0.02052613,50.8,1,1054637.2821,0.02498034,61.82,0.00445421,11.02,0,0.0,0.0,sold out in window
0xb64b9f830723a7caaf46235fb46218d51495f464,2026-08-31T17:23:44Z,71513.1,1,1027792.028,0.0297,73.5,1,1027792.028,0.02988982,73.97,0.00018982,0.47,0,0.0,0.0,sold out in window
0xbfafec323fb6c3c7b062a85182528e08c2a11a16,2026-08-31T17:26:42Z,89258.51,1,1010100.1873,0.03643172,90.16,1,1010100.1873,0.02514215,62.22,-0.01128957,-27.94,0,0.0,0.0,sold out in window
0xe7350161ee8f64e460e761c4817931beb1c48b69,2026-08-31T18:33:56Z,56180.0,1,1003034.0947,0.02277,56.35,1,1003034.0947,0.02303279,57.0,0.00026279,0.65,0,0.0,0.0,sold out in window
0xf4c857d794b08ea1c022383643bba6e29caa0397,2026-08-31T17:21:32Z,38498.14,1,976409.246,0.01518928,37.59,1,976409.246,0.02588608,64.06,0.01069679,26.47,0,0.0,0.0,sold out in window
0x999b8d92dcccd7502e6b5fc523cbfe06770edec2,2026-08-31T17:23:23Z,51493.98,1,951575.2229,0.0198,49.0,2,951575.2229,0.03281537,81.21,0.01301537,32.21,0,0.0,0.0,sold out in window
0xe89e559408ed98a11edc6491c59573fbff907750,2026-08-31T17:21:56Z,53415.41,1,926611.8048,0.02,49.5,1,463305.9024,0.02092412,51.78,0.01092412,27.03,463305.9024,0.0,0.0,exited after window
0x7be530eff1e8e066db20b66166357853e8bbc300,2026-08-31T17:55:03Z,79792.01,1,921152.2482,0.0297,73.5,1,921152.2482,0.02307261,57.1,-0.00662739,-16.4,0,0.0,0.0,sold out in window
0x4f91cb329afca535f79e1c219c7455cc689b855d,2026-08-31T17:26:29Z,95249.15,1,900277.7051,0.03465,85.75,1,900277.7051,0.02209199,54.67,-0.01255801,-31.08,0,0.0,0.0,sold out in window
0x9f095839552760ce55b9e42a403706f209059f1a,2026-08-31T18:11:18Z,57065.61,1,876798.1882,0.02021807,50.04,1,876798.1882,0.02073679,51.32,0.00051872,1.28,0,0.0,0.0,sold out in window
0x5f040aef6bfa92bf64ec3efec9d5673cbcb49be5,2026-08-31T17:24:31Z,83950.4,1,875524.0112,0.0297,73.5,1,875524.0112,0.02625437,64.97,-0.00344563,-8.53,0.0,0.0,0.0,sold out in window
0x757119b903a98d32e7423f3469dc2166c047ccd7,2026-08-31T17:47:14Z,84911.61,1,874356.5519,0.03,74.24,1,874356.5519,0.02721873,67.36,-0.00278127,-6.88,0.0,0.0,0.0,sold out in window
0x99c9c4a40ff0265ae093e7cf4052e6b45de051bb,2026-08-31T17:24:12Z,65773.33,2,869429.8869,0.02376,58.8,2,869429.8869,0.02891515,71.56,0.00515515,12.76,0.0,0.0,0.0,sold out in window
0x889f7af4c84042de6c1625eef82d2d91fe43790b,2026-08-31T17:31:02Z,57435.42,6,861972.9118,0.02378341,58.86,4,809481.6125,0.02741117,67.84,0.00543042,13.44,52491.2993,93.335,0.01,still holds
0x24ceb55f108fc4ebdb1eae25814991a787a58964,2026-08-31T17:32:24Z,63706.68,2,840025.7057,0.021384,52.92,1,840025.7057,0.02835713,70.18,0.00697313,17.26,0.0,0.0,0.0,sold out in window
0x0417a7b73798058867e261cf763578087c6d41da,2026-08-31T18:04:36Z,58401.93,1,839020.0989,0.0198,49.0,1,839020.0989,0.02873394,71.11,0.00893394,22.11,0,0.0,0.0,sold out in window
0x955280a713457f620bd527c7cb92281875487f7d,2026-08-31T17:51:42Z,63923.57,3,838605.1415,0.0204632,50.64,2,838605.1415,0.02511863,62.16,0.00465542,11.52,0,209878.8086,22.46,still holds
0xb50b48bb12c89c29508d48cd9a868ef5fc189f63,2026-08-31T21:15:39Z,117075.63,1,837072.4338,0.0396,98.0,1,837072.4338,0.04181048,103.47,0.00221048,5.47,0,398410.1354,42.63,still holds
0x1d20f3c6368ec8d94c35d8015eb73a11c18425a6,2026-08-31T17:23:08Z,58649.13,1,834776.5135,0.01978324,48.96,1,834776.5135,0.03408251,84.35,0.01429927,35.39,0,0.0,0.0,sold out in window
0xd4fc408ca11101950ddc06bf054489dd522ed6fd,2026-08-31T18:13:41Z,59338.18,1,834123.1535,0.02,49.5,1,834123.1535,0.02880391,71.28,0.00880391,21.79,0,0.0,0.0,sold out in window
0xa4af68f6f023e4aeafb2211a3947e3dcaf9ecb24,2026-08-31T17:23:30Z,55934.04,3,828956.6225,0.02326333,57.57,2,828956.6225,0.02478721,61.34,0.00152388,3.77,0.0,0.0,0.0,sold out in window
0xc63152cc906cbb9a03dfe041369a9f9d6c4f63af,2026-08-31T17:24:53Z,100600.29,1,811800.0829,0.033,81.67,1,811800.0829,0.02470536,61.14,-0.00829464,-20.53,0,0.0,0.0,sold out in window
0xa3cee33cce8ac75ee965e988f01da9b688888888,2026-08-31T17:24:53Z,101733.96,1,802753.8082,0.033,81.67,1,802753.8082,0.02466679,61.04,-0.00833321,-20.62,0,0.0,0.0,sold out in window
0x5586abd3b391600a87e6b2af112b8ec2595f2c33,2026-08-31T17:31:20Z,58841.68,1,799439.7819,0.019008,47.04,1,799439.7819,0.01818751,45.01,-0.00082049,-2.03,0,0.0,0.0,sold out in window
0xb77a81c2dbb917209cca7ef06915c61bbe19b927,2026-08-31T17:38:46Z,76630.33,1,799298.2517,0.02475,61.25,1,799298.2517,0.02429845,60.13,-0.00045155,-1.12,0,0.0,0.0,sold out in window
0x1dcc5344e6976bfda524bb5c815e0ace453d958d,2026-08-31T17:24:53Z,102873.98,1,793857.9061,0.033,81.67,1,793857.9061,0.02462831,60.95,-0.00837169,-20.72,0,0.0,0.0,sold out in window
0x9ca1fb0b7fcd05f5b393d11abe250ec1a8514f2e,2026-08-31T21:17:54Z,125162.83,1,783335.8609,0.03961768,98.04,1,783335.8609,0.03864684,95.64,-0.00097084,-2.4,0,0.0,0.0,sold out in window
0x8e1f7ac48c52120e9ba860208cb4cc23e4cf9167,2026-08-31T17:25:38Z,75174.78,1,777639.505,0.02362197,58.46,1,777639.505,0.02415547,59.78,0.0005335,1.32,0,0.0,0.0,sold out in window
0x4cee3dd11d8eeda0df24d9b0d76e8e7e113f29f8,2026-08-31T17:24:30Z,79947.39,1,766134.9241,0.02475,61.25,1,766134.9241,0.02852186,70.59,0.00377186,9.33,0,0.0,0.0,sold out in window
0x2c4c7c6cb0b188bfb3b04b5e8d59bcd93d01d934,2026-08-31T17:24:30Z,80705.02,1,758942.7282,0.02475,61.25,1,758942.7282,0.02797225,69.22,0.00322225,7.97,0,0.0,0.0,sold out in window
0x0306ce12db54b46ff31e1a3663a9b1692a20e40f,2026-08-31T17:35:57Z,62043.66,1,758467.8537,0.01901517,47.06,1,758467.8537,0.01950774,48.28,0.00049257,1.22,0,0.0,0.0,sold out in window
0x8d729f245824d9790a478152e93723a49760e120,2026-08-31T17:24:30Z,81466.23,1,751851.3357,0.02475,61.25,1,751851.3357,0.02743838,67.9,0.00268838,6.65,0,0.0,0.0,sold out in window
0x2568ccba1e26f92b5f1d80ead1e5c071bc6e8f62,2026-08-31T17:24:30Z,82231.0,1,744858.8717,0.02475,61.25,1,744858.8717,0.02691965,66.62,0.00216965,5.37,0.0,0.0,0.0,sold out in window
0x8401abf78b098c0742da87ab258d8055fee73806,2026-08-31T17:22:31Z,66357.37,1,738431.814,0.0198,49.0,1,738431.814,0.0157905,39.08,-0.0040095,-9.92,0,0.0,0.0,sold out in window
0xd253ce86cdc350f19e80d30a3e52425192e5000f,2026-08-31T17:22:14Z,69189.52,1,708205.3906,0.0198,49.0,1,708205.3906,0.0167633,41.49,-0.0030367,-7.52,0,0.0,0.0,sold out in window
0x51c100821566b8a06feb3043db393b12cfc36ecc,2026-08-31T17:22:49Z,70042.15,1,699584.3994,0.0198,49.0,1,699584.3994,0.01805143,44.67,-0.00174857,-4.33,0,0.0,0.0,sold out in window
0xa01b1395e4963477cd6641f81596fe9228883d3d,2026-08-31T17:23:58Z,71347.99,1,686780.3328,0.0198,49.0,1,686780.3328,0.01955977,48.41,-0.00024023,-0.59,0,0.0,0.0,sold out in window
0x155c70a230a2c1347623ba3759ea0a61476f7df8,2026-08-31T17:27:13Z,84152.23,3,683163.2113,0.01786984,44.22,3,683163.2113,0.01986737,49.17,0.00199753,4.94,0,0.0,0.0,sold out in window
0x55efe8a691ffc9603199d693a9bc341716fa32c0,2026-08-31T17:24:52Z,100894.76,1,681224.3489,0.0277731,68.73,1,681224.3489,0.01730359,42.82,-0.01046951,-25.91,0,0.0,0.0,sold out in window
0x40645961eb38eaec65e9a0433cffa0c1a43eab01,2026-08-31T17:26:56Z,77847.82,2,672386.9447,0.01983834,49.1,1,672386.9447,0.01659852,41.08,-0.00323982,-8.02,0,0.0,0.0,sold out in window
0x36bcfcf8cdd3f4efa95a2dbeb084db2949e9ac6f,2026-08-31T18:19:09Z,72968.44,1,671528.6077,0.0198,49.0,1,671528.6077,0.02080153,51.48,0.00100153,2.48,0,0.0,0.0,sold out in window
0xd877c84fd708939c90d28c9eed20d19c88db0f7d,2026-08-31T17:25:00Z,102172.6,1,669544.0005,0.02764262,68.41,1,669544.0005,0.0216417,53.56,-0.00600091,-14.85,0.0,0.0,0.0,sold out in window
0xc731b0e351174188247fae4f5ef28a06dd3b2d3f,2026-08-31T17:54:04Z,74604.86,1,663433.2548,0.02,49.5,1,663433.2548,0.02307668,57.11,0.00307668,7.61,0,0.0,0.0,sold out in window
0x6398cc73d910314a56332cb066b93433b7eb245e,2026-08-31T17:24:31Z,83140.28,1,661340.8952,0.02221787,54.98,2,661340.8952,0.0148478,36.74,-0.00737007,-18.24,0.0,0.0,0.0,sold out in window
0x41620623298efb26473727d3c8c40ab6099c4f8b,2026-08-31T17:25:34Z,74116.92,1,661122.8891,0.0198,49.0,1,661122.8891,0.01805195,44.67,-0.00174805,-4.33,0,0.0,0.0,sold out in window
0x520d46d02d177a65d4ac11d8faa3c32db367b800,2026-08-31T17:26:35Z,94855.86,2,660306.8784,0.01992,49.3,1,660306.8784,0.01827319,45.22,-0.00164681,-4.08,0,0.0,0.0,sold out in window
0xb2b353eb89ac23e11f4833e693a4bb0260959065,2026-08-31T17:24:26Z,74312.26,1,659385.0715,0.0198,49.0,2,659385.0715,0.0232623,57.57,0.0034623,8.57,0,0.0,0.0,sold out in window
0x91c91ba7f5c2bea4225689dade837aa57d4eb86c,2026-08-31T17:25:37Z,74615.75,1,657852.2817,0.01983465,49.09,1,657852.2817,0.0211201,52.27,0.00128545,3.18,0,0.0,0.0,sold out in window
0x72d16ec29c1e6411c5d1689cb47ab4ffabdec464,2026-08-31T17:23:47Z,74691.05,1,656349.9474,0.01980932,49.02,1,656349.9474,0.02469175,61.11,0.00488242,12.08,0.0,0.0,0.0,sold out in window
0xf67b91977f3efd98647a28fb6441b343b58d496d,2026-08-31T17:54:04Z,75193.09,1,651660.8198,0.0198,49.0,1,651660.8198,0.01875469,46.41,-0.00104531,-2.59,0,0.0,0.0,sold out in window
0xd2754aa3324109916ad33fe10fa82338cd754f44,2026-08-31T17:29:14Z,54492.16,1,638197.9907,0.01405255,34.78,1,638197.9907,0.01730277,42.82,0.00325023,8.04,0,0.0,0.0,sold out in window
0x58d24e751e6264367ec2200ae191e405490688ed,2026-08-31T17:28:06Z,58945.05,1,623467.0238,0.01485,36.75,1,623467.0238,0.01513181,37.45,0.00028181,0.7,0,0.0,0.0,sold out in window
0x148902aa7df1fc8dcabba452c1b507592e48dba3,2026-08-31T17:24:30Z,79268.74,1,618155.2846,0.0198,49.0,1,618155.2846,0.0157796,39.05,-0.0040204,-9.95,0.0,0.0,0.0,sold out in window
0x6dfface2365cd49e0596301be01f5690ad50ab65,2026-08-31T17:28:13Z,59566.89,1,609812.6524,0.014678,36.32,1,609812.6524,0.01353062,33.49,-0.00114739,-2.84,0,0.0,0.0,sold out in window
0x00ad48f4e111a6c77e616f98f0f1b43bcda42224,2026-08-31T17:24:57Z,102686.77,2,572547.2185,0.0198,49.0,1,572547.2185,0.0136401,33.76,-0.0061599,-15.24,0,0.0,0.0,sold out in window
0xd847c4fd893aed9cc9835048a649f62ea90e0d55,2026-08-31T17:27:40Z,71305.41,1,568057.4055,0.01636742,40.51,1,568057.4055,0.01731813,42.86,0.00095071,2.35,0,0.0,0.0,sold out in window
0x6d8c3ee45759c73ceeebd988b0c98b3ae4d1a9ed,2026-08-31T17:21:14Z,49655.69,2,566434.2177,0.01204011,29.8,2,566434.2177,0.01956349,48.42,0.00752338,18.62,0,0.0,0.0,sold out in window
0xa056368acf1689fe53b449d6489e4f805e618aa4,2026-08-31T18:14:36Z,64153.4,3,562325.1425,0.01485,36.75,1,562325.1425,0.01168049,28.91,-0.00316951,-7.84,0,0.0,0.0,sold out in window
0x522fe41bdf8181f52d14ee2e528c455ed900e0fa,2026-08-31T18:14:36Z,64288.88,3,561150.7365,0.01485,36.75,1,561150.7365,0.0115919,28.69,-0.0032581,-8.06,0,0.0,0.0,sold out in window
0x98ee7293b07af01f9a3d40a1f81e6c69904da893,2026-08-31T17:21:10Z,43763.22,1,559835.3397,0.0099,24.5,1,559835.3397,0.01440317,35.64,0.00450317,11.14,0,0.0,0.0,sold out in window
0x499a540ebc1ad442713b624e3f1de8cc58258175,2026-08-31T17:29:52Z,55369.26,2,556168.6358,0.0134676,33.33,2,556168.6358,0.01664883,41.2,0.00318124,7.87,0,0.0,0.0,sold out in window
0xa27c48419a37439e21069ae266cc1b34cefaeb95,2026-08-31T17:59:06Z,69129.17,1,536987.628,0.015,37.12,1,536987.628,0.01369317,33.89,-0.00130683,-3.23,0,0.0,0.0,sold out in window
0x10342ec3ae402e64fb9fbb4754b85443d6110a7e,2026-08-31T17:23:11Z,58903.27,1,510701.9008,0.01215549,30.08,1,510701.9008,0.01841234,45.57,0.00625685,15.48,0,0.0,0.0,sold out in window
0x6666665939eecfa449df4caf6b2939ac8fd1e9ce,2026-08-31T17:37:26Z,67316.46,1,507331.9385,0.0138,34.15,1,507331.9385,0.01860342,46.04,0.00480342,11.89,0,0.0,0.0,sold out in window
0x0870aefb5e3a8cfd7dd3e2545056b8e49208e310,2026-08-31T17:21:10Z,48586.73,1,504257.0015,0.0099,24.5,1,504257.0015,0.01419586,35.13,0.00429586,10.63,0,0.0,0.0,sold out in window
0x7a8f6268ee267a67372a3a4c83d4f8b6e870ea9e,2026-08-31T17:24:28Z,75453.79,2,502757.9822,0.0160347,39.68,1,502757.9822,0.01788105,44.25,0.00184635,4.57,0.0,0.0,0.0,sold out in window
0x719e7cb152665778152d831b4a238e25a62d34c1,2026-08-31T17:24:49Z,97718.47,1,482785.78,0.01906324,47.18,1,482785.78,0.01433877,35.49,-0.00472447,-11.69,0,0.0,0.0,sold out in window
0x65e5822e433aee2ffe747615be95b81192ee423d,2026-08-31T17:24:43Z,92659.68,1,465942.9154,0.01744573,43.17,1,465942.9154,0.01226135,30.34,-0.00518438,-12.83,0,0.0,0.0,sold out in window
0xb7a7c97b7eec52621c96fb81f9ea47b662466812,2026-08-31T18:00:19Z,63830.02,1,465254.5577,0.012,29.7,1,465254.5577,0.01302674,32.24,0.00102674,2.54,0,0.0,0.0,sold out in window
0xb0833ce9823611f43d9525529aeadc64afb90281,2026-08-31T17:21:56Z,53337.63,1,459341.6826,0.0099,24.5,2,459341.6826,0.01303557,32.26,0.00313557,7.76,0.0,0.0,0.0,sold out in window
0x9aff3c0b5e79d3baab662945d23559462a72bc38,2026-08-31T17:45:49Z,76054.68,2,450384.1438,0.01386,34.3,1,450384.1438,0.01678424,41.54,0.00292424,7.24,0,0.0,0.0,sold out in window
0x0819f272bb7b65b23bd8e4d8206293094e3a753e,2026-08-31T17:29:17Z,56176.66,1,436127.6976,0.0099,24.5,2,436127.6976,0.01560525,38.62,0.00570525,14.12,0,0.0,0.0,sold out in window
0x5c541dc9e283e71e57627c034f2c87ef5cbbf485,2026-08-31T17:52:15Z,67729.75,1,425360.8362,0.01164133,28.81,1,425360.8362,0.01014314,25.1,-0.00149819,-3.71,0,0.0,0.0,sold out in window
0x1c99042def8c49bc55d590f0542333ada88a23ba,2026-08-31T17:29:28Z,58278.55,1,420398.1792,0.0099,24.5,1,420398.1792,0.00962407,23.82,-0.00027593,-0.68,0,0.0,0.0,sold out in window
0x938c524687f6a443204cedda2ab6fb4eb65b78c1,2026-08-31T17:28:33Z,59288.12,2,419145.4619,0.011088,27.44,1,231414.1408,0.00530067,13.12,-0.00024333,-0.6,187731.3211,0.0,0.0,exited after window
0xd6bb1b809cea160fd4c089ea72cfe8240e4241b5,2026-08-31T20:12:04Z,73334.69,1,392610.5857,0.01163421,28.79,1,392610.5857,0.01165265,28.84,1.843e-05,0.05,0.0,0.0,0.0,sold out in window
0xeb6a0ea824026e74311f98ebdd9b98b841cc78d8,2026-08-31T17:21:08Z,43920.41,1,390482.1495,0.00693,17.15,1,390482.1495,0.00792015,19.6,0.00099015,2.45,0,0.0,0.0,sold out in window
0x238309a03f883b1678e3c0469413d4da2889b623,2026-08-31T17:26:31Z,95897.82,2,383835.4002,0.01340127,33.17,1,383835.4002,0.01218849,30.16,-0.00121279,-3.0,0,0.0,0.0,sold out in window
0xa333d3338af90bda00f1ebece117154ad2ede757,2026-08-31T17:35:03Z,62515.67,1,382969.923,0.00967429,23.94,1,382969.923,0.01123611,27.81,0.00156182,3.87,0,0.0,0.0,sold out in window
0x46ff0054d657e9e63e7dd34b8771c78d0bf7c1c2,2026-08-31T18:01:39Z,63664.45,1,380215.2279,0.0097812,24.21,1,380215.2279,0.01451263,35.92,0.00473143,11.71,0,0.0,0.0,sold out in window
0x5decb065266e006706de9ae0e8adb2f6d2ad86b3,2026-08-31T17:55:19Z,79990.57,1,370972.9232,0.01199076,29.67,1,370972.9232,0.00865688,21.42,-0.00333387,-8.25,0,0.0,0.0,sold out in window
0x90b742b216bcca54ee388e3847de8d1b1696d46e,2026-08-31T17:23:57Z,70991.68,2,357748.8148,0.0099,24.5,1,357748.8148,0.01470771,36.4,0.00480771,11.9,0,0.0,0.0,sold out in window
0x7d56ef21b92e8b5b152a1558f42e77b650f8cafd,2026-08-31T17:34:56Z,61854.55,1,356484.3311,0.00891,22.05,1,356484.3311,0.0093167,23.06,0.0004067,1.01,0,0.0,0.0,sold out in window
0x391e28d00f1c51d034bdf3b7ec315970d37d6f82,2026-08-31T17:23:12Z,59316.38,1,353748.6642,0.00847881,20.98,1,353748.6642,0.01091849,27.02,0.00243967,6.04,0,0.0,0.0,sold out in window
0xaf1174e77169a98277062fdd7d609de744675d37,2026-08-31T18:18:54Z,70589.28,1,347080.9779,0.0099,24.5,1,347080.9778,0.01110129,27.47,0.00120129,2.97,0.0001,0.0001,0.0,still holds
0x972d9c0e277640cc1e66d694ca55453b5ddf20a0,2026-08-31T17:59:12Z,70682.23,1,346624.5695,0.0099,24.5,1,346624.5695,0.01239566,30.68,0.00249566,6.18,0,0.0,0.0,sold out in window
0x1bce9ca4242f84a956ae6c7afb3c77f2779ebabc,2026-08-31T17:31:17Z,58229.15,1,343778.6412,0.00808882,20.02,1,343778.6412,0.00881331,21.81,0.00072449,1.79,0,0.0,0.0,sold out in window
0x84e0b3a4fe4bda3430d33540db7367052bebb287,2026-08-31T17:23:42Z,71844.74,1,338838.8309,0.0098368,24.34,1,338838.8309,0.01138092,28.17,0.00154412,3.82,0,0.0,0.0,sold out in window
0xd906512aede3dc5acbb6e5786407d117c7661fc8,2026-08-31T17:25:26Z,71424.17,1,335421.8938,0.0096806,23.96,1,335421.8938,0.00728643,18.03,-0.00239417,-5.93,0.0,0.0,0.0,sold out in window
0x362e7684801e7d29767df82f831c9af71f7b31e8,2026-08-31T17:21:03Z,49497.27,1,335150.1309,0.00670326,16.59,1,335150.1309,0.00824553,20.41,0.00154227,3.82,0,0.0,0.0,sold out in window
0x43b7d171aa2814c97428aeb8d674e6a2e22730c8,2026-08-31T17:56:39Z,86770.84,1,334531.9495,0.01172943,29.03,1,334531.9495,0.00813481,20.13,-0.00359463,-8.9,0,0.0,0.0,sold out in window
0xec2efe6ffab376506ce74127b29a677d7747b8a1,2026-08-31T17:24:25Z,73875.88,1,331639.9768,0.0099,24.5,1,331639.9768,0.01036177,25.64,0.00046177,1.14,0,0.0,0.0,sold out in window
0x09fc35cb1e8e310256559bc708bf436b561a16ff,2026-08-31T17:23:59Z,71892.18,1,331405.6202,0.00962736,23.83,1,331405.6202,0.00760077,18.81,-0.00202659,-5.02,0,0.0,0.0,sold out in window
0x7602c9a09759694e3d70d4a6b517792e584b7bbd,2026-08-31T17:31:02Z,57305.26,1,330305.5349,0.00764849,18.93,1,330266.3438,0.00844517,20.9,0.00079759,1.97,39.191,39.191,0.0,still holds
0xe97fc1992e73c03454dd2cd103f0838cdcb8e9ce,2026-08-31T17:25:36Z,74177.98,1,330289.361,0.0099,24.5,1,330289.361,0.00973203,24.08,-0.00016797,-0.42,0,0.0,0.0,sold out in window
0xefe2827667a5823be054b57a29a6a34caa41fa28,2026-08-31T17:28:14Z,59861.61,1,316106.9824,0.00764624,18.92,1,316106.9824,0.01056295,26.14,0.0029167,7.22,0,0.0,0.0,sold out in window
0x77275ca199aa5872a88ec49cdb39e9cef4269c77,2026-08-31T17:23:44Z,70956.56,1,312239.5039,0.00895254,22.16,1,312239.5039,0.00848816,21.01,-0.00046437,-1.15,0,0.0,0.0,sold out in window
0x5b773d0e2cd66a010cf637e6440553310c807dde,2026-08-31T17:27:01Z,81564.81,1,304512.4304,0.0100363,24.84,1,304512.4304,0.0077866,19.27,-0.00224969,-5.57,0,0.0,0.0,sold out in window
0x8b4b7bfcaf149f43f2e8540d4abeb8d01ad66fda,2026-08-31T19:07:08Z,77388.8,2,304074.9207,0.0099,24.5,1,54074.9207,0.00154277,3.82,-0.00014822,-0.37,250000.0,0.0,0.0,exited after window
0x48929fb38ab4bbdad8e96256a5dc016541525c71,2026-08-31T17:26:04Z,73644.28,1,300167.645,0.00893241,22.11,1,300167.645,0.01056429,26.14,0.00163188,4.04,0,0.0,0.0,sold out in window
0xcb486abdc6364b060a252235389c4ac916be83ab,2026-08-31T17:27:20Z,80740.14,1,299627.5326,0.00977545,24.19,1,299627.5326,0.0081575,20.19,-0.00161795,-4.0,0.0,0.0,0.0,sold out in window
0x002917c1740bc8dc54d73002e4ee7b814afdaf8b,2026-08-31T17:24:15Z,64124.69,3,296018.8922,0.00857591,21.22,1,296018.8922,0.00721772,17.86,-0.00135819,-3.36,0,0.0,0.0,sold out in window
0xa0f2f5107c8f45421f4a615ac48f8d4deaba22b9,2026-08-31T17:21:23Z,64184.54,1,294810.3257,0.00764608,18.92,1,294810.3257,0.0076915,19.03,4.542e-05,0.11,0,0.0,0.0,sold out in window
0xa401d9778c686b5775f39a39d935f64edcd2def9,2026-08-31T19:21:20Z,83616.64,1,293006.239,0.0099,24.5,1,293006.239,0.00986267,24.41,-3.733e-05,-0.09,0,0.0,0.0,sold out in window
0x51add2c9b1687d7f8759938c6ba3118508901535,2026-08-31T17:21:35Z,38370.83,2,289915.7983,0.00594,14.7,2,289915.7983,0.00581345,14.39,-0.00012655,-0.31,0.0,0.0,0.0,sold out in window
0xbbc46cd5b7547e92a6b8c70b75a6771cb521b74f,2026-08-31T17:23:52Z,67556.9,2,282193.5441,0.00733746,18.16,1,282193.5441,0.00829658,20.53,0.00095912,2.37,0.0,0.0,0.0,sold out in window
0x7ebddf3c201d555513c79d8757b632fb6ab32238,2026-08-31T17:23:38Z,72764.86,1,269026.2616,0.0079101,19.58,1,269026.2616,0.01050099,25.99,0.00259089,6.41,0,0.0,0.0,sold out in window
0xe8369bc0913dad6e89bfbc7bb6e8499631d1371e,2026-08-31T17:20:58Z,46275.51,1,267394.9145,0.005,12.37,1,66848.7286,0.00233892,5.79,0.00108892,2.69,200546.1859,150409.6394,16.09,still holds
0x31b1c3eaa3cce1e5ed48c67e1bc3b878e4f5f20d,2026-08-31T17:22:51Z,71003.9,1,266468.5018,0.00764529,18.92,1,266468.5018,0.00627073,15.52,-0.00137456,-3.4,0,0.0,0.0,sold out in window
0x7bae36981e79fdb3ac0db0d4e5ddc18bb9af45c7,2026-08-31T17:23:45Z,72684.29,1,261006.4836,0.0076658,18.97,1,261006.4836,0.01002042,24.8,0.00235462,5.83,0,0.0,0.0,sold out in window
0x71a6d12670e37e0cfa84006bf107a199105c9b0a,2026-08-31T17:24:46Z,94067.44,2,259730.2529,0.0093512,23.14,1,259730.2529,0.00840309,20.8,-0.00094811,-2.35,0,0.0,0.0,sold out in window
0x1fa8f3d8aa1ea17d2e499bb1383d4d5c8495abb9,2026-08-31T17:38:10Z,70273.54,2,255131.5591,0.01012151,25.05,1,129754.0309,0.00390533,9.66,0.00022083,0.55,125377.5282,0.0,0.0,exited after window
0xb1c4eca9ed3a36f40f31f3df8b3afbf650c2b5c8,2026-08-31T17:29:18Z,57409.34,1,253440.5319,0.00587928,14.55,1,253440.5319,0.00698185,17.28,0.00110256,2.73,0,0.0,0.0,sold out in window
0x699bf4a30c78cb5df24488ddc2fbef9f0fbb0766,2026-08-31T17:57:50Z,68245.09,1,251302.1498,0.00693,17.15,1,251302.1498,0.00662343,16.39,-0.00030657,-0.76,0,0.0,0.0,sold out in window
0x6f293fd4d55ea4fc05525e5c8d482432c4238b0b,2026-08-31T17:26:58Z,78173.82,1,245259.9531,0.00774736,19.17,1,245259.9531,0.00577038,14.28,-0.00197698,-4.89,0,0.0,0.0,sold out in window
0x007069909bb7674b27f88de2a5f7e6901d9b851f,2026-08-31T17:29:15Z,55779.68,1,242879.1701,0.00547434,13.55,1,242879.1701,0.00562234,13.91,0.000148,0.37,0,0.0,0.0,sold out in window
0xa58c893cc70f42bac971f0c25b506ad6cc63a1b0,2026-08-31T17:25:02Z,97389.52,1,240908.0799,0.00948046,23.46,1,240908.0799,0.0076146,18.84,-0.00186586,-4.62,0,0.0,0.0,sold out in window
0x6fcbed83ccefa09bba619dd3da887b941bdce791,2026-08-31T17:22:45Z,64022.93,1,237340.9958,0.00614008,15.2,1,237340.9958,0.00644221,15.94,0.00030213,0.75,0,0.0,0.0,sold out in window
0x7113199ccb8c1402dea962a4bc71fc2d6dbe0aff,2026-08-31T17:21:40Z,39432.76,1,232918.7761,0.00371131,9.18,1,232918.7761,0.00607371,15.03,0.0023624,5.85,0,0.0,0.0,sold out in window
0xf6c25fef56905ada00cd6220ef7b0dc23a011992,2026-08-31T17:26:19Z,82693.18,1,231301.2519,0.00772882,19.13,1,231301.2519,0.00591479,14.64,-0.00181404,-4.49,0,0.0,0.0,sold out in window
0x424b8edefa717850a2e42f3549dd4f8e7fb8c7b4,2026-08-31T17:27:16Z,81252.12,1,222564.5992,0.00730729,18.08,1,222564.5992,0.00627096,15.52,-0.00103633,-2.56,0,0.0,0.0,sold out in window
0x8dd6727755b5a8c463e7ec0f62937eff27ea4624,2026-08-31T17:23:56Z,70829.21,1,221766.3917,0.00634708,15.71,1,221766.3917,0.0051647,12.78,-0.00118237,-2.93,0,0.0,0.0,sold out in window
0x4e5768899556d58c7450de7fdad15ed57e3d99ef,2026-08-31T18:28:43Z,51401.14,1,216657.7072,0.0045,11.14,1,215575.7727,0.00773728,19.15,0.00325975,8.07,1081.9344,0.0,0.0,exited after window
0xec2daecb6162332d13a0c235d5dda2cc351684ae,2026-08-31T17:30:57Z,57286.92,1,213837.6042,0.00495,12.25,2,93553.9518,0.00358737,8.88,0.00142174,3.52,120283.6524,360364.7068,38.56,still holds
0xe6611d430aaabe7565c01a9c57f53a35379e4879,2026-08-31T17:24:42Z,92243.21,1,212706.5382,0.00792831,19.62,1,212706.5382,0.00607999,15.05,-0.00184832,-4.57,0,0.0,0.0,sold out in window
0x8e47812d2aacc08ec474e4e4d66c1ef9fd3d0047,2026-08-31T17:29:29Z,58532.56,1,209286.8874,0.00495,12.25,1,209286.8874,0.00566193,14.01,0.00071193,1.76,0,0.0,0.0,sold out in window
0xe8d388b55f906924095fe3dfc7f265efd384080c,2026-08-31T17:23:17Z,51070.95,1,208282.7401,0.00429826,10.64,2,156212.055,0.00596154,14.75,0.00273784,6.78,52070.685,0.0,0.0,exited after window
0xa3a12d92d94106d2ee311e67cbd5b2d046e1526d,2026-08-31T17:21:35Z,38330.0,4,208154.1873,0.003564,8.82,1,208154.1873,0.00558445,13.82,0.00202045,5.0,0.0,0.0,0.0,sold out in window
0xd71311f04f835293d054ba767965d8ba9cf4d73b,2026-08-31T17:46:21Z,76331.46,1,205484.9241,0.00633796,15.68,1,205484.9241,0.00473842,11.73,-0.00159953,-3.96,0,0.0,0.0,sold out in window
0x1bd04ed55561dd5644b264bdcade1da6c48a116f,2026-08-31T17:24:32Z,84361.56,2,204115.0765,0.00689436,17.06,1,204115.0765,0.0049322,12.21,-0.00196215,-4.86,0,0.0,0.0,sold out in window
0xfcc9c7c92c7327ad44481588a4c3b1fe57a84495,2026-08-31T17:24:29Z,78507.59,1,202055.7748,0.00640986,15.86,1,202055.7748,0.0077085,19.08,0.00129864,3.21,0,0.0,0.0,sold out in window
0xf4963a0815936d6aee5823df9a78950772ab7595,2026-08-31T21:01:05Z,105707.58,1,196184.5934,0.00837986,20.74,1,196184.5934,0.00855802,21.18,0.00017816,0.44,0,0.0,0.0,sold out in window
0xbf947ae5190d2951a72987691a4d9683afb360e3,2026-08-31T17:31:36Z,59920.4,1,193753.4109,0.00469126,11.61,1,193753.4109,0.0053003,13.12,0.00060904,1.51,0,0.0,0.0,sold out in window
0x91c3d70467ff4c224d421e1fbeb14f9f2fb23ff2,2026-08-31T17:32:03Z,60973.03,1,191604.022,0.00472072,11.68,1,191604.022,0.00474537,11.74,2.465e-05,0.06,0,0.0,0.0,sold out in window
0x4481331eed269d9f6d1a019b1d4da6abfc9d6ccd,2026-08-31T17:21:17Z,53783.33,2,189435.6652,0.00404421,10.01,3,189435.6652,0.00440723,10.91,0.00036302,0.9,0.0,0.0,0.0,sold out in window
0x0c76e9566040b194b4f7d88363326df0adec9b6f,2026-08-31T17:25:23Z,75164.33,1,188644.1802,0.00572955,14.18,1,188644.1802,0.00673927,16.68,0.00100971,2.5,0,0.0,0.0,sold out in window
0xef0d21f1cdf4aa6e951d4e65de8657090cbd7629,2026-08-31T17:27:27Z,81021.8,1,188028.3963,0.00615589,15.23,1,188028.3963,0.00638847,15.81,0.00023258,0.58,0,0.0,0.0,sold out in window
0x90cf37640d2dd114b044ddcd9e7bdf5d9ccbcfa6,2026-08-31T17:24:17Z,65627.25,1,186661.7773,0.00495,12.25,3,186661.7773,0.00763152,18.89,0.00268152,6.64,0,0.0,0.0,sold out in window
0x4e07c454a626ad79c9bcc69d63126a5e831aeb85,2026-08-31T17:22:46Z,64108.72,1,184466.8549,0.0047786,11.83,1,184466.8549,0.00529684,13.11,0.00051824,1.28,0,0.0,0.0,sold out in window
0x8017e2c1c18c53ed52cbbeb58146d144dbfa66a3,2026-08-31T17:22:05Z,49432.55,1,184079.7138,0.00367692,9.1,1,184079.7138,0.00548889,13.58,0.00181196,4.48,0,0.0,0.0,sold out in window
0x80df80ca78ab59f50862b731d07074fc25af602e,2026-08-31T18:03:19Z,66988.03,1,182869.9565,0.00495,12.25,1,182869.9565,0.0061093,15.12,0.0011593,2.87,0,0.0,0.0,sold out in window
0x68ae5313beed3290871baec6ed194b3b94e30532,2026-08-31T17:29:17Z,55997.32,1,182379.9432,0.00412677,10.21,1,182379.9432,0.00469152,11.61,0.00056475,1.4,0,0.0,0.0,sold out in window
0xcc07398f9c1151e109725b1a81ecd513c4320078,2026-08-31T17:40:52Z,63963.61,1,179281.4523,0.00463376,11.47,1,179281.4523,0.00513283,12.7,0.00049907,1.24,0,0.0,0.0,sold out in window
0x1f1f4a6b8aae03ba76e7dfe14088b04df66c9769,2026-08-31T17:23:41Z,71945.28,2,178322.2121,0.00570981,14.13,2,178322.2121,0.00588092,14.55,0.00017111,0.42,0,0.0,0.0,sold out in window
0xa5080430bfb41658a64d58d648003ae8c00a57ab,2026-08-31T17:26:08Z,69944.19,1,176025.596,0.004975,12.31,1,176025.596,0.00421484,10.43,-0.00076016,-1.88,0,0.0,0.0,sold out in window
0x1fb4eda3ea19ee3f76d8df5e9543e2249764511d,2026-08-31T17:31:00Z,57154.35,1,174710.8461,0.00403492,9.99,1,174710.8461,0.00487129,12.06,0.00083637,2.07,0,0.0,0.0,sold out in window
0x343c09eb3afa757933a856404df1a57ba1cca95d,2026-08-31T17:24:01Z,71489.2,1,171355.9269,0.00495,12.25,1,171355.9269,0.00390728,9.67,-0.00104272,-2.58,0,0.0,0.0,sold out in window
0x0bee7f0f43eabe5b5e80f726ea1ebadac3f8471b,2026-08-31T17:24:04Z,68666.5,2,170019.4296,0.00502511,12.44,2,170019.4296,0.00457367,11.32,-0.00045144,-1.12,0,0.0,0.0,sold out in window
0xe19884eecfe2c8bc3c0dd03ca5700697bb24d1a3,2026-08-31T17:23:22Z,51207.12,1,167466.9456,0.00346517,8.58,1,167466.9456,0.00482176,11.93,0.00135659,3.36,0,0.0,0.0,sold out in window
0x598004ad54580ab8018093b71bb5075bbb8c0777,2026-08-31T18:04:45Z,58712.7,1,166915.813,0.00396,9.8,1,166915.813,0.00412644,10.21,0.00016644,0.41,0,0.0,0.0,sold out in window
0x943911639bc2832aa5faf8605dbee867a5139ea8,2026-08-31T18:13:26Z,57283.61,1,166629.7836,0.00385699,9.55,1,166629.7836,0.00523747,12.96,0.00138048,3.42,0.0,0.0,0.0,still holds
0xf52bf76795acb98804b016b13930415cdaa1f8b6,2026-08-31T17:29:10Z,54269.7,1,165210.3355,0.00362293,8.97,2,165210.3355,0.00422832,10.46,0.00060539,1.5,0,0.0,0.0,sold out in window
0x578254a9cc5b38cc786c67459473871a0f3be24b,2026-08-31T17:29:15Z,55897.06,1,164813.6541,0.00372261,9.21,1,164813.6541,0.00381372,9.44,9.111e-05,0.23,0,0.0,0.0,sold out in window
0xf70a3060cb42e7fcf6b9cedde171a313da2c3cce,2026-08-31T17:25:33Z,74646.36,1,164108.4559,0.00495,12.25,1,164108.4559,0.00368924,9.13,-0.00126076,-3.12,0.0,0.0,0.0,sold out in window
0xb08c06432c86e13066f7da2a07a6dc5385355d1c,2026-08-31T17:30:06Z,54349.54,1,162988.4792,0.00357947,8.86,1,162988.4792,0.00481273,11.91,0.00123326,3.05,0,0.0,0.0,sold out in window
0x408f30cd5f01f22df67234387a2a70c4399b83ba,2026-08-31T17:37:53Z,69374.55,1,159016.6153,0.00445767,11.03,1,159016.6153,0.00505397,12.51,0.0005963,1.48,0,0.0,0.0,sold out in window
0xb99ae3ead2498fc326217c790326dffa18695bba,2026-08-31T17:22:35Z,61783.71,1,158619.1343,0.00396,9.8,1,158619.1343,0.00344001,8.51,-0.00051999,-1.29,0,0.0,0.0,sold out in window
0xc8a7f07f5c242a8ddb72bee3700110a9793c5d68,2026-08-31T17:23:08Z,57059.58,1,156706.2403,0.0036131,8.94,1,156706.2403,0.00450861,11.16,0.00089551,2.22,0,0.0,0.0,sold out in window
0xb200bb672c75599e6141cc6aa1a4a9ddb9dfa6fc,2026-08-31T17:26:30Z,96036.25,1,155618.1681,0.00603895,14.95,1,155618.1681,0.00338213,8.37,-0.00265682,-6.58,0,0.0,0.0,sold out in window
0xc00a371cff98e2421ff68f9ff4d7c5dfd3a362a0,2026-08-31T17:23:25Z,55130.79,1,154288.3343,0.00343711,8.51,1,154288.3343,0.00382322,9.46,0.00038611,0.96,0,0.0,0.0,sold out in window
0x4e9972fcab44277f94b672cf29e5adb75a8657dc,2026-08-31T17:23:11Z,59085.48,2,150833.5995,0.00404639,10.01,2,150833.5995,0.00470586,11.65,0.00065947,1.63,0,0.0,0.0,sold out in window
0x4524c0204ef77def82b40a7d4a67649199f9e494,2026-08-31T18:03:17Z,66863.56,1,146568.3092,0.00396,9.8,1,146568.3092,0.00510148,12.62,0.00114148,2.82,0,0.0,0.0,sold out in window
0x5bc6fbd2a0cfe2880c52b0f1373f82097992ca84,2026-08-31T17:31:30Z,59884.39,4,145922.871,0.00411953,10.19,3,145922.871,0.00482188,11.93,0.00070235,1.74,0,0.0,0.0,sold out in window
0x86b0419091a9208ce49d0e91f472550bf8550a1f,2026-08-31T17:21:07Z,43742.57,2,144272.2172,0.00330086,8.17,2,144272.2172,0.00362963,8.98,0.00032876,0.81,0,0.0,0.0,sold out in window
0xa88e1122e49dba734da873f9aea24bd7a1d30270,2026-08-31T18:40:40Z,56399.34,1,141283.6742,0.00321982,7.97,1,141283.6742,0.00342929,8.49,0.00020947,0.52,0,0.0,0.0,sold out in window
0x2a5c0ff1363a77f34522160930e52e0828757b4b,2026-08-31T17:43:04Z,70465.88,1,140233.4601,0.00399297,9.88,1,140233.46,0.00428037,10.59,0.0002874,0.71,0.0001,0.0001,0.0,still holds
0xd1de80b4d0c20b86de125e12cbed09c0bee52937,2026-08-31T17:24:50Z,98134.72,1,140049.5982,0.00555354,13.74,1,140049.5982,0.00324583,8.03,-0.00230771,-5.71,0,0.0,0.0,sold out in window
0x553cbe61ca6a0338d2e4ca8e62ddf6a5c5596140,2026-08-31T17:37:45Z,69255.69,1,139450.1177,0.00390247,9.66,1,139450.1177,0.00397387,9.83,7.14e-05,0.18,0,0.0,0.0,sold out in window
0x3d1a37067968f7345b4dae26a24ca23948753e87,2026-08-31T17:24:15Z,63466.68,1,137119.9447,0.00351651,8.7,1,137119.9447,0.00462652,11.45,0.00111001,2.75,0.0,0.0,0.0,sold out in window
0xf15b21a2a98bfd16332476444f46cd4e8826300d,2026-08-31T17:24:20Z,67402.42,1,136129.2756,0.0037076,9.18,1,136129.2756,0.00446128,11.04,0.00075368,1.87,0,0.0,0.0,sold out in window
0xecb35b8117c12d7ed1f881fc097b8fc461f5769a,2026-08-31T17:36:41Z,67638.34,1,135891.3149,0.00371407,9.19,1,135891.3149,0.00430758,10.66,0.00059351,1.47,0,0.0,0.0,sold out in window
0x9c9f892f82dd5ff99e580eb96477bfa10e9e6df3,2026-08-31T17:52:28Z,74914.86,1,135687.5568,0.00410746,10.17,1,135687.5568,0.00403204,9.98,-7.542e-05,-0.19,0,0.0,0.0,sold out in window
0x875be8d1ffb8f3ebc2870e31fb64fc1119d12ff9,2026-08-31T17:54:44Z,87861.62,1,135495.5435,0.0048105,11.9,1,135495.5435,0.00293431,7.26,-0.00187618,-4.64,0,0.0,0.0,sold out in window
0xdadf5fcac132d98f3a1138e52f19822d45b7a0a7,2026-08-31T17:24:40Z,90953.03,1,134685.9867,0.00495,12.25,1,134685.9867,0.00293852,7.27,-0.00201148,-4.98,0,0.0,0.0,sold out in window
0x5395c838517e675cfb0e4e3ef7768c5b9917e5b7,2026-08-31T17:40:48Z,63853.05,1,134293.8072,0.003465,8.58,1,134293.8072,0.00443717,10.98,0.00097217,2.41,0,0.0,0.0,sold out in window
0xa539dce97221e588e8be15b8c3cc7dc8eda25195,2026-08-31T17:27:58Z,68458.84,1,133945.0965,0.00370529,9.17,1,133945.0965,0.00296874,7.35,-0.00073655,-1.82,0,0.0,0.0,sold out in window
0xb911f665ebf1b0c235f7e392fb00699994765983,2026-08-31T17:22:30Z,66909.76,1,132950.2523,0.00359455,8.9,1,132950.2523,0.00364903,9.03,5.449e-05,0.13,0.0,0.0,0.0,sold out in window
0x25669e148e4a2810c8e56add8228c1e041ab7516,2026-08-31T18:03:47Z,67143.27,1,131888.6719,0.00357829,8.86,1,131888.6719,0.00268811,6.65,-0.00089018,-2.2,0,0.0,0.0,sold out in window
0xce64a060ce79cb7e1ca8f5499dab4e51c78c6119,2026-08-31T17:34:27Z,63984.66,2,129528.7198,0.0035739,8.84,1,55521.5662,0.00171159,4.24,0.00027609,0.68,74007.1536,74007.1536,7.92,still holds
0x6a594a691aa52b019812c9d875701895a6616596,2026-08-31T17:25:03Z,93425.73,1,126776.4355,0.00478598,11.84,1,126776.4355,0.00317496,7.86,-0.00161102,-3.99,0,0.0,0.0,sold out in window
0x733d9aeba7c0b2d95e7d794f7e778ee18f7f12b7,2026-08-31T17:25:25Z,72854.66,1,126234.0348,0.0037162,9.2,1,122091.6036,0.00302182,7.48,-0.00057243,-1.42,4142.4312,4142.4312,0.44,still holds
0x94a77ff7af3ad366fd52e6f33a984f19445fc25f,2026-08-31T17:23:39Z,73029.86,1,125200.6152,0.00369464,9.14,1,125200.6152,0.00454461,11.25,0.00084997,2.1,0,0.0,0.0,sold out in window
0x7fe1b28a51b04031a65e3b706486b84280d4b512,2026-08-31T17:23:58Z,71686.36,1,124653.475,0.00361083,8.94,3,124653.475,0.00473626,11.72,0.00112544,2.79,0.0,0.0,0.0,sold out in window
0x03bf7bc613bcd59f61180d6aebc4bab56b40f3f3,2026-08-31T17:21:25Z,59499.72,1,124279.6636,0.002988,7.39,2,124279.6636,0.00317464,7.86,0.00018664,0.46,0,169076.2338,18.09,still holds
0xbc4068ec63c114042a52dd3f9dda2146ece77c1d,2026-08-31T17:21:40Z,41040.95,2,123464.3885,0.00403647,9.99,2,123464.3885,0.00358212,8.86,-0.00045435,-1.12,0,0.0,0.0,sold out in window
0x9c078c454bdedea46dc790d0557f63bc4c958d89,2026-08-31T17:23:45Z,72848.66,1,122810.4169,0.00361512,8.95,1,122810.4169,0.00461346,11.42,0.00099835,2.47,0,0.0,0.0,sold out in window
0xf9da49b600228cab30639d5cb1d10220bfe3aaee,2026-08-31T17:25:44Z,79962.03,1,122559.1455,0.00396,9.8,1,122559.1455,0.00371426,9.19,-0.00024574,-0.61,0,0.0,0.0,sold out in window
0x13ba935cbcd89352b3008a9ffb8d735a912fc024,2026-08-31T17:23:31Z,58657.24,1,118582.147,0.00281065,6.96,1,118582.147,0.0028764,7.12,6.575e-05,0.16,0,0.0,0.0,sold out in window
0xe708231b205396dcfe4f185af6723ea3426bbe83,2026-08-31T17:21:20Z,55342.84,1,118321.2533,0.002646,6.55,1,118321.2533,0.00367894,9.1,0.00103294,2.56,0,0.0,0.0,sold out in window
0xdbf284dd057ba0cae6b23c1ac54804b9c97544ef,2026-08-31T17:21:20Z,55410.09,1,118177.6451,0.002646,6.55,1,118177.6451,0.00453456,11.22,0.00188856,4.67,0,0.0,0.0,sold out in window
0x6a1490481e8e3767593ccd6624276431fc67dbf1,2026-08-31T17:24:33Z,89628.5,1,115178.5829,0.00417142,10.32,1,115178.5829,0.00274986,6.81,-0.00142156,-3.52,0,0.0,0.0,sold out in window
0x4749e9147cc9508db9ed15ed68f087048f735f78,2026-08-31T17:24:28Z,78304.77,1,114448.6587,0.0036213,8.96,1,114448.6587,0.00345214,8.54,-0.00016916,-0.42,0,0.0,0.0,sold out in window
0x2cd9bfbfb65f288897a69124b0a5b01d76b42f92,2026-08-31T17:27:20Z,80947.32,1,113521.1295,0.00371317,9.19,1,113521.1295,0.00246387,6.1,-0.0012493,-3.09,0,0.0,0.0,sold out in window
0x65e930d318e55ea0aa83abc90de5daf2d8d9f044,2026-08-31T17:21:08Z,43783.24,1,113021.4092,0.00199956,4.95,1,113021.4092,0.00300523,7.44,0.00100567,2.49,0,0.0,0.0,sold out in window
0x9eb8a4301627fe8155f9339c6468b2d29baed33d,2026-08-31T17:27:25Z,80830.0,1,112348.7853,0.0036695,9.08,1,112348.7853,0.00261624,6.47,-0.00105325,-2.61,0.0,0.0,0.0,sold out in window
0xefd1744608e16eb2e60f2ec05097809d339455a3,2026-08-31T17:26:17Z,82316.77,1,111600.4152,0.0037121,9.19,1,111600.4152,0.00457826,11.33,0.00086616,2.14,0,0.0,0.0,sold out in window
0xd96405fa310d1fd392d5ed9b90b8e68813d4b236,2026-08-31T19:36:13Z,90302.46,1,110836.6272,0.00404435,10.01,1,110836.6272,0.00347694,8.6,-0.0005674,-1.4,0,0.0,0.0,sold out in window
0x5370ee4283a1ce02796196a760516d8721c68cf2,2026-08-31T18:14:50Z,64737.12,1,106253.0737,0.00277946,6.88,1,106253.0737,0.00313828,7.77,0.00035882,0.89,0,0.0,0.0,sold out in window
0xc236baf212ba943f33c32890403b7d9bf9a10c67,2026-08-31T17:21:08Z,43823.94,2,104193.9192,0.00208418,5.16,1,90432.187,0.00201785,4.99,0.00041645,1.03,13761.7322,13761.7322,1.47,still holds
0xff0b6e5ed9db1eb1ee86bf06db82a405a91e7d4c,2026-08-31T17:35:39Z,60513.34,1,103634.5415,0.00253409,6.27,1,91574.6244,0.00306849,7.59,0.0008293,2.05,12059.9171,12059.9171,1.29,still holds
0x7b8498ec542b66a0c6e93734452a0b9a08d033d8,2026-08-31T19:31:31Z,85493.46,1,99793.8689,0.00344748,8.53,1,99793.8689,0.00311524,7.71,-0.00033225,-0.82,0,0.0,0.0,sold out in window
0x4daa982f29fc88c57f26da51fca9918a05a4d6ff,2026-08-31T17:23:17Z,51144.11,2,96975.0512,0.00227614,5.63,2,96975.0512,0.0033576,8.31,0.00108147,2.68,0,0.0,0.0,sold out in window
0xbd94b743034c02cd398f048fcb31c695e80859bf,2026-08-31T17:23:29Z,55780.39,1,96657.0446,0.00217862,5.39,1,96657.0446,0.00290888,7.2,0.00073026,1.81,0,0.0,0.0,sold out in window
0xa53af7ecbaff71eeffc5a67b4476b41725787444,2026-08-31T17:21:16Z,50743.14,1,96565.5452,0.00198,4.9,1,96565.5452,0.0027456,6.79,0.0007656,1.89,0,0.0,0.0,sold out in window
0x300f1d90f174124e67dd71c5c1147d4936b893c5,2026-08-31T17:26:22Z,95379.92,1,93002.6255,0.00358441,8.87,1,93002.6255,0.00263724,6.53,-0.00094717,-2.34,0,0.0,0.0,sold out in window
0x5e3b5175743f6851c02b0baff1612a022d7af707,2026-08-31T17:26:33Z,95901.95,1,92587.7392,0.00358795,8.88,1,92587.7392,0.0021894,5.42,-0.00139855,-3.46,0,0.0,0.0,sold out in window
0x487408ea939139cae317e84d0d16b43a93a6a232,2026-08-31T17:26:49Z,77992.4,1,92342.0954,0.00291016,7.2,1,92342.0954,0.00218147,5.4,-0.00072869,-1.8,0,0.0,0.0,sold out in window
0xc00d596c1d26096ebb7e9b1d5b103837fc49ecc1,2026-08-31T19:02:27Z,94817.9,1,92146.6245,0.00353049,8.74,1,92146.6245,0.00263118,6.51,-0.00089931,-2.23,0,0.0,0.0,sold out in window
0x224912bdcdf8ee17e1eced1c8937211bb07d939b,2026-08-31T19:13:23Z,85555.97,1,91552.9382,0.00316511,7.83,1,91552.9382,0.00311703,7.71,-4.807e-05,-0.12,0,0.0,0.0,sold out in window
0x2a26d21e70ff305ead158920872e28f6364f921d,2026-08-31T17:23:32Z,65911.48,1,91006.9748,0.00242383,6.0,1,91006.9748,0.00295149,7.3,0.00052767,1.31,0,0.0,0.0,sold out in window
0xdd6a03f6b71ecc432e540fbb3ba4e474bbecdb9d,2026-08-31T17:21:09Z,43633.63,1,89915.6878,0.00158534,3.92,1,89915.6878,0.00249758,6.18,0.00091224,2.26,0.0,0.0,0.0,sold out in window
0x746c3286f0e53bf617da366ada9c380ce321ff8d,2026-08-31T17:24:47Z,94216.69,1,88756.5437,0.00337904,8.36,1,88756.5437,0.00285048,7.05,-0.00052857,-1.31,0,0.0,0.0,sold out in window
0x512d7f58d845b338ef65c331253a23f17f939b65,2026-08-31T17:24:04Z,68593.19,1,88600.1131,0.00245573,6.08,1,88599.0439,0.00241637,5.98,-3.933e-05,-0.1,1.0692,1.0692,0.0,still holds
0x9d6b2a05345734a4994a29f216e8adc97a293c88,2026-08-31T17:32:59Z,67170.34,1,87360.5926,0.00237115,5.87,1,87360.5926,0.00376455,9.32,0.0013934,3.45,0.0,0.0,0.0,sold out in window
0xc4a66291c1845ec5c0aed87deae0650a3e3a596e,2026-08-31T17:21:08Z,44016.09,1,85251.0366,0.00151627,3.75,1,85251.0366,0.00222884,5.52,0.00071257,1.76,0.0,0.0,0.0,sold out in window
0x25f507875784b1a16ef68c416d9f4fc0607bddb3,2026-08-31T17:23:06Z,56685.92,1,83099.0719,0.00190343,4.71,1,83099.0719,0.00260623,6.45,0.0007028,1.74,0,0.0,0.0,sold out in window
0x333bc55331e4b91c00ad2c8e28315bbd636571e8,2026-08-31T17:24:41Z,91081.88,1,80365.5123,0.00295779,7.32,1,80365.5123,0.00350901,8.68,0.00055122,1.36,0,0.0,0.0,sold out in window
0x2269c27eff0fa3fcac4521e2f2931b38798c5b15,2026-08-31T17:28:20Z,60880.77,1,79532.1357,0.00195654,4.84,1,79532.1357,0.00202644,5.01,6.99e-05,0.17,0,0.0,0.0,sold out in window
0xb9d84566cc4fa74576dcc193c932eb6c122c0a54,2026-08-31T17:25:41Z,76149.84,1,77699.8013,0.00239086,5.92,1,77699.8013,0.00191271,4.73,-0.00047816,-1.18,0,0.0,0.0,sold out in window
0x80d8fbcaf581bd47ee4251e9a3938a7904571725,2026-08-31T17:35:45Z,60452.5,2,76724.7815,0.00210788,5.22,1,50671.6155,0.00174503,4.32,0.00050725,1.26,26053.166,0.0,0.0,exited after window
0x181b89f7b1e4ced2c6962bf5ee9fdb2c44552f63,2026-08-31T17:25:27Z,71540.12,2,75545.8707,0.00216988,5.37,1,75545.8707,0.00242521,6.0,0.00025533,0.63,0,0.0,0.0,sold out in window
0xf451638e3466ac35264386909d3e738da354c33d,2026-08-31T18:03:26Z,67107.55,1,74203.4647,0.00201215,4.98,1,74203.4647,0.00284091,7.03,0.00082876,2.05,0,0.0,0.0,sold out in window
0x9d8f071de3905a2749503c574a6b628f4113dcc7,2026-08-31T17:23:15Z,56049.19,1,73885.8603,0.00167339,4.14,1,73885.8603,0.0021118,5.23,0.00043842,1.08,0,0.0,0.0,sold out in window
0x78fbd92bded9383edb78c6f403f8bf0b8bf883a8,2026-08-31T18:03:38Z,67051.54,1,73447.7858,0.00199,4.92,1,73447.7858,0.00283401,7.01,0.00084401,2.09,0,0.0,0.0,still holds
0xa7171d32ad89d6a90022c8616ae828125e847a26,2026-08-31T18:30:04Z,54812.39,1,73137.1334,0.00161988,4.01,1,73137.1334,0.00194646,4.82,0.00032659,0.81,0,0.0,0.0,sold out in window
0x3e31670a531466c22a6026905f013193b12763a1,2026-08-31T17:23:15Z,56091.72,1,72899.8024,0.00165231,4.09,1,72899.8024,0.00268755,6.65,0.00103525,2.56,0.0,0.0,0.0,sold out in window
0xb73f4da0e8058f8d83dd18d697d023aa91b4c119,2026-08-31T17:29:35Z,58569.84,1,71751.3401,0.00169813,4.2,1,71751.3401,0.00200328,4.96,0.00030516,0.76,0,0.0,0.0,sold out in window
0x8c7dfea7f405f98cc083ab04888c17f8a143ccf5,2026-08-31T17:27:03Z,81755.29,1,69695.8458,0.00230244,5.7,1,69695.8458,0.0015436,3.82,-0.00075884,-1.88,0.0,0.0,0.0,sold out in window
0x23af442a08d1f372f9ea2a32a5e4a38a0eff738b,2026-08-31T17:26:29Z,95872.07,1,67412.2576,0.00261154,6.46,1,67412.2576,0.0015288,3.78,-0.00108274,-2.68,0,0.0,0.0,sold out in window
0x903f03ba9bbd7e7ab1474cc45044f4874ab90e35,2026-08-31T17:25:54Z,73190.02,1,66949.555,0.00198,4.9,1,66949.555,0.00148235,3.67,-0.00049765,-1.23,0,0.0,0.0,sold out in window
0xb8f156c745139c25cb0e6fa00627b376f61b0dae,2026-08-31T17:26:05Z,74386.91,1,66870.9812,0.00201002,4.97,1,66870.9812,0.00235493,5.83,0.00034492,0.85,0,0.0,0.0,sold out in window
0xc8cb456f3e88123a23037c057455322eba7b2032,2026-08-31T17:59:30Z,60989.69,1,66778.1999,0.00164572,4.07,1,66778.1999,0.00179311,4.44,0.00014738,0.36,0,0.0,0.0,sold out in window
0x2d390252d1914faa5bf31d481a10506073121e99,2026-08-31T17:33:25Z,68434.45,1,60892.0443,0.00168384,4.17,1,60870.0206,0.00154193,3.82,-0.00014131,-0.35,22.0237,22.0237,0.0,still holds
0x6dc9b8afed2808efe182c31c6e30f6788c47dfbd,2026-08-31T17:37:41Z,69176.26,1,60393.369,0.00168815,4.18,1,60393.369,0.00162282,4.02,-6.534e-05,-0.16,0,0.0,0.0,sold out in window
0xedbc1dfbc1ab1b7d147ef6c4464839400d02e17a,2026-08-31T17:24:07Z,68276.38,1,57861.5016,0.00159634,3.95,1,55734.9783,0.00161735,4.0,7.967e-05,0.2,2126.5233,2126.5233,0.23,still holds
0x30e47e7510a45a9d706bb27cde32fc4554deefaf,2026-08-31T17:23:39Z,72951.47,1,56942.0095,0.00167854,4.15,1,56942.0095,0.00162962,4.03,-4.893e-05,-0.12,0,0.0,0.0,sold out in window
0xa42890b3b60399893849e1f0aea8c1a4b53fe9e2,2026-08-31T17:23:38Z,72903.58,1,54495.6377,0.00160537,3.97,1,54495.6377,0.00133918,3.31,-0.00026619,-0.66,0,0.0,0.0,sold out in window
0xa26d91d9fbecd9a0ef05516134f19810b04cc64e,2026-08-31T17:23:46Z,72924.74,1,54389.4477,0.00160271,3.97,1,54389.4477,0.00224609,5.56,0.00064338,1.59,0,0.0,0.0,sold out in window
0xa544b3010ac1573ceab088843caf5347dd1847c3,2026-08-31T17:26:56Z,78031.39,1,53702.8111,0.00169329,4.19,1,53702.8111,0.00128791,3.19,-0.00040538,-1.0,0,0.0,0.0,sold out in window
0x9f5bb67268556400661579f66fa326fb56505f64,2026-08-31T19:11:24Z,91659.76,1,53458.9994,0.00198,4.9,1,53458.9994,0.00182532,4.52,-0.00015468,-0.38,0,0.0,0.0,sold out in window
0x40b537b0f5951c13fe5bfa54dd65433859dd213f,2026-08-31T17:24:29Z,78385.09,1,53399.9003,0.00169137,4.19,1,53399.9003,0.00126054,3.12,-0.00043083,-1.07,0,0.0,0.0,sold out in window
0xaed8c81ed5c42015eaa43f3f0a9632a6c2198cd5,2026-08-31T17:25:34Z,74431.54,1,51784.0036,0.00155746,3.85,1,51784.0036,0.0019947,4.94,0.00043724,1.08,0,0.0,0.0,sold out in window
0x2bef29e5324a9710446a40bc6a0f1697ad2abfad,2026-08-31T17:25:18Z,81880.55,1,51290.2832,0.001697,4.2,1,51290.2832,0.00117684,2.91,-0.00052016,-1.29,0,0.0,0.0,sold out in window
0x1dfeb69a9468724a1215fc52fea029188c425c07,2026-08-31T17:27:09Z,81816.96,1,51140.3473,0.00169072,4.18,1,51140.3473,0.00122492,3.03,-0.00046581,-1.15,0,0.0,0.0,sold out in window
0xbfd99c34ab74f44ff45dcf9dafb4b1d0aa58c7ea,2026-08-31T17:26:17Z,82400.65,1,51053.1386,0.00169988,4.21,1,51053.1386,0.00126131,3.12,-0.00043857,-1.09,0,0.0,0.0,sold out in window
0xf5c17ab212a1438526931416e06f8f7c716a3fa8,2026-08-31T17:28:37Z,63246.78,1,50404.3676,0.00128817,3.19,1,50404.3676,0.00120947,2.99,-7.869e-05,-0.19,0.0,0.0,0.0,sold out in window
0xda43dc8ad682a1a7a415b36c9e37e807e356bff1,2026-08-31T17:24:59Z,101662.19,1,48551.2878,0.00199446,4.94,1,48551.2878,0.00153992,3.81,-0.00045455,-1.12,0,0.0,0.0,sold out in window
0xbc7a49a45cf816092ae7d63fbcea5a0251cb23ee,2026-08-31T17:26:44Z,88120.56,1,47537.3903,0.00169269,4.19,1,47537.3903,0.00122131,3.02,-0.00047139,-1.17,0,0.0,0.0,sold out in window
0x399af2aaa16b12ca8b9da9ebb7620c7d162bc7bb,2026-08-31T17:25:41Z,76206.15,1,45046.0893,0.00138712,3.43,1,45046.0893,0.00133166,3.3,-5.546e-05,-0.14,0,0.0,0.0,sold out in window
0x8fca159b0b56bf7ad62c40664ae00a27f0e75409,2026-08-31T17:25:23Z,75206.51,1,43504.884,0.00132208,3.27,1,43504.884,0.00141721,3.51,9.513e-05,0.24,0,0.0,0.0,sold out in window
0x361686f6ec5d20ea955a23a85583263ddcc3f409,2026-08-31T17:28:43Z,63225.43,1,43445.4537,0.00110995,2.75,1,43445.4537,0.00101778,2.52,-9.217e-05,-0.23,0.0,0.0,0.0,sold out in window
0x23c29469dea836879f4205d9946cf7d4165849c8,2026-08-31T17:26:22Z,95467.66,1,43421.815,0.00167506,4.15,1,43421.815,0.00126076,3.12,-0.00041429,-1.03,0,0.0,0.0,sold out in window
0xdbea8a69fb310990bf84d513f0e45fd307030a8a,2026-08-31T20:40:21Z,78908.72,2,39713.6708,0.00135266,3.35,1,32318.78,0.00101679,2.52,0.00101679,2.52,39713.6708,2293967.3992,245.45,still holds
0x643841f822e90fd7b31aeb02970e0682a83eafe6,2026-08-31T17:23:24Z,55076.02,1,39699.4358,0.00088351,2.19,1,39699.4358,0.00160896,3.98,0.00072545,1.8,0.0,0.0,0.0,sold out in window
0x9e0d742e34581e80c9c9720058187842ad06b1e7,2026-08-31T18:09:30Z,57111.13,1,38394.0274,0.00088603,2.19,1,38394.0274,0.00107128,2.65,0.00018525,0.46,0,0.0,0.0,sold out in window
0x4bc3be50db98b37803b425420d6300aed06aa757,2026-08-31T17:23:32Z,65864.03,1,37573.8843,0.001,2.47,1,37573.8843,0.0008806,2.18,-0.0001194,-0.3,0,0.0,0.0,sold out in window
0x41d272451a9e22ea5482fe28f85b5475009b7510,2026-08-31T17:23:16Z,52981.32,1,36466.2697,0.00078069,1.93,1,36466.2697,0.00083622,2.07,5.552e-05,0.14,0,0.0,0.0,sold out in window
0xd1f836d11e65f2d456e0d2c076bb1d7050e4d79a,2026-08-31T21:04:03Z,109184.14,1,36399.0637,0.00160589,3.97,1,36399.0637,0.00159027,3.94,-1.562e-05,-0.04,0,0.0,0.0,sold out in window
0xf40d13643e2af8115dbdf02fd839c69371af7d8e,2026-08-31T17:25:41Z,76242.41,1,33909.5185,0.00104468,2.59,1,33909.5185,0.00081285,2.01,-0.00023183,-0.57,0,0.0,0.0,sold out in window
0x19b2cf2aea1a58312c69ec7d5113c3b0ab733192,2026-08-31T17:49:23Z,79288.47,1,33788.9861,0.00108256,2.68,1,33788.9861,0.00098,2.43,-0.00010256,-0.25,0.0,0.0,0.0,sold out in window
0x9162cf52066190c74e020e5566d63c5d8d2e19bb,2026-08-31T17:23:59Z,71745.75,2,33492.8055,0.00099,2.45,1,25119.6042,0.00078315,1.94,4.559e-05,0.11,8373.2014,0.0,0.0,exited after window
0x5bf7f3614a815d88f09645ff90807a9d81d4eb95,2026-08-31T17:23:15Z,59438.53,1,33307.2389,0.00079997,1.98,1,33106.0054,0.00081932,2.03,2.418e-05,0.06,201.2335,201.2335,0.02,still holds
0xeb635a13bc85e8764292b1745a49600fd8036166,2026-08-31T18:03:27Z,67148.17,1,32838.0889,0.000891,2.21,1,32838.0889,0.00105161,2.6,0.00016061,0.4,0,0.0,0.0,sold out in window
0x49554513d96a7856c23a3494ae97f5b1ea1e8d86,2026-08-31T17:24:33Z,93961.55,1,32371.8287,0.00122909,3.04,1,32371.8287,0.00088299,2.19,-0.0003461,-0.86,0,0.0,0.0,sold out in window
0x7334522da951372a5d8eecb0cecd7116f99e4b60,2026-08-31T17:24:42Z,91149.09,1,31630.1431,0.00116498,2.88,1,31630.1431,0.0009382,2.32,-0.00022678,-0.56,0.0,0.0,0.0,sold out in window
0xe4ee7d2f752ba508f929c54ed0d50f1b50a89ff3,2026-08-31T17:26:41Z,93199.51,1,31314.9478,0.00117932,2.92,1,31314.9478,0.00099164,2.45,-0.00018768,-0.46,0,0.0,0.0,sold out in window
0x83b02a01079c60b50e900f3d3b7dfb12863291c3,2026-08-31T18:03:21Z,67068.33,1,29224.1619,0.000792,1.96,1,29224.1619,0.00065974,1.63,-0.00013226,-0.33,0,0.0,0.0,sold out in window
0x302bdec8201001dbcebfdb3ffcbd976e0522ce9f,2026-08-31T17:27:22Z,80759.98,1,27354.0406,0.00089265,2.21,1,27354.0406,0.00082329,2.04,-6.936e-05,-0.17,0,0.0,0.0,sold out in window
0x267e0a760b9a821541dce1cd56fdfbbf661baedc,2026-08-31T17:45:08Z,73382.89,1,23941.8538,0.00070993,1.76,1,23941.8538,0.00103801,2.57,0.00032808,0.81,0,0.0,0.0,sold out in window
0x01d9c8c3e2fdb4bd46e204da739f530a757093c1,2026-08-31T17:24:46Z,93959.3,1,23828.7377,0.0009047,2.24,1,23828.7377,0.00085604,2.12,-4.867e-05,-0.12,0,0.0,0.0,sold out in window
0xd37b7b4ea769716a7b7f703b65bacbd895129991,2026-08-31T17:43:04Z,70399.36,1,22804.8973,0.00064873,1.61,1,22804.8973,0.00099645,2.47,0.00034773,0.86,0.0,0.0,0.0,sold out in window
0xf439aea5417a0d63fa2090d45ba500cfce4b02e4,2026-08-31T17:26:36Z,95035.78,1,22080.1259,0.00084792,2.1,1,21800.4709,0.00080593,1.99,-3.125e-05,-0.08,279.655,279.655,0.03,still holds
0x1d1f60733d63892761ab08a99190dcb26370dca6,2026-08-31T17:26:55Z,77679.72,1,22007.2716,0.00069078,1.71,1,22007.2716,0.00083199,2.06,0.00014121,0.35,0,0.0,0.0,sold out in window
0x09237ddf31868391b3eb7513a38ce3b4c9d7323e,2026-08-31T17:29:37Z,59377.6,1,20630.8404,0.000495,1.23,1,20630.8404,0.00046738,1.16,-2.762e-05,-0.07,0,0.0,0.0,sold out in window
0xa0389008cbe6292413e66dc5f51da08da25d78b7,2026-08-31T17:27:13Z,84251.78,1,18284.4977,0.00062248,1.54,1,18284.4977,0.00046267,1.15,-0.00015981,-0.4,0,0.0,0.0,sold out in window
0xfb9b05854099243d32b87524107ca653422f2a73,2026-08-31T18:03:40Z,67086.29,1,18260.2099,0.000495,1.23,1,18260.2099,0.00057034,1.41,7.534e-05,0.19,0,0.0,0.0,sold out in window
0xa465d359c78c40937b2cebf03be6b8de7a575dd3,2026-08-31T17:24:33Z,85574.96,1,14459.6473,0.0005,1.24,1,14459.6473,0.00054108,1.34,4.108e-05,0.1,0,0.0,0.0,still holds
0xc9541406a3424fdf9c48016f76ed86389aef52c9,2026-08-31T17:24:10Z,66628.68,1,3714.2672,0.0001,0.25,1,3714.2672,0.00010963,0.27,9.63e-06,0.02,0.0,0.0,0.0,sold out in window
