wallet,n_tokens,tokens,total_realized_usd,NTF_realized_usd,PONS_realized_usd,AI_realized_usd,QUANT_realized_usd,NTF_still_holding,PONS_still_holding,AI_still_holding,QUANT_still_holding,clusters
0xf197e981c934f87b6a63e03d5c279aab000a34e0,2,AI+NTF,15911.94,12905.96,,3005.98,,False,,True,,
0x8a3c26c0564da01152672184757007f0c5844788,2,PONS+QUANT,3386.21,,121.35,,3264.86,,True,,False,ntf-s006 quant-s031 pons-s037
0xaf25d554e5cc9ad2adea0d84d7ad7ae180f082c0,2,NTF+QUANT,1791.28,1856.0,,,-64.72,False,,,False,
0x0a632a6115984735e8726bdb2e3b3b98a2d55aa4,2,AI+QUANT,1341.41,,,276.13,1065.28,,,False,False,
0x35b01f4d927bf314bfca1489d96f7c5a33902d6f,2,AI+PONS,1283.66,,0,1283.66,,,False,False,,
0x0b0ac32c5f8771027cf70ea201ef3fa1d7c541d1,2,NTF+QUANT,1196.33,0,,,1196.33,False,,,False,
0x2709811df9b4bf39470c0b9021d231760ee46246,2,AI+PONS,1148.67,,1148.67,0,,,False,False,,
0x8dd84e0b7b4c1f84fd5d628a029503ef7368147f,2,AI+PONS,1091.81,,832.89,258.92,,,False,False,,
0x182d0928ea38b897f33ecfd7f67735fc351b7658,2,AI+PONS,1049.11,,814.68,234.42,,,False,False,,
0xd1039c6fa0da0f38c60a03748e225dd4c42f398f,2,AI+PONS,1024.87,,784.47,240.4,,,False,False,,
0x29496b7bf2595db8d71c3c15548cab8f85b04771,2,AI+PONS,1018.79,,271.77,747.01,,,False,False,,
0xd2b67f43cfe515718fa52fe73501150956bb9783,2,AI+PONS,1007.39,,767.3,240.09,,,False,False,,
0x49d10829c285feff91406ede1e411f0fa95e62f7,2,AI+PONS,989.6,,748.02,241.59,,,False,False,,
0x82370d6c5a04e0812bcd7877cf5db10acd894cca,2,AI+PONS,946.43,,717.59,228.84,,,False,False,,
0x9b4119b5728f5db6aef0f4cbe7e65cc62dab1be4,2,AI+PONS,933.09,,705.31,227.78,,,False,False,,
0x14078a75f65dc072fe76960aa2769157e443b1d1,2,PONS+QUANT,929.99,,535.63,,394.36,,True,,False,
0x5c04c202c95e5af69f2148b72aa88c39fb8534f6,2,AI+QUANT,923.98,,,861.12,62.86,,,False,False,quant-s007 ai-s011 ai-s013
0x18ace1a4d09735932a02ddf1df8a3a98d2b3e717,2,AI+PONS,922.39,,675.89,246.51,,,False,False,,
0xc711d1720f5a72a552804884bb433e7fd4a177de,2,AI+PONS,902.99,,652.48,250.51,,,False,False,,
0x4f67f52147c6bc03563772fa3d7af3adffb92110,2,AI+PONS,872.04,,328.32,543.72,,,False,False,,
0x7bdb7f3c8865a098638e5e53ecffc7d817907bae,2,NTF+QUANT,797.91,810.47,,,-12.57,False,,,False,
0xd77033a7f57ebbadfce5adf9ab086bd4c4b6c509,2,NTF+QUANT,710.42,62.74,,,647.67,False,,,False,
0x2bebe7c68342da9e1deabc8298b4165d4c0846e3,2,NTF+QUANT,680.31,687.07,,,-6.75,False,,,False,
0x0c60b95f733dd763433af9f4ade6a5a0d389a52d,2,AI+PONS,653.32,,505.6,147.72,,,False,False,,
0x2e22d3210ce446dfd9192a6ae3f913fd2189b8de,2,NTF+QUANT,639.25,647.46,,,-8.21,False,,,False,
0xcb5ace158a4d33a018a50dd237fd32be1140bb44,2,NTF+QUANT,633.98,645.45,,,-11.47,False,,,False,
0x6229451194c378af83d128c86c60a80c074182a7,2,NTF+QUANT,623.71,631.0,,,-7.29,False,,,False,
0x03ad9259a227e44886c6b1c1833c2e79379b976a,2,PONS+QUANT,607.9,,238.77,,369.13,,False,,False,
0x348d744aa27fbef5ed3d1e568171069a18eb654e,2,NTF+QUANT,600.62,612.6,,,-11.97,False,,,False,
0xf1bb90690c36eacbc5e6d0c8d8e5e65e98c6f9a8,2,NTF+QUANT,576.87,587.68,,,-10.81,False,,,False,
0xa1a5b1351a46c2a7e32b552dd7d5066ddfbf55a3,2,NTF+QUANT,542.51,554.96,,,-12.45,False,,,False,
0x6380bf5d8dfffcf1253bd52f6d28c9c488b7bf8c,2,AI+PONS,518.64,,362.86,155.78,,,False,False,,
0xd52ee7f9376456a9cb77c66fe91f5711c12ee473,2,NTF+QUANT,498.97,504.03,,,-5.06,False,,,False,
0x1870c9f785a92dffcbababc1b1a2cc17ed2be369,2,PONS+QUANT,492.31,,492.31,,0,,False,,False,
0x7ed532770d81e5b87d445b35559124485e3a9aed,2,PONS+QUANT,483.6,,483.6,,0,,False,,False,
0x92a8d5ce2ecc201be0d707f4922ab6484bb50d61,2,AI+PONS,443.59,,219.51,224.07,,,True,False,,
0x0b19aa36a398b54e9038722b0ea2ca4c3c6eaecd,2,NTF+QUANT,425.56,435.32,,,-9.76,False,,,False,
0xd5583ade87da0a84c72fa1e941c732ccb0a32648,2,AI+PONS,324.85,,18.65,306.2,,,False,False,,
0xadbda56c37f2bb25224982d8ea37d973adfbce96,2,AI+PONS,322.14,,16.63,305.5,,,False,False,,
0x29909b9c97845d5eb998b4aa41664a46c5dc35c6,3,AI+PONS+QUANT,282.28,,4.79,17.04,260.46,,False,False,False,
0x8ac71f937ede0e4dd49853d194b576cc5f3634ad,2,PONS+QUANT,267.64,,21.93,,245.7,,False,,False,
0x78b48c0532667499caa7acadd27fb5d9f1f6c414,2,NTF+QUANT,263.21,-61.21,,,324.43,False,,,False,
0xf924fabbb191405f7cff3d1dce79db5bca010d7e,2,AI+QUANT,256.7,,,-54.7,311.4,,,False,False,
0x2f268190f9c97b14f3c81842c5daf10e694dee69,3,AI+PONS+QUANT,235.44,,59.79,299.65,-123.99,,False,False,False,
0xad41b4abcf756b5192317e3a978520df6a3412c2,2,AI+PONS,224.81,,36.64,188.17,,,False,False,,pons-s011 pons-s014 ai-s003 ai-s006 ai-s010 ai-s021 ai-s022 ai-s024 ai-s028 ai-s040
0x6d08df670b62fd2d0fea3f4c6c0c4de75bd6f15e,2,AI+PONS,202.85,,-103.79,306.64,,,True,False,,pons-s006 pons-s014 pons-s029 pons-s032 pons-s042 ai-s001 ai-s003 ai-s005 ai-s006 ai-s007 ai-s008 ai-s011 ai-s016 ai-s018 ai-s020 ai-s021 ai-s025 ai-s029 ai-s032 ai-s037
0x75484c9f5f3f5c3b6cf93edddaa751114eca4f32,2,NTF+QUANT,190.26,-11.22,,,201.48,False,,,True,
0x6d0db8c738f5762b2124a39a004721c66fde20a3,2,AI+PONS,181.63,,428.36,-246.74,,,False,False,,
0xb29de48c52175cf0cfdf0265169c9f850e31da81,2,PONS+QUANT,176.44,,55.08,,121.37,,False,,True,
0xf4bedf1ce7c20ac2e450bcc7850984361de555e8,2,PONS+QUANT,164.53,,48.35,,116.19,,False,,True,
0x4bd8598cdca1b218f2f964f3832ebbea354383b8,2,PONS+QUANT,162.33,,46.88,,115.46,,False,,True,
0x69859d1dec2fab389a5da6fc83b2bf2900aafec6,2,PONS+QUANT,161.2,,47.24,,113.96,,False,,True,
0xb1764e627a568b344bc2fa25ca7fd44364105ac0,3,AI+PONS+QUANT,157.91,,157.91,0,0,,False,False,False,pons-s010 pons-s024
0xd796d95e0784e557bcde89d8f6ca244926b830e6,2,AI+PONS,155.87,,109.41,46.46,,,False,False,,
0x2d1b113a8c6e16608a61f8556614cf3e09b911b4,2,AI+NTF,155.03,175.45,,-20.41,,False,,False,,
0xecfe8de3f57285c3909f92a47cd7d2cd02154e65,2,PONS+QUANT,152.86,,40.23,,112.64,,False,,True,
0x8b3e705ca70e15046ce943b5d1e2eaa48642839b,2,PONS+QUANT,151.7,,37.31,,114.39,,False,,True,
0xf1462d010ab43bd33306631f4901ed092eac7c87,2,PONS+QUANT,149.32,,48.61,,100.71,,False,,True,
0x0a4eeaaced0005c13355df625f21945af7d583de,2,PONS+QUANT,145.62,,40.66,,104.96,,False,,True,
0xd027be447acbd841fd01ca064e769d6e3e240630,2,AI+PONS,144.42,,-19.9,164.32,,,False,False,,pons-s030 ai-s002 ai-s005 ai-s009 ai-s029 ai-s035
0x7e07d5213b81e2311f6e8a5a048b9b7b5e6aef76,2,PONS+QUANT,143.67,,90.54,,53.13,,False,,False,
0x2429d3248b0123b7483e498151be1eedcc389981,2,AI+NTF,127.32,105.98,,21.34,,False,,False,,
0xa83b73f5644cde337b61da79589f10ea15548811,2,AI+QUANT,126.34,,,-0.54,126.88,,,True,False,
0x4f8a5b6dfdad1add755970eea86edcf40c9cdead,2,AI+PONS,124.63,,252.94,-128.31,,,False,False,,
0x20f7482e1443b116036a5752c2e4c419eebd783f,2,NTF+QUANT,120.74,109.97,,,10.77,False,,,False,quant-s033
0x0082a884c553cf87a26ddca42283f7397ccfd3e1,2,AI+PONS,117.81,,0,117.81,,,False,False,,
0x498e1035decba5130e8a26a905ebf2a0fad20534,2,AI+PONS,111.33,,107.37,3.96,,,False,False,,
0xc8923f7d3a718cd0453a7300e7bc4e105c5ae9d9,2,AI+PONS,110.29,,137.39,-27.11,,,False,False,,pons-s002 pons-s017 ai-s017
0x0f8a3c9563d754021b7a8f5ca4522a5571668c7c,2,AI+NTF,110.0,110.33,,-0.33,,False,,False,,
0x0c93859953bbcd0e3c1761798a5b9a1e45dba138,2,NTF+QUANT,100.4,102.79,,,-2.39,False,,,False,
0x24f5553e41b7a65644c977aa5d06df2028434e6d,2,AI+QUANT,99.86,,,-3.63,103.49,,,True,False,
0x0580d8cef2447af63efa30e43bc736b57bf97020,3,AI+PONS+QUANT,94.13,,-6.2,60.93,39.4,,False,False,False,
0x80974831ad202a5cfd49f6ec08970375cfc6f9a4,3,AI+PONS+QUANT,92.11,,-13.33,68.72,36.72,,False,False,False,
0x964bf6bfe2aa45d145ca4476b64294d6b390369f,2,PONS+QUANT,89.08,,-570.98,,660.06,,False,,False,
0xd7655e4255bb6c2e3ca036593b0236c46b904db6,2,AI+QUANT,87.92,,,103.06,-15.14,,,False,False,
0x59495c0497abb3c2a60eb7df89b6ad94df8b6993,2,AI+QUANT,77.7,,,15.88,61.82,,,False,False,
0xa854d218a1cc1e9f956c46e85095d09d0f479a5b,2,AI+PONS,76.53,,60.45,16.08,,,False,False,,pons-s026 pons-s028 ai-s023
0x066f75a65965fc420f36566b913bde046fcd8c9b,2,AI+PONS,74.85,,25.85,48.99,,,True,True,,
0x3733eaeb7fb197759da664f3b2ae62964e6524ae,2,NTF+QUANT,74.65,74.67,,,-0.02,False,,,False,ntf-t127 quant-s048
0x0b854b7bb40c48a77e2e5f1b21ffd6b45b6335a4,2,AI+PONS,68.67,,0,68.67,,,True,False,,
0xa55bc8f356f7c232ff87ac034ff364d3a5298681,2,AI+PONS,64.7,,33.04,31.66,,,False,False,,
0xe6a4231ebcb2792054b11294c6429f700b139cb7,2,AI+PONS,59.95,,-4.76,64.71,,,False,False,,
0x6398cc73d910314a56332cb066b93433b7eb245e,2,AI+PONS,52.63,,42.72,9.92,,,False,False,,pons-s009 pons-s010 pons-s013 pons-s028 ai-s024
0x97257bbade12dc2d5f85c86120f8750ce6abff88,2,AI+PONS,50.89,,58.83,-7.94,,,False,False,,pons-s007 pons-s009 pons-s029 pons-s030 ai-s038
0x2337fb6c925c3b194c4f73de81e91e8223607469,2,PONS+QUANT,45.48,,-1.99,,47.47,,True,,False,
0x264da0a09103c919c0d236dfd40cae608fdef194,2,AI+PONS,43.15,,49.87,-6.72,,,False,False,,pons-s003 pons-s018 ai-s016
0x36b955d85bf58062a5006ac4da3a39443da33abc,2,AI+QUANT,42.72,,,-21.17,63.89,,,False,False,
0x2e27296db73efa090c33823b0b637f031d1a1f97,3,AI+PONS+QUANT,37.23,,86.8,0,-49.57,,True,True,False,
0x6d3b112a11a8302285a28a43be0f2a49058f87c0,2,AI+PONS,33.0,,24.53,8.47,,,False,False,,
0xe00ece45e3dd0aae8f845ae1274e37c672f7f9d4,2,AI+PONS,32.94,,9.96,22.98,,,False,False,,pons-s023 ai-s029
0x2cd3e90e68e35c6be258ed7b2b4418c335f379ae,2,AI+PONS,27.52,,-4.73,32.25,,,False,False,,
0xc823517c91b0d910c2ea5a872e9e786d8a72b4e6,2,AI+PONS,22.86,,28.16,-5.3,,,False,False,,pons-s001 ai-s020
0x7d62eb44e1924cb75bd3188ea32043407cfcd602,3,AI+NTF+PONS,22.85,6.18,17.7,-1.02,,False,True,False,,
0x3c2833fb8ae53013b45dd057eb1328d58b3dd56b,2,AI+PONS,20.55,,-2.93,23.48,,,False,False,,
0x05edbb8e5c505357d794ecf0ed5a9af3aea42cf8,2,AI+PONS,18.92,,18.92,0,,,False,False,,pons-s005
0x6bf0e60c9f535b40e7f90443be4145eed317f5c4,3,AI+PONS+QUANT,17.94,,-11.26,23.85,5.35,,False,False,False,
0x28e8108e50b88d069843b5063c6554a29a094bfc,2,AI+PONS,14.91,,9.91,5.01,,,False,False,,
0xa63d8e8a4dd26544d56d4a015792c3df06e97f25,2,AI+PONS,14.13,,0,14.13,,,False,True,,
0x4a5a42ad93c38b21745664622cd1c4b8827c6788,2,AI+QUANT,9.1,,,9.1,0,,,False,False,
0x5a94bcee11ba77c68744269056c854f837b1d44e,2,AI+PONS,8.55,,8.55,0,,,True,False,,
0x9166ba373364df1834f220996fe0d3cef94981fe,2,AI+PONS,8.45,,8.45,0,,,False,False,,pons-s012 pons-s021 pons-s041
0xca052074fd3a5a7f199867cd00c9e439ba67f550,2,PONS+QUANT,7.79,,7.39,,0.41,,True,,False,quant-s001 pons-s008 pons-s019
0x21ed82825d54d5a339cdfc5ffd39f30e1e756472,2,AI+NTF,6.72,0.63,,6.09,,False,,False,,
0xa5f64c192ef53d38ce20a45e44c1d18c4de8a022,2,AI+PONS,6.49,,10.18,-3.7,,,False,False,,pons-s005 ai-s008 ai-s020
0xbad897f440f771672d9d9ad72f5d4adadaba60a9,2,AI+PONS,4.8,,6.6,-1.8,,,True,False,,pons-s023 pons-s029 ai-s006 ai-s011
0x466660f23409f663bce6e8b666957141abaf3912,2,AI+PONS,4.01,,4.18,-0.17,,,False,False,,pons-s034 ai-s026
0x6e2f02d431befe77d46adef447bbd5207890e667,2,AI+PONS,3.83,,-19.35,23.18,,,False,False,,
0xd4296b91f364debec60db641c105a7a72a7b8c90,2,AI+QUANT,3.25,,,3.25,0,,,False,True,
0xf4ea5d776eb9481fcc5e49a1e2fcb32d03dc1e2c,2,AI+NTF,2.66,-2.73,,5.39,,False,,False,,
0x67a5caf000cacc7315b45bd26685e01f6ed239bc,2,AI+PONS,1.7,,1.98,-0.28,,,False,False,,
0xdc387ae0f4d278fda60bbd9ead307d197ac769f1,2,AI+PONS,1.55,,6.02,-4.47,,,False,False,,pons-s007 pons-s034 ai-s009
0xbd4f9a28b8a15f862c67a0631fa8d327ad98e71b,2,AI+PONS,1.48,,1.25,0.23,,,False,False,,pons-s042 ai-s015 ai-s019
0x14d514a2c4630306ac8c097c9181037db46a36ba,2,AI+PONS,1.43,,-0.93,2.36,,,False,False,,
0x531c230288aa91a238e843c91f91a7a8c1186e85,2,AI+QUANT,0,,,0,0,,,False,True,
0x01e7b7efee5150b83b4448f85ffee9d9e867e3c4,2,AI+PONS,0,,0,0,,,True,True,,
0x247ce2933a28d4101ad237796dc8b612eb4a25f0,2,AI+PONS,0,,0,0,,,True,False,,
0x638efb1e677759c527c4ec5b877b665ddd0db692,2,AI+PONS,0,,0,0,,,False,False,,
0xb6bb4d9fc0baf9647cdf266a5111de8e0e7f6360,2,AI+PONS,0,,0,0,,,False,False,,
0xa97a91ed70b8bc8fd202d5e4704ade94e0acb8e0,2,AI+QUANT,0,,,0,0,,,False,False,
0x44fd29858679fbe01e5b91b23a7b2014098901fb,2,AI+PONS,-1.03,,4.25,-5.28,,,False,False,,pons-s035 ai-s033
0x0eb022517cb68789bda535aef86730a63579a94b,2,AI+PONS,-1.36,,0.44,-1.8,,,False,False,,pons-s039 ai-s008
0xf6f82aa38f503caaa2f97e55244889e48b99e17e,2,AI+PONS,-3.52,,0.73,-4.24,,,False,False,,pons-s035 ai-s015
0xbb425b1a6e5a07487cd14a13064a4e226d951d49,2,AI+QUANT,-6.93,,,-6.93,0,,,False,False,ai-s027
0x8b4ae8bc3cfaacbc01060d5d0091ba7382178fb6,2,AI+PONS,-8.36,,-8.36,0,,,True,False,,
0xbf1c2724a07365cb7f2946acebe160eef8948db4,2,AI+PONS,-9.14,,-10.71,1.57,,,False,False,,pons-s001 ai-s014
0x3e1d3bf40c7f37b056bd82d5e4dc1225bc6c4df3,2,AI+PONS,-12.53,,-12.71,0.17,,,False,False,,
0x0620912f23c04595e19777067adcb5c6e9723073,2,AI+PONS,-13.46,,17.23,-30.69,,,False,False,,
0x3839e43d8af7b8520866f706b51c51d2afcd3e6e,2,AI+PONS,-18.13,,13.3,-31.42,,,False,False,,pons-s006 ai-s005
0x78eec63e46821810ab358c89427a660c0bc2e5eb,2,AI+PONS,-19.5,,-22.2,2.7,,,False,False,,
0x1a5861a1d957e24eafb5d28111e593bd118f06c5,2,AI+PONS,-25.99,,0,-25.99,,,True,False,,
0x302db72d3cec4d92ea674bc18860ddd5b20c7ff0,2,AI+PONS,-27.98,,-28.51,0.52,,,False,False,,
0x6c9a8ad104aee8f36fd23ac3a3a6fbe713e162b0,2,AI+PONS,-37.85,,-37.57,-0.28,,,False,False,,
0xb25dea276146dcbe81baf0ec3911720c0355ae20,2,AI+PONS,-38.62,,-38.79,0.17,,,False,False,,
0x81b98a0e207726584ce1ac687fcae6059b35ebcf,2,AI+PONS,-41.5,,0,-41.5,,,True,False,,
0x04bf1a0067e63e27f8ec6f7c4e4f6260107a328a,2,PONS+QUANT,-46.11,,-46.11,,0,,False,,False,pons-s016
0xe0eba8ffb914168d6f42e21ef02bbd988b074d3f,2,AI+PONS,-60.42,,17.09,-77.51,,,False,False,,
0xa667a51bdcb32dabc8a9396a4523b5fef314ebe7,3,AI+PONS+QUANT,-64.57,,-64.57,0,0,,True,False,False,
0x00f4870732a65a3294687072ad2f335b76f6742a,2,AI+PONS,-90.57,,97.24,-187.81,,,False,False,,
0x8a2886c265e512c5c24d81b06495b98d4338010c,2,AI+PONS,-95.45,,-30.45,-65.0,,,False,False,,
0x2351a49212fcdbc837403e9f8975faee513639a9,2,AI+PONS,-109.38,,27.96,-137.34,,,False,False,,
0xeb30137dfb72bb02f268adea9bbad26ad6e088bd,2,AI+QUANT,-120.82,,,-53.43,-67.39,,,False,False,
0x1bf9e891f0970101913248fbe21b75595933b145,2,NTF+QUANT,-121.08,0.46,,,-121.55,False,,,False,
0xa5e8bb8151fc04909c9c893ed9810ab5d9632125,2,AI+PONS,-165.5,,-41.08,-124.42,,,False,False,,pons-s005 pons-s012 pons-s013 pons-s023 pons-s024 pons-s032 pons-s033 ai-s001 ai-s010 ai-s018 ai-s023 ai-s027 ai-s029 ai-s030 ai-s031
0x6d3a4313d2b8c93fef5a6d4c6667a05cd754735d,2,AI+PONS,-166.33,,-132.73,-33.6,,,False,False,,
0xa6c629171126405c55211c383d9c7fa8aff4c857,2,NTF+QUANT,-171.67,-31.8,,,-139.87,False,,,False,
0xbc43efe19209bc393206e68612af757e2071b490,2,AI+QUANT,-173.94,,,3.35,-177.29,,,False,False,
0xf9c1b398cc1cc245509f0e36d513c9d984ba5527,3,AI+PONS+QUANT,-295.84,,-94.91,0,-200.93,,False,False,False,
0x22669afc9c5c2149768c236cd10a8ab47f2774f3,2,AI+PONS,-415.76,,196.27,-612.03,,,True,False,,
0x091adfb526415e4bbac8791109257077a562ee70,2,AI+PONS,-439.43,,-344.47,-94.96,,,False,False,,
0x6fd16e584158e55ee2a79606452f08248fa5a71a,2,AI+PONS,-447.23,,76.41,-523.63,,,False,False,,pons-s018 pons-s025 ai-s031
0x452cdd15dd672bb5fa38765b7bd1e8e8bb5e9588,2,AI+PONS,-489.38,,-488.1,-1.28,,,True,False,,
0x32822232817e8e5a95c49c2bc66b9e16a60b01a0,2,AI+PONS,-506.06,,-387.43,-118.63,,,False,False,,
0x229d68144de5d59d31e8034da4320012d6142986,2,AI+PONS,-522.38,,0,-522.38,,,False,False,,ai-s002
0x904a5d05d72a0575c6a60f7de7566abc2ac331e2,2,PONS+QUANT,-709.19,,-709.19,,0,,True,,False,
0x03e6fefbf49d31b5acece6182d48ffba542b9010,2,AI+PONS,-1185.99,,0,-1185.99,,,False,False,,ai-s003 ai-s021
0x212ebf0471b2ce850f5e65c2cca0f2a5485a2121,2,AI+PONS,-2058.9,,-2689.02,630.12,,,False,False,,
