token,chain,wallet,tag,updated_at
ODYSSEUS,robinhood,0x0582a5c1f4cb950150ed3765d5b1150b6f92900f,overlap-test,2026-09-02T03:04:39.037Z
MOS,solana,FtKw6WPGjAPveaw5GpoodSoPdqUBa1nCXV3TsSwwx8TG,MOS-P1,2026-09-03T03:40:11.555Z
MOS,solana,3yBsTBbPGeitdLCnJekGKXYZptcswEA6RugHxi2EgVMm,MOS-P1,2026-09-03T03:40:11.555Z
MOS,solana,ESvCyAdqamnMurn1mmSQ8vui3Hshn2sZApmXxYfGm9b9,MOS-P1,2026-09-03T03:40:11.555Z
MOS,solana,FYzyrnTaZeFnRn8yjSYkYBYESY7vPJWhFctgoES3rvRy,MOS-P1,2026-09-03T03:40:11.555Z
MOS,solana,6SHqkzJfZYiNqmz4xDiwndEAqbubuAVt44LwJ9GF3obS,MOS-P1,2026-09-03T03:40:11.555Z
MOS,solana,HbPEA8hC6QnuxEfcQhfepY3s5akxuKMGa2T97WZVWB4a,MOS-P1,2026-09-03T03:40:11.555Z
MOS,solana,FfztZq1outrYfyYbKw5P4LGo4xUc4XYEdf7o91UdS7qu,MOS-P1,2026-09-03T03:40:11.555Z
MOS,solana,qGenC543dgSmAaRVTfatSccn6o5yZ3MGNs2wv1THvS7,MOS-P1,2026-09-03T03:40:11.555Z
MOS,solana,CWFMy5cJGsyi5R7ZBzUeuYiuZ1gEMoLgG6V8vUftLj7Y,MOS-P1,2026-09-03T03:40:11.555Z
MOS,solana,92zab17cU52UWnpeHzLwMshZUHKSQsJ3YMuLEHwckZZS,MOS-P1,2026-09-03T03:40:11.555Z
MOS,solana,Gxir4qAwqMh96gUskLkAct3fmWpdDDuwFHfwThPLofoV,MOS-P1,2026-09-03T03:40:11.555Z
MOS,solana,3xEdkW1jevAXB2QGwXBFTrkbmSgBy4FeBz36N6e1WTvc,MOS-P1,2026-09-03T03:40:11.555Z
MOS,solana,3fMZKJzUX9vayZWH4FxA8L6LnqrQ2pdpGj5RsXJqywtb,MOS-P1,2026-09-03T03:40:11.555Z
MOS,solana,2h7Ns9w2grSeQ9mE9WggJZvxMKKLNADJrKTSLucrbmzB,MOS-P1,2026-09-03T03:40:11.555Z
MOS,solana,D8brJFMAFYY4DbVASosVo9DZgfPVPrvQRFLm8MQm8Gkx,MOS-P1,2026-09-03T03:40:11.555Z
MOS,solana,8Ygy3ZakmaK6mHaLTPSWXbheZcyiZihwVJXHqMBLo5Tj,MOS-P1,2026-09-03T03:40:11.555Z
MOS,solana,DytQyNJjG1xVtvTKkKbPcU9UQMMgf4WAbigu332SzE1P,MOS-P1,2026-09-03T03:40:11.555Z
MOS,solana,GQPKoh3ETodH3nav7oCQnZnqVnmMcLZgxqYZBJ2svHpu,MOS-P1,2026-09-03T03:40:11.555Z
MOS,solana,439w8KCqtn2orKQiEa147iRKtQT6wcgUTQ5uJX233Bz3,MOS-P1,2026-09-03T03:40:11.555Z
MOS,solana,45nB1T8zrZzoj941LkQfCVj1gboasEfz6YzyA5D1jWHJ,MOS-P1,2026-09-03T03:40:11.555Z
MOS,solana,36Fo1XJu1x4YZfdwekkC133sgCZMRLCj44raPmgfnrBp,MOS-P1,2026-09-03T03:40:11.555Z
MOS,solana,9M3MWgLaiyPmE6PrW3xrT8cT2anmenmuGMQmWsr8FSQ5,MOS-P1,2026-09-03T03:40:11.555Z
MOS,solana,4nFMqrDPrHTe6iFwxmGQpPqEFJmEXpv59RSymoT4QAHw,MOS-P1,2026-09-03T03:40:11.555Z
MOS,solana,3HLDZ3YLSrai8QiuB2ocs53VXY57BV98yxdxMaNN4fCV,MOS-P1,2026-09-03T03:40:11.555Z
MOS,solana,GwoA6bG9LMuakc3qffVDwr3XQuWJjK2stPrWvqvBqw8d,MOS-P1,2026-09-03T03:40:11.555Z
MOS,solana,99V2NmAUPodwgB3gXBFJxY9Ne5k9UePYGP9GAPjf7b6L,MOS-P1,2026-09-03T03:40:11.555Z
MOS,solana,CEMcSnWdwAENhjismbQjHVJ8YeJ1RWCuq3KQUhBvY9z7,MOS-P1,2026-09-03T03:40:11.555Z
MOS,solana,3mMCYYQMgXaZ72QyucEMuJ1abxyg1J1DkzcEeC7N85W3,MOS-P1,2026-09-03T03:40:11.555Z
MOS,solana,9cgUCutqFPWp8rGxagvowKQ29tdpcffcvraHP1QXjEQg,MOS-P1,2026-09-03T03:40:11.555Z
MOS,solana,HTTFsaRdAw9fPGDDcMgA6F6WLKAaK382T6FWN8E6Ktjj,MOS-P1,2026-09-03T03:40:11.555Z
MOS,solana,FFtUfxbhwNraSHPgE9Kh9tjKbYY64tdnjPcUuVko7zbu,MOS-P1,2026-09-03T03:40:11.555Z
MOS,solana,HZ5wKnAmRJsnXLLFn1dwnVRRc6g4G2YwgytdAhY8yP94,MOS-P1,2026-09-03T03:40:11.555Z
MOS,solana,FmQgaovp2wukAwZe1dKEVVvpvc61ioVzNexynmri4v8d,MOS-P1,2026-09-03T03:40:11.555Z
MOS,solana,G8wZjfZu1YDUWGXHz3bpWmHcA7weB6XREnpsYXGJWgfh,MOS-P1,2026-09-03T03:40:11.555Z
MOS,solana,7nU7haiJkQ8LegLqFahg4sz1TBdcPgWHQFaUDrnhvez8,MOS-P1,2026-09-03T03:40:11.555Z
MOS,solana,2zyyDUHvuaef7T2cJrD3HtnRHdfxFbrQELPF8VVu88s9,MOS-P1,2026-09-03T03:40:11.555Z
MOS,solana,GihGXs77CL9cAHv16W6inYXVV5ZmEobBzX5u7su1n7ui,MOS-P1,2026-09-03T03:40:11.555Z
MOS,solana,6L9iXPXZwUsCq3kyqRULrPY3hEJNTHd62M2gCuydFnoX,MOS-P1,2026-09-03T03:40:11.555Z
MOS,solana,7DckwVxBq489kyXHr4HcQjVnrW2ECLxzTN1YeKohWidG,MOS-P1,2026-09-03T03:40:11.555Z
MOS,solana,4drEkXDZhjun3vjZmz1g7pQGM7kxANQbDuD9jtPZwzJZ,MOS-P1,2026-09-03T03:40:11.555Z
MOS,solana,TvzsFTDUyDoNFDKBpEv6NWRt9Fo1w4g4Ed6BTsaSCHw,MOS-P1,2026-09-03T03:40:11.555Z
MOS,solana,GdBHixe78VmVaxsGcqtXv8ujzk5G4YZZZUTzS63Q3e8v,MOS-P1,2026-09-03T03:40:11.555Z
MOS,solana,62ovA8SEVSRvPTgUg4pJHHh2RndELuzso4SeQp3v5ww1,MOS-P1,2026-09-03T03:40:11.555Z
MOS,solana,5ZFyb7x4CS1Sq9TcCeWoEtoVoLpepfB56LyxHYoHCJqk,MOS-P1,2026-09-03T03:40:11.555Z
MOS,solana,639NHLf3BfjEiSJLWPS8HRm7JCxCk2TMoH8eMC4e6e5j,MOS-P1,2026-09-03T03:40:11.555Z
MOS,solana,DzmUGefjBDHEhMQZumgaLyfsbUKB28Gaoa2DTT6ucsA9,MOS-P1,2026-09-03T03:40:11.555Z
MOS,solana,9ABCPb1YwRSv5d543skgg1nGTgWN5u1jcVBVDy81vNcB,MOS-P1,2026-09-03T03:40:11.555Z
MOS,solana,5RLo69PXBNAnjomqbqPU6v5J5gZRqXL158EnqmAjr1M2,MOS-P1,2026-09-03T03:40:11.555Z
MOS,solana,9wzopihfGZW4SZdScJbE1i4rpoUEnjSqpFzDK1tgqwKE,MOS-P1,2026-09-03T03:40:11.555Z
MOS,solana,53UteRVWQsxMuLy31Wjr1B8Scim96wxGrQVZiWpRjwPf,MOS-P1,2026-09-03T03:40:11.555Z
MOS,solana,3KB7Zu5Xv57B5KdRoSeuia2TpsBN6X9PnjTeJGjbdqN3,MOS-P1,2026-09-03T03:40:11.555Z
MOS,solana,F19M3XwgC1xYAszBkPdxrsepQTtTPT54szHDDJj4h4mA,MOS-P1,2026-09-03T03:40:11.555Z
MOS,solana,J71sa4fohibzudkSBQa4FrdDprGxSFpEVQkJXuyXSUrW,MOS-P1,2026-09-03T03:40:11.555Z
MOS,solana,DsraXwCn4YiN2Vcwmt1CkcnrZoDVV1AebcwE4ueKqC3q,MOS-P1,2026-09-03T03:40:11.555Z
MOS,solana,Ey1e46JAD8QQsNF9ZYqmuYwDvk1hTAsdZk6Mda79h71y,MOS-P1,2026-09-03T03:40:11.555Z
MOS,solana,93NBQEbDxVusCPywGtzGnb4Sv6FQ3TELbGXcZ8XPpBwR,MOS-P1,2026-09-03T03:40:11.555Z
MOS,solana,TTJCJT7A9hoWQVeBpr4XVuq8x64FSXY9THMeZ4cobNP,MOS-P1,2026-09-03T03:40:11.555Z
MOS,solana,ZiE555y27YNn4QJeGxEyKJeiSuSQ66ccCAJC4jtS3JT,MOS-P1,2026-09-03T03:40:11.555Z
MOS,solana,HSX1mk6sEXBreZpPDhMEd1XLjMjckoszN1v3MTtDyR4n,MOS-P1,2026-09-03T03:40:11.555Z
MOS,solana,GxHecu34mLeLvMe3DFbexGxubnhfkqSXtMrGgKNRrGYb,MOS-P1,2026-09-03T03:40:11.555Z
MOS,solana,5cLeWZAnkDTyPwyv61MGCd3jaJnc2pw9iapmXBcHbiL5,MOS-P1,2026-09-03T03:40:11.555Z
MOS,solana,H2TrCkRd5KkwYDrAVsLC5iw8hof9LGccXritgsWxUXXj,MOS-P1,2026-09-03T03:40:11.555Z
MOS,solana,5Ta3M5kfkzC6jQwcCqJGt7L4NaxZiUEaftBteLpsRNfD,MOS-P1,2026-09-03T03:40:11.555Z
MOS,solana,8JUrHGNcn3Uty3CNhPrYDjxeKLHBZnAqM1Wi5EjWF7Xr,MOS-P1,2026-09-03T03:40:11.555Z
MOS,solana,3YYLbNz7M1uqZxwkTcn5Yr5QoZDrDYEjRcXAQM8sQ5LW,MOS-P1,2026-09-03T03:40:11.555Z
MOS,solana,EWiahpS57vA42mt54S9dNsB3F9AmdJncxx83soe3wSpR,MOS-P1,2026-09-03T03:40:11.555Z
MOS,solana,6fKBW9ivUQQE68miHezzc7hRB4LTTT8ggGRXkHmEHdh4,MOS-P1,2026-09-03T03:40:11.555Z
MOS,solana,7K5Rp8WcegkMGfarxfTntjVkhYgHk37XYwD4REnkBMK8,MOS-P1,2026-09-03T03:40:11.555Z
MOS,solana,7jtEzKiNNjXYig9dBkk1vnczLpVgCqRS4544ShbqraHx,MOS-P1,2026-09-03T03:40:11.555Z
MOS,solana,4tN6D1yVuoXYgTP7BRbjsMMd3q1TfpEk73Nwi8zfVsWw,MOS-P1,2026-09-03T03:40:11.555Z
MOS,solana,BnVvh5Fz2MRTWfBMipHUyhWmxRH7UCArYoyN1ouWTjyt,MOS-P1,2026-09-03T03:40:11.555Z
MOS,solana,Ckj8hzKShjYFe9yPHSYxwA7X3fo3n8MRZHaojaPeX88T,MOS-P1,2026-09-03T03:40:11.555Z
MOS,solana,FDcDmPXSto6uQuWUThb7doKbBEwKEH4vfBRpotyYdwXk,MOS-P1,2026-09-03T03:40:11.555Z
MOS,solana,9Zqe4vHW9mpjMD6CeC8VHGwACvp4NmBghtL5eW5VhG74,MOS-P1,2026-09-03T03:40:11.555Z
